cluster	genes	intron	chr	istart	iend	strand	WT	Q157R	deltapsi_Q157R_minus_WT	p.adjust
chr4:clu_8935_-	Mpl	chr4:118314051:118314305:clu_8935_-	chr4	118314052	118314304	-	0.464923077445207	0.416146837472006	-0.0487762399732011	3.1727996708274495e-11
chr4:clu_8935_-	Mpl	chr4:118312960:118313873:clu_8935_-	chr4	118312961	118313872	-	0.108516138980572	0.0623583429994983	-0.046157795981074	3.1727996708274495e-11
chr4:clu_8935_-	Mpl	chr4:118314142:118314305:clu_8935_-	chr4	118314143	118314304	-	0.0053194959153451	0.0445401511684963	0.0392206552531512	3.1727996708274495e-11
chr4:clu_8935_-	Mpl	chr4:118313140:118313995:clu_8935_-	chr4	118313141	118313994	-	0.00494245180250354	0.0253234539224957	0.0203810021199922	3.1727996708274495e-11
chr4:clu_8935_-	Mpl	chr4:118313140:118313873:clu_8935_-	chr4	118313141	118313872	-	0.387451848385555	0.406133077658465	0.0186812292729095	3.1727996708274495e-11
chr4:clu_8935_-	Mpl	chr4:118314139:118314305:clu_8935_-	chr4	118314140	118314304	-	0.00116855334978833	0.0145038283417946	0.0133352749920063	3.1727996708274495e-11
chr4:clu_8935_-	Mpl	chr4:118313140:118314305:clu_8935_-	chr4	118313141	118314304	-	0.0048878548118936	0.0157041500583864	0.0108162952464929	3.1727996708274495e-11
chr4:clu_8935_-	Mpl	chr4:118314213:118314305:clu_8935_-	chr4	118314214	118314304	-	0.0157946251451535	0.00916342749518977	-0.0066311976499637	3.1727996708274495e-11
chr4:clu_8935_-	Mpl	chr4:118312960:118314305:clu_8935_-	chr4	118312961	118314304	-	0.00699595416398112	0.00612673088366789	-8.6922328031322e-4	3.1727996708274495e-11
chr5:clu_10324_+	Mtf2	chr5:108213831:108228691:clu_10324_+	chr5	108213832	108228690	+	0.193256050208123	0.27423822866714	0.0809821784590178	1.72387453610096e-8
chr5:clu_10324_+	Mtf2	chr5:108213831:108217028:clu_10324_+	chr5	108213832	108217027	+	0.11169924823728	0.0647737178049132	-0.0469255304323671	1.72387453610096e-8
chr5:clu_10324_+	Mtf2	chr5:108217229:108228691:clu_10324_+	chr5	108217230	108228690	+	0.0638636539959249	0.036809871017332	-0.0270537829785928	1.72387453610096e-8
chr5:clu_10324_+	Mtf2	chr5:108229084:108234865:clu_10324_+	chr5	108229085	108234864	+	0.389515989940868	0.415113902104406	0.0255979121635381	1.72387453610096e-8
chr5:clu_10324_+	Mtf2	chr5:108221320:108228691:clu_10324_+	chr5	108221321	108228690	+	0.091410712327085	0.0710100723968119	-0.0204006399302731	1.72387453610096e-8
chr5:clu_10324_+	Mtf2	chr5:108217229:108221173:clu_10324_+	chr5	108217230	108221172	+	0.0324920539271049	0.0216973244121582	-0.0107947295149467	1.72387453610096e-8
chr5:clu_10324_+	Mtf2	chr5:108215438:108217028:clu_10324_+	chr5	108215439	108217027	+	0.0106101266439823	0.00652615247260013	-0.00408397417138222	1.72387453610096e-8
chr5:clu_10324_+	Mtf2	chr5:108229088:108234865:clu_10324_+	chr5	108229089	108234864	+	0.0145021205040194	0.0181395920479997	0.00363747154398033	1.72387453610096e-8
chr5:clu_10324_+	Mtf2	chr5:108213831:108221173:clu_10324_+	chr5	108213832	108221172	+	0.0421719104016815	0.0388899331989779	-0.00328197720270359	1.72387453610096e-8
chr5:clu_10324_+	Mtf2	chr5:108213831:108234865:clu_10324_+	chr5	108213832	108234864	+	0.00163262152413796	0.00379070249259449	0.00215808096845653	1.72387453610096e-8
chr5:clu_10324_+	Mtf2	chr5:108215438:108228691:clu_10324_+	chr5	108215439	108228690	+	0.0024006697473491	0.00448534526540666	0.00208467551805756	1.72387453610096e-8
chr5:clu_10324_+	Mtf2	chr5:108213831:108215326:clu_10324_+	chr5	108213832	108215325	+	0.0143080672371696	0.0123970716688981	-0.00191099556827153	1.72387453610096e-8
chr5:clu_10324_+	Mtf2	chr5:108213831:108226732:clu_10324_+	chr5	108213832	108226731	+	0.00709916680403041	0.00821976541315358	0.00112059860912317	1.72387453610096e-8
chr5:clu_10324_+	Mtf2	chr5:108221320:108226732:clu_10324_+	chr5	108221321	108226731	+	0.0059573861421796	0.00484305951884649	-0.00111432662333311	1.72387453610096e-8
chr5:clu_10324_+	Mtf2	chr5:108217389:108221173:clu_10324_+	chr5	108217390	108221172	+	0.00357396397433386	0.00313112513501976	-4.4283883931409e-4	1.72387453610096e-8
chr5:clu_10324_+	Mtf2	chr5:108226840:108228691:clu_10324_+	chr5	108226841	108228690	+	0.0155062583847302	0.0159341363837409	4.2787799901072e-4	1.72387453610096e-8
chr6:clu_11094_+	Trnt1	chr6:106746964:106750246:clu_11094_+	chr6	106746965	106750245	+	0.960997414386847	0.80464966308307	-0.156347751303777	5.21461256991564e-7
chr6:clu_11094_+	Trnt1	chr6:106747876:106750246:clu_11094_+	chr6	106747877	106750245	+	0.0203616904184416	0.100606660490597	0.0802449700721558	5.21461256991564e-7
chr6:clu_11094_+	Trnt1	chr6:106746964:106747763:clu_11094_+	chr6	106746965	106747762	+	0.0158455864749634	0.0900960667287266	0.0742504802537632	5.21461256991564e-7
chr6:clu_11094_+	Trnt1	chr6:106746964:106747804:clu_11094_+	chr6	106746965	106747803	+	0.00279530871974825	0.00464760969760617	0.00185230097785791	5.21461256991564e-7
chr9:clu_13743_-	U2surp	chr9:95377986:95384593:clu_13743_-	chr9	95377987	95384592	-	0.0636383070100238	0.118386848172738	0.0547485411627142	8.68085407371013e-6
chr9:clu_13743_-	U2surp	chr9:95382872:95384593:clu_13743_-	chr9	95382873	95384592	-	0.288032334811071	0.250480572968297	-0.037551761842774	8.68085407371013e-6
chr9:clu_13743_-	U2surp	chr9:95377986:95382741:clu_13743_-	chr9	95377987	95382740	-	0.28979465627628	0.252729876112703	-0.0370647801635764	8.68085407371013e-6
chr9:clu_13743_-	U2surp	chr9:95384637:95393870:clu_13743_-	chr9	95384638	95393869	-	0.354823628573645	0.371539097585574	0.0167154690119287	8.68085407371013e-6
chr9:clu_13743_-	U2surp	chr9:95377986:95393870:clu_13743_-	chr9	95377987	95393869	-	0.00256300654555978	0.0057028148474411	0.00313980830188132	8.68085407371013e-6
chr9:clu_13743_-	U2surp	chr9:95382850:95384593:clu_13743_-	chr9	95382851	95384592	-	0.00114806678342113	0.0011607903132475	1.27235298263719e-5	8.68085407371013e-6
chr2:clu_7075_+	Gorasp2	chr2:70492104:70506809:clu_7075_+	chr2	70492105	70506808	+	0.466142661791437	0.445044122795234	-0.0210985389962028	2.29721481036037e-5
chr2:clu_7075_+	Gorasp2	chr2:70492104:70502909:clu_7075_+	chr2	70492105	70502908	+	0.0207863584718072	0.0351734587002239	0.0143871002284167	2.29721481036037e-5
chr2:clu_7075_+	Gorasp2	chr2:70503105:70506809:clu_7075_+	chr2	70503106	70506808	+	0.0206903997024238	0.034543874176624	0.0138534744742002	2.29721481036037e-5
chr2:clu_7075_+	Gorasp2	chr2:70506889:70508243:clu_7075_+	chr2	70506890	70508242	+	0.491594220836447	0.48375349225811	-0.00784072857833751	2.29721481036037e-5
chr2:clu_7075_+	Gorasp2	chr2:70492104:70508243:clu_7075_+	chr2	70492105	70508242	+	7.8635919788444e-4	0.00148505206980785	6.9869287192339e-4	2.29721481036037e-5
chr3:clu_8193_-	Ubap2l	chr3:89908298:89909586:clu_8193_-	chr3	89908299	89909585	-	0.394407656298689	0.246051552525691	-0.148356103772998	3.47435363156692e-5
chr3:clu_8193_-	Ubap2l	chr3:89909175:89909586:clu_8193_-	chr3	89909176	89909585	-	0.131112375986995	0.230298679546616	0.0991863035596211	3.47435363156692e-5
chr3:clu_8193_-	Ubap2l	chr3:89907560:89909125:clu_8193_-	chr3	89907561	89909124	-	0.0976375297012258	0.170112408864535	0.0724748791633088	3.47435363156692e-5
chr3:clu_8193_-	Ubap2l	chr3:89907560:89909586:clu_8193_-	chr3	89907561	89909585	-	0.339199138112729	0.287665611905741	-0.0515335262069882	3.47435363156692e-5
chr3:clu_8193_-	Ubap2l	chr3:89908298:89909125:clu_8193_-	chr3	89908299	89909124	-	0.0376432999003608	0.0658717471574176	0.0282284472570568	3.47435363156692e-5
chr5:clu_10421_+	Vps29	chr5:122492539:122498076:clu_10421_+	chr5	122492540	122498075	+	0.457082026165088	0.313317184480337	-0.143764841684752	4.50029087878046e-5
chr5:clu_10421_+	Vps29	chr5:122492539:122494857:clu_10421_+	chr5	122492540	122494856	+	0.270272167378985	0.342901976767769	0.0726298093887836	4.50029087878046e-5
chr5:clu_10421_+	Vps29	chr5:122494868:122498076:clu_10421_+	chr5	122494869	122498075	+	0.267459166252153	0.338980735346982	0.071521569094829	4.50029087878046e-5
chr5:clu_10421_+	Vps29	chr5:122492539:122498092:clu_10421_+	chr5	122492540	122498091	+	0.00518664020377371	0.0048001034049127	-3.86536798861e-4	4.50029087878046e-5
chr11:clu_2107_-	Mtmr3	chr11:4435451:4437234:clu_2107_-	chr11	4435452	4437233	-	0.186221969696586	0.277411063922494	0.0911890942259081	5.17133736175197e-5
chr11:clu_2107_-	Mtmr3	chr11:4435451:4435879:clu_2107_-	chr11	4435452	4435878	-	0.206250171553546	0.144536742975836	-0.0617134285777105	5.17133736175197e-5
chr11:clu_2107_-	Mtmr3	chr11:4435989:4437234:clu_2107_-	chr11	4435990	4437233	-	0.198216102176281	0.138689571660178	-0.0595265305161032	5.17133736175197e-5
chr11:clu_2107_-	Mtmr3	chr11:4432939:4435363:clu_2107_-	chr11	4432940	4435362	-	0.405990067636366	0.432080056517324	0.0260899888809585	5.17133736175197e-5
chr11:clu_2107_-	Mtmr3	chr11:4432939:4437234:clu_2107_-	chr11	4432940	4437233	-	0.00332168893722157	0.00728256492416869	0.00396087598694712	5.17133736175197e-5
chr15:clu_4198_+	Zfr	chr15:12118424:12136482:clu_4198_+	chr15	12118425	12136481	+	0.444761491899605	0.398565045192745	-0.04619644670686	8.24546709851542e-5
chr15:clu_4198_+	Zfr	chr15:12135376:12136482:clu_4198_+	chr15	12135377	12136481	+	0.0371064460237412	0.0681285215624933	0.0310220755387521	8.24546709851542e-5
chr15:clu_4198_+	Zfr	chr15:12118424:12135353:clu_4198_+	chr15	12118425	12135352	+	0.0360532513081192	0.0668940264704826	0.0308407751623634	8.24546709851542e-5
chr15:clu_4198_+	Zfr	chr15:12118033:12118325:clu_4198_+	chr15	12118034	12118324	+	0.473087722587532	0.4563334541537	-0.0167542684338323	8.24546709851542e-5
chr15:clu_4198_+	Zfr	chr15:12118156:12118325:clu_4198_+	chr15	12118157	12118324	+	0.00284869471115161	0.0044030388366729	0.00155434412552129	8.24546709851542e-5
chr15:clu_4198_+	Zfr	chr15:12118033:12136482:clu_4198_+	chr15	12118034	12136481	+	0.00614239346985047	0.00567591378390584	-4.6647968594463e-4	8.24546709851542e-5
chr12:clu_2903_+	Zc3h14	chr12:98740578:98749841:clu_2903_+	chr12	98740579	98749840	+	0.0885111244234897	0.125519367519064	0.0370082430955741	1.1704745816117e-4
chr12:clu_2903_+	Zc3h14	chr12:98746539:98749841:clu_2903_+	chr12	98746540	98749840	+	0.28266600035775	0.254958360428412	-0.0277076399293377	1.1704745816117e-4
chr12:clu_2903_+	Zc3h14	chr12:98740578:98745367:clu_2903_+	chr12	98740579	98745366	+	0.26235334137796	0.23722888085348	-0.02512446052448	1.1704745816117e-4
chr12:clu_2903_+	Zc3h14	chr12:98730237:98740504:clu_2903_+	chr12	98730238	98740503	+	0.351618065956033	0.364429005104264	0.0128109391482311	1.1704745816117e-4
chr12:clu_2903_+	Zc3h14	chr12:98730237:98749841:clu_2903_+	chr12	98730238	98749840	+	0.00997784104148418	0.0133818396742597	0.00340399863277548	1.1704745816117e-4
chr12:clu_2903_+	Zc3h14	chr12:98730237:98745367:clu_2903_+	chr12	98730238	98745366	+	0.00487362684328453	0.00448254642052141	-3.9108042276312e-4	1.1704745816117e-4
chr6:clu_10682_-	Hnrnpa2b1	chr6:51444275:51446651:clu_10682_-	chr6	51444276	51446650	-	0.724693437429522	0.780613147631629	0.0559197102021071	1.3779490017558e-4
chr6:clu_10682_-	Hnrnpa2b1	chr6:51444406:51446651:clu_10682_-	chr6	51444407	51446650	-	0.137094905840095	0.108988160854036	-0.028106744986059	1.3779490017558e-4
chr6:clu_10682_-	Hnrnpa2b1	chr6:51444275:51444371:clu_10682_-	chr6	51444276	51444370	-	0.138211656730383	0.110398691514335	-0.0278129652160481	1.3779490017558e-4
chr1:clu_731_+	Cenpl	chr1:160902500:160905799:clu_731_+	chr1	160902501	160905798	+	0.728265475589111	0.848500774857527	0.120235299268416	1.5513062064932e-4
chr1:clu_731_+	Cenpl	chr1:160902500:160905899:clu_731_+	chr1	160902501	160905898	+	0.225065850158517	0.114478658825708	-0.110587191332809	1.5513062064932e-4
chr17:clu_5710_+	Ndufv3	chr17:31740666:31750084:clu_5710_+	chr17	31740667	31750083	+	0.0419000068006761	0.144096932726728	0.102196925926051	1.5513062064932e-4
chr17:clu_5710_+	Ndufv3	chr17:31747375:31750084:clu_5710_+	chr17	31747376	31750083	+	0.483238533310731	0.423586679941946	-0.0596518533687856	1.5513062064932e-4
chr17:clu_5710_+	Ndufv3	chr17:31740666:31746284:clu_5710_+	chr17	31740667	31746283	+	0.456532200135889	0.400338217667872	-0.0561939824680172	1.5513062064932e-4
chr17:clu_5710_+	Ndufv3	chr17:31740666:31745776:clu_5710_+	chr17	31740667	31745775	+	0.018329259752704	0.0319781696634551	0.0136489099107511	1.5513062064932e-4
chr1:clu_731_+	Cenpl	chr1:160902500:160905909:clu_731_+	chr1	160902501	160905908	+	0.0143898765495868	0.00377051040120157	-0.0106193661483853	1.5513062064932e-4
chr1:clu_731_+	Cenpl	chr1:160902500:160905803:clu_731_+	chr1	160902501	160905802	+	0.0128449924689928	0.022709294492366	0.00986430202337319	1.5513062064932e-4
chr1:clu_731_+	Cenpl	chr1:160902500:160905940:clu_731_+	chr1	160902501	160905939	+	0.0194338052337919	0.010540761423197	-0.00889304381059494	1.5513062064932e-4
chr4:clu_9455_+	Gm68734	chr4:133887309:133890789:clu_9455_+	chr4	133887310	133890788	+	0.660676950919348	0.728721636299006	0.0680446853796584	1.8894353407127e-4
chr4:clu_9455_+	Gm68734	chr4:133888707:133890789:clu_9455_+	chr4	133888708	133890788	+	0.142736449766272	0.122464899051295	-0.0202715507149778	1.8894353407127e-4
chr4:clu_9455_+	Gm68734	chr4:133887309:133888213:clu_9455_+	chr4	133887310	133888212	+	0.0658850115037241	0.0464995814203557	-0.0193854300833684	1.8894353407127e-4
chr4:clu_9455_+	Gm68734	chr4:133888292:133888474:clu_9455_+	chr4	133888293	133888473	+	0.0296795666355807	0.0146660756437782	-0.0150134909918026	1.8894353407127e-4
chr4:clu_9455_+	Gm68734	chr4:133888479:133890789:clu_9455_+	chr4	133888480	133890788	+	0.0252733570529038	0.0187755262657038	-0.00649783078720006	1.8894353407127e-4
chr4:clu_9455_+	Gm68734	chr4:133887309:133888474:clu_9455_+	chr4	133887310	133888473	+	0.0431276161055942	0.0384747004912374	-0.00465291561435682	1.8894353407127e-4
chr4:clu_9455_+	Gm68734	chr4:133888707:133889387:clu_9455_+	chr4	133888708	133889386	+	0.003168675261805	0.00172245507749109	-0.00144622018431391	1.8894353407127e-4
chr4:clu_9455_+	Gm68734	chr4:133887309:133887780:clu_9455_+	chr4	133887310	133887779	+	0.0025023136036302	0.00135582908347312	-0.00114648452015708	1.8894353407127e-4
chr4:clu_9455_+	Gm68734	chr4:133890484:133890789:clu_9455_+	chr4	133890485	133890788	+	0.0106973897496942	0.00956502525598734	-0.00113236449370683	1.8894353407127e-4
chr4:clu_9455_+	Gm68734	chr4:133887912:133888213:clu_9455_+	chr4	133887913	133888212	+	0.00251701061689937	0.00153329405006243	-9.8371656683694e-4	1.8894353407127e-4
chr4:clu_9455_+	Gm68734	chr4:133887309:133890800:clu_9455_+	chr4	133887310	133890799	+	0.0044006400976812	0.00524178382454949	8.4114372686829e-4	1.8894353407127e-4
chr4:clu_9455_+	Gm68734	chr4:133887309:133890775:clu_9455_+	chr4	133887310	133890774	+	0.00446242639865389	0.00523217740377764	7.6975100512374e-4	1.8894353407127e-4
chr4:clu_9455_+	Gm68734	chr4:133888707:133890800:clu_9455_+	chr4	133888708	133890799	+	0.00281751487115625	0.00337498913888817	5.5747426773192e-4	1.8894353407127e-4
chr4:clu_9455_+	Gm68734	chr4:133889618:133890789:clu_9455_+	chr4	133889619	133890788	+	0.00205507741705702	0.00237202699439507	3.1694957733805e-4	1.8894353407127e-4
chr17:clu_5529_-	Mcfd2	chr17:87565517:87573263:clu_5529_-	chr17	87565518	87573262	-	0.433429417579437	0.380398992175202	-0.053030425404235	1.9171281358776e-4
chr17:clu_5529_-	Mcfd2	chr17:87565517:87566178:clu_5529_-	chr17	87565518	87566177	-	0.194897475290766	0.240202170359175	0.0453046950684098	1.9171281358776e-4
chr17:clu_5529_-	Mcfd2	chr17:87566309:87573263:clu_5529_-	chr17	87566310	87573262	-	0.131439687201267	0.168751867804258	0.0373121806029913	1.9171281358776e-4
chr17:clu_5529_-	Mcfd2	chr17:87565517:87571569:clu_5529_-	chr17	87565518	87571568	-	0.0509599009158557	0.0379980807292238	-0.012961820186632	1.9171281358776e-4
chr17:clu_5529_-	Mcfd2	chr17:87571793:87573263:clu_5529_-	chr17	87571794	87573262	-	0.0580884677247374	0.0469029751513888	-0.0111854925733486	1.9171281358776e-4
chr17:clu_5529_-	Mcfd2	chr17:87565517:87573220:clu_5529_-	chr17	87565518	87573219	-	0.0531007409733586	0.0447502562825408	-0.00835048469081782	1.9171281358776e-4
chr17:clu_5529_-	Mcfd2	chr17:87566309:87571569:clu_5529_-	chr17	87566310	87571568	-	0.0212418809504546	0.0286203217379777	0.00737844078752309	1.9171281358776e-4
chr17:clu_5529_-	Mcfd2	chr17:87566309:87569780:clu_5529_-	chr17	87566310	87569779	-	0.00665381340129481	0.00374105264227713	-0.00291276075901769	1.9171281358776e-4
chr17:clu_5529_-	Mcfd2	chr17:87569876:87573263:clu_5529_-	chr17	87569877	87573262	-	0.00596783348997291	0.00336183125452226	-0.00260600223545065	1.9171281358776e-4
chr17:clu_5529_-	Mcfd2	chr17:87566309:87573220:clu_5529_-	chr17	87566310	87573219	-	0.0275463821496853	0.0293042806035543	0.00175789845386895	1.9171281358776e-4
chr17:clu_5529_-	Mcfd2	chr17:87565517:87569780:clu_5529_-	chr17	87565518	87569779	-	0.00385043181394166	0.00210291808409887	-0.00174751372984279	1.9171281358776e-4
chr17:clu_5529_-	Mcfd2	chr17:87571793:87573220:clu_5529_-	chr17	87571794	87573219	-	0.0128239685092299	0.0138652531757812	0.00104128466655127	1.9171281358776e-4
chr16:clu_5005_+	Nde1	chr16:13993303:14001340:clu_5005_+	chr16	13993304	14001339	+	0.496514942831848	0.487202087418217	-0.00931285541363053	2.1444216080441e-4
chr16:clu_5005_+	Nde1	chr16:13995316:14001340:clu_5005_+	chr16	13995317	14001339	+	0.00349250723867816	0.0122011310000232	0.00870862376134503	2.1444216080441e-4
chr16:clu_5005_+	Nde1	chr16:13993303:13995202:clu_5005_+	chr16	13993304	13995201	+	0.00350838209515014	0.0116596025548237	0.00815122045967352	2.1444216080441e-4
chr16:clu_5005_+	Nde1	chr16:13988355:13993155:clu_5005_+	chr16	13988356	13993154	+	0.48912352776183	0.482693959228917	-0.00642956853291327	2.1444216080441e-4
chr16:clu_5005_+	Nde1	chr16:13988355:14001340:clu_5005_+	chr16	13988356	14001339	+	0.00611776757094676	0.00237415353831795	-0.00374361403262881	2.1444216080441e-4
chr16:clu_5005_+	Nde1	chr16:13992962:13993155:clu_5005_+	chr16	13992963	13993154	+	0.00124287250154682	0.003869066259701	0.00262619375815418	2.1444216080441e-4
chrX:clu_14168_-	Pdk3	chrX:92857674:92875453:clu_14168_-	chrX	92857675	92875452	-	0.989550103127938	0.958327571292815	-0.0312225318351228	2.2426822921614e-4
chrX:clu_14168_-	Pdk3	chrX:92857674:92870160:clu_14168_-	chrX	92857675	92870159	-	0.0027472352123151	0.0148864879127729	0.0121392527004578	2.2426822921614e-4
chrX:clu_14168_-	Pdk3	chrX:92870481:92870676:clu_14168_-	chrX	92870482	92870675	-	0.00260843838569127	0.00947737325570979	0.00686893487001853	2.2426822921614e-4
chrX:clu_14168_-	Pdk3	chrX:92870722:92875453:clu_14168_-	chrX	92870723	92875452	-	0.00168673429026516	0.00836321067760092	0.00667647638733577	2.2426822921614e-4
chrX:clu_14168_-	Pdk3	chrX:92870481:92875453:clu_14168_-	chrX	92870482	92875452	-	0.00340748898379097	0.0089453568611015891	0.00553786787731062	2.2426822921614e-4
chr11:clu_2394_-	Crlf3	chr11:79938563:79947278:clu_2394_-	chr11	79938564	79947277	-	0.0412684405836085	0.112623487370069	0.071355046786461	2.3042345095004e-4
chr11:clu_2394_-	Crlf3	chr11:79938563:79939418:clu_2394_-	chr11	79938564	79939417	-	0.484785642205461	0.448707837861873	-0.0360778043435881	2.3042345095004e-4
chr11:clu_2394_-	Crlf3	chr11:79939530:79947278:clu_2394_-	chr11	79939531	79947277	-	0.47394591721093	0.438668674768057	-0.0352772424428728	2.3042345095004e-4
chr8:clu_12930_+	Adgrg3	chr8:95760121:95761578:clu_12930_+	chr8	95760122	95761577	+	0.25221210657073	0.222938154399512	-0.029273952171218202	2.3042345095004e-4
chr8:clu_12930_+	Adgrg3	chr8:95761724:95762438:clu_12930_+	chr8	95761725	95762437	+	0.274326061384392	0.248042854841871	-0.0262832065425212	2.3042345095004e-4
chr8:clu_12930_+	Adgrg3	chr8:95760121:95762438:clu_12930_+	chr8	95760122	95762437	+	0.0376133936356953	0.0636411676107106	0.0260277739750153	2.3042345095004e-4
chr8:clu_12930_+	Adgrg3	chr8:95762956:95763069:clu_12930_+	chr8	95762957	95763068	+	0.0747340276853554	0.0891753574648094	0.014441329779454	2.3042345095004e-4
chr8:clu_12930_+	Adgrg3	chr8:95762572:95762835:clu_12930_+	chr8	95762573	95762834	+	0.0678992742014025	0.0795891838714828	0.0116899096700803	2.3042345095004e-4
chr8:clu_12930_+	Adgrg3	chr8:95762572:95763069:clu_12930_+	chr8	95762573	95763068	+	0.282185989949788	0.28332926915092	0.00114327920113128	2.3042345095004e-4
chr8:clu_12930_+	Adgrg3	chr8:95760121:95763069:clu_12930_+	chr8	95760122	95763068	+	0.00227052057521019	0.00341253408492768	0.00114201350971748	2.3042345095004e-4
chr8:clu_12930_+	Adgrg3	chr8:95760121:95762835:clu_12930_+	chr8	95760122	95762834	+	0.00160804385278453	0.00229829305563979	6.9024920285526e-4	2.3042345095004e-4
chr8:clu_12930_+	Adgrg3	chr8:95761724:95763069:clu_12930_+	chr8	95761725	95763068	+	0.00214163386486523	0.00249321832694374	3.5158446207851e-4	2.3042345095004e-4
chr8:clu_12930_+	Adgrg3	chr8:95761170:95761578:clu_12930_+	chr8	95761171	95761577	+	0.00190498410351834	0.0020346643286137402	1.296802250954e-4	2.3042345095004e-4
chr8:clu_12930_+	Adgrg3	chr8:95760121:95761152:clu_12930_+	chr8	95760122	95761151	+	0.00310396417625784	0.00304530286456951	-5.86613116883329e-5	2.3042345095004e-4
chr1:clu_836_+	Cd34	chr1:194641538:194642088:clu_836_+	chr1	194641539	194642087	+	0.418989249461134	0.178373252491912	-0.240615996969222	2.4509924528066e-4
chr1:clu_836_+	Cd34	chr1:194641538:194642244:clu_836_+	chr1	194641539	194642243	+	0.581010750538866	0.821626747508088	0.240615996969222	2.4509924528066e-4
chr17:clu_5677_+	Rab44	chr17:29355336:29356953:clu_5677_+	chr17	29355337	29356952	+	0.242293892816012	0.231001969303841	-0.0112919235121716	2.9570954457205e-4
chr17:clu_5677_+	Rab44	chr17:29354879:29356953:clu_5677_+	chr17	29354880	29356952	+	0.00566296672454254	0.0146319658623553	0.00896899913781279	2.9570954457205e-4
chr17:clu_5677_+	Rab44	chr17:29354879:29355241:clu_5677_+	chr17	29354880	29355240	+	0.156684712144421	0.162994943400145	0.00631023125572344	2.9570954457205e-4
chr17:clu_5677_+	Rab44	chr17:29355165:29355241:clu_5677_+	chr17	29355166	29355240	+	0.00965679092712151	0.00373172877018805	-0.00592506215693346	2.9570954457205e-4
chr17:clu_5677_+	Rab44	chr17:29354879:29355074:clu_5677_+	chr17	29354880	29355073	+	0.00867999697999183	0.00335588381880098	-0.00532411316119085	2.9570954457205e-4
chr17:clu_5677_+	Rab44	chr17:29340034:29356953:clu_5677_+	chr17	29340035	29356952	+	0.00205028665533554	0.00496212320239891	0.00291183654706338	2.9570954457205e-4
chr17:clu_5677_+	Rab44	chr17:29333209:29339816:clu_5677_+	chr17	29333210	29339815	+	0.160334985715143	0.162666407045283	0.00233142133014025	2.9570954457205e-4
chr17:clu_5677_+	Rab44	chr17:29350546:29352612:clu_5677_+	chr17	29350547	29352611	+	0.188671924956697	0.190141871103487	0.00146994614678955	2.9570954457205e-4
chr17:clu_5677_+	Rab44	chr17:29340034:29350438:clu_5677_+	chr17	29340035	29350437	+	0.179453787323243	0.180624798360772	0.0011710110375292	2.9570954457205e-4
chr17:clu_5677_+	Rab44	chr17:29340034:29352612:clu_5677_+	chr17	29340035	29352611	+	0.0110355190007955	0.0101870361200045	-8.48482880791e-4	2.9570954457205e-4
chr17:clu_5677_+	Rab44	chr17:29333209:29350438:clu_5677_+	chr17	29333210	29350437	+	0.00446534723603313	0.00396246222849408	-5.0288500753904e-4	2.9570954457205e-4
chr17:clu_5677_+	Rab44	chr17:29333209:29334258:clu_5677_+	chr17	29333210	29334257	+	0.00441468578894925	0.00477447717939848	3.5979139044922e-4	2.9570954457205e-4
chr17:clu_5677_+	Rab44	chr17:29333209:29352612:clu_5677_+	chr17	29333210	29352611	+	0.00348372523617505	0.00371250566696906	2.28780430794e-4	2.9570954457205e-4
chr17:clu_5677_+	Rab44	chr17:29333431:29339816:clu_5677_+	chr17	29333432	29339815	+	0.0141656965445214	0.0143150119177943	1.4931537327287e-4	2.9570954457205e-4
chr17:clu_5677_+	Rab44	chr17:29334352:29339816:clu_5677_+	chr17	29334353	29339815	+	0.00894568195101788	0.00893681602006906	-8.86593094882003e-6	2.9570954457205e-4
chr2:clu_6928_+	Surf2	chr2:26807543:26808941:clu_6928_+	chr2	26807544	26808940	+	0.0850913155465339	0.326370235895438	0.241278920348904	3.6578864695056e-4
chr2:clu_6928_+	Surf2	chr2:26807543:26808885:clu_6928_+	chr2	26807544	26808884	+	0.878673171134056	0.644173398930215	-0.234499772203841	3.6578864695056e-4
chr2:clu_6928_+	Surf2	chr2:26807543:26808877:clu_6928_+	chr2	26807544	26808876	+	0.0362355133194106	0.0294563651743471	-0.0067791481450634504	3.6578864695056e-4
chr5:clu_9935_-	Anapc5	chr5:122938695:122940193:clu_9935_-	chr5	122938696	122940192	-	0.635003666829044	0.711080770935107	0.0760771041060626	3.6650060013605e-4
chr5:clu_9935_-	Anapc5	chr5:122938656:122940193:clu_9935_-	chr5	122938657	122940192	-	0.340065197032393	0.267744063701817	-0.072321133330576	3.6650060013605e-4
chr4:clu_9490_+	Hp1bp3	chr4:137944051:137949400:clu_9490_+	chr4	137944052	137949399	+	0.0663819663490096	0.039322566706465	-0.0270593996425446	3.6650060013605e-4
chr4:clu_9490_+	Hp1bp3	chr4:137949034:137949400:clu_9490_+	chr4	137949035	137949399	+	0.453598535943011	0.47401130555494	0.0204127696119282	3.6650060013605e-4
chr4:clu_9490_+	Hp1bp3	chr4:137944605:137949400:clu_9490_+	chr4	137944606	137949399	+	0.034787889168105	0.0174845232277029	-0.0173033659404021	3.6650060013605e-4
chr4:clu_9490_+	Hp1bp3	chr4:137944051:137948837:clu_9490_+	chr4	137944052	137948836	+	0.310174699475194	0.326196217863256	0.0160215183880626	3.6650060013605e-4
chr4:clu_9490_+	Hp1bp3	chr4:137944605:137948837:clu_9490_+	chr4	137944606	137948836	+	0.0877558333780637	0.0928121202405035	0.00505628686243982	3.6650060013605e-4
chr5:clu_9935_-	Anapc5	chr5:122938671:122940193:clu_9935_-	chr5	122938672	122940192	-	0.0249311361385632	0.0211751653630766	-0.00375597077548661	3.6650060013605e-4
chr4:clu_9490_+	Hp1bp3	chr4:137944051:137947093:clu_9490_+	chr4	137944052	137947092	+	0.00364958547498945	0.00498997835576846	0.00134039288077901	3.6650060013605e-4
chr4:clu_9490_+	Hp1bp3	chr4:137944110:137948837:clu_9490_+	chr4	137944111	137948836	+	0.0110463833630899	0.0122171377383672	0.00117075437527725	3.6650060013605e-4
chr4:clu_9490_+	Hp1bp3	chr4:137949029:137949400:clu_9490_+	chr4	137949030	137949399	+	0.0191860338387762	0.0202997350204153	0.00111370118163918	3.6650060013605e-4
chr4:clu_9490_+	Hp1bp3	chr4:137944691:137948837:clu_9490_+	chr4	137944692	137948836	+	0.00475736044211383	0.00368007793775849	-0.00107728250435535	3.6650060013605e-4
chr4:clu_9490_+	Hp1bp3	chr4:137947147:137948837:clu_9490_+	chr4	137947148	137948836	+	0.00659256056858855	0.00753587321179363	9.4331264320508e-4	3.6650060013605e-4
chr4:clu_9490_+	Hp1bp3	chr4:137946835:137948837:clu_9490_+	chr4	137946836	137948836	+	0.00206915199905877	0.00145046414302961	-6.1868785602916e-4	3.6650060013605e-4
chrX:clu_14141_-	Arhgap4	chrX:72949469:72950035:clu_14141_-	chrX	72949470	72950034	-	0.0466941828073612	0.0850906092068345	0.0383964263994733	4.3548369771516e-4
chrX:clu_14141_-	Arhgap4	chrX:72949469:72949763:clu_14141_-	chrX	72949470	72949762	-	0.146842623008945	0.109725017727531	-0.0371176052814141	4.3548369771516e-4
chrX:clu_14141_-	Arhgap4	chrX:72949825:72950035:clu_14141_-	chrX	72949826	72950034	-	0.154041809127676	0.119867842220288	-0.0341739669073878	4.3548369771516e-4
chrX:clu_14141_-	Arhgap4	chrX:72944342:72947854:clu_14141_-	chrX	72944343	72947853	-	0.23090249895134	0.239841246383822	0.00893874743248235	4.3548369771516e-4
chrX:clu_14141_-	Arhgap4	chrX:72948314:72949257:clu_14141_-	chrX	72948315	72949256	-	0.203635266615739	0.209558242252831	0.00592297563709235	4.3548369771516e-4
chrX:clu_14141_-	Arhgap4	chrX:72944342:72950035:clu_14141_-	chrX	72944343	72950034	-	0.0063262159697003	0.012062945433768	0.0057367294640677	4.3548369771516e-4
chrX:clu_14141_-	Arhgap4	chrX:72950494:72954769:clu_14141_-	chrX	72950495	72954768	-	0.00477879871511339	0.00961806651969167	0.00483926780457828	4.3548369771516e-4
chrX:clu_14141_-	Arhgap4	chrX:72944342:72954769:clu_14141_-	chrX	72944343	72954768	-	0.0141584983851656	0.0175207543534729	0.00336225596830734	4.3548369771516e-4
chrX:clu_14141_-	Arhgap4	chrX:72950482:72954769:clu_14141_-	chrX	72950483	72954768	-	0.185997780357409	0.18835969358052	0.00236191322311075	4.3548369771516e-4
chrX:clu_14141_-	Arhgap4	chrX:72944342:72949257:clu_14141_-	chrX	72944343	72949256	-	0.00662232606155065	0.00835558232124021	0.00173325625968956	4.3548369771516e-4
chr11:clu_2622_-	Exoc7	chr11:116186515:116191092:clu_2622_-	chr11	116186516	116191091	-	0.624147779504264	0.500793281637699	-0.123354497866565	6.0009404444926e-4
chr11:clu_2661_-	Pcyt2	chr11:120503427:120504205:clu_2661_-	chr11	120503428	120504204	-	0.13657867774467	0.223179753983116	0.0866010762384454	6.0009404444926e-4
chr8:clu_12436_-	Rbmxl1	chr8:79233446:79235428:clu_12436_-	chr8	79233447	79235427	-	0.464887653898294	0.383696265403657	-0.081191388494637	6.0009404444926e-4
chr8:clu_12436_-	Rbmxl1	chr8:79233492:79235428:clu_12436_-	chr8	79233493	79235427	-	0.514456900077756	0.594599645880808	0.0801427458030521	6.0009404444926e-4
chr2:clu_7964_-	Uqcc1	chr2:155693392:155700032:clu_7964_-	chr2	155693393	155700031	-	0.999207626956395	0.95538538712429	-0.0438222398321043	6.0009404444926e-4
chr11:clu_2661_-	Pcyt2	chr11:120503909:120504205:clu_2661_-	chr11	120503910	120504204	-	0.451833709645622	0.409515442620198	-0.0423182670254239	6.0009404444926e-4
chr11:clu_2622_-	Exoc7	chr11:116188489:116191092:clu_2622_-	chr11	116188490	116191091	-	0.0862640600883456	0.12483522750668	0.0385711674183347	6.0009404444926e-4
chr11:clu_2622_-	Exoc7	chr11:116186515:116187556:clu_2622_-	chr11	116186516	116187555	-	0.131091059579367	0.166831267549714	0.0357402079703476	6.0009404444926e-4
chr11:clu_2661_-	Pcyt2	chr11:120503427:120503672:clu_2661_-	chr11	120503428	120503671	-	0.110854803293715	0.081257274788141	-0.0295975285055743	6.0009404444926e-4
chr11:clu_2622_-	Exoc7	chr11:116187624:116188397:clu_2622_-	chr11	116187625	116188396	-	0.0596243890287717	0.0827465354191701	0.0231221463903985	6.0009404444926e-4
chr2:clu_7964_-	Uqcc1	chr2:155693392:155695528:clu_7964_-	chr2	155693393	155695527	-	3.9641206166042e-4	0.0227445079151034	0.022348095853443	6.0009404444926e-4
chr2:clu_7964_-	Uqcc1	chr2:155695670:155700032:clu_7964_-	chr2	155695671	155700031	-	3.9596098194474e-4	0.0218701049606062	0.0214741439786614	6.0009404444926e-4
chr11:clu_2622_-	Exoc7	chr11:116186515:116188397:clu_2622_-	chr11	116186516	116188396	-	0.0283242412591561	0.0433277567231765	0.0150035154640204	6.0009404444926e-4
chr11:clu_2661_-	Pcyt2	chr11:120503427:120503856:clu_2661_-	chr11	120503428	120503855	-	0.300732809315992	0.286047528608545	-0.0146852807074471	6.0009404444926e-4
chr11:clu_2622_-	Exoc7	chr11:116187624:116191092:clu_2622_-	chr11	116187625	116191091	-	0.0705484705400963	0.0814659311635599	0.0109174606234636	6.0009404444926e-4
chr8:clu_12436_-	Rbmxl1	chr8:79233492:79234532:clu_12436_-	chr8	79233493	79234531	-	0.00969866561740231	0.0110972578866314	0.00139859226922906	6.0009404444926e-4
chr8:clu_12436_-	Rbmxl1	chr8:79233446:79234532:clu_12436_-	chr8	79233447	79234531	-	0.00768877496177888	0.00719817419576515	-4.9060076601373e-4	6.0009404444926e-4
chr8:clu_12436_-	Rbmxl1	chr8:79233440:79235428:clu_12436_-	chr8	79233441	79235427	-	0.00326800544476875	0.00340865663313844	1.4065118836968e-4	6.0009404444926e-4
chr3:clu_8724_+	Lrrc40	chr3:157747296:157749198:clu_8724_+	chr3	157747297	157749197	+	0.159300302078664	0.141720477745858	-0.017579824332806	6.2765375128857e-4
chr3:clu_8724_+	Lrrc40	chr3:157746259:157747223:clu_8724_+	chr3	157746260	157747222	+	0.158264949705949	0.140806021699538	-0.0174589280064113	6.2765375128857e-4
chr3:clu_8724_+	Lrrc40	chr3:157746259:157749198:clu_8724_+	chr3	157746260	157749197	+	0.0321457606773432	0.0474180108085016	0.0152722501311584	6.2765375128857e-4
chr3:clu_8724_+	Lrrc40	chr3:157754161:157757334:clu_8724_+	chr3	157754162	157757333	+	0.211785179338038	0.220570926077679	0.00878574673964158	6.2765375128857e-4
chr3:clu_8724_+	Lrrc40	chr3:157742513:157754038:clu_8724_+	chr3	157742514	157754037	+	0.00831290013468514	0.0147806384664238	0.0064677383317387	6.2765375128857e-4
chr3:clu_8724_+	Lrrc40	chr3:157742513:157749198:clu_8724_+	chr3	157742514	157749197	+	0.0121643436800069	0.016573330183592	0.00440898650358505	6.2765375128857e-4
chr3:clu_8724_+	Lrrc40	chr3:157742513:157746078:clu_8724_+	chr3	157742514	157746077	+	0.185330096072484	0.181822496358082	-0.00350759971440281	6.2765375128857e-4
chr3:clu_8724_+	Lrrc40	chr3:157749327:157754038:clu_8724_+	chr3	157749328	157754037	+	0.208538684305988	0.211589290949053	0.00305060664306542	6.2765375128857e-4
chr3:clu_8724_+	Lrrc40	chr3:157746259:157747500:clu_8724_+	chr3	157746260	157747499	+	8.2043383418757e-4	0.00155056512466259	7.3013129047502e-4	6.2765375128857e-4
chr3:clu_8724_+	Lrrc40	chr3:157742513:157746145:clu_8724_+	chr3	157742514	157746144	+	0.00298291354498402	0.00359084584635181	6.0793230136779e-4	6.2765375128857e-4
chr3:clu_8724_+	Lrrc40	chr3:157742513:157746074:clu_8724_+	chr3	157742514	157746073	+	0.00334363835511735	0.00390704721082829	5.6340885571094e-4	6.2765375128857e-4
chr3:clu_8724_+	Lrrc40	chr3:157754196:157757334:clu_8724_+	chr3	157754197	157757333	+	0.00403414016774203	0.00361885347608313	-4.152866916589e-4	6.2765375128857e-4
chr3:clu_8724_+	Lrrc40	chr3:157747570:157749198:clu_8724_+	chr3	157747571	157749197	+	0.00339190054092047	0.00317771163271732	-2.1418890820314e-4	6.2765375128857e-4
chr3:clu_8724_+	Lrrc40	chr3:157754252:157757334:clu_8724_+	chr3	157754253	157757333	+	0.00186602979849863	0.00167558599829461	-1.9044380020401e-4	6.2765375128857e-4
chr3:clu_8724_+	Lrrc40	chr3:157755851:157757334:clu_8724_+	chr3	157755852	157757333	+	0.00144369309492927	0.00129290885657969	-1.5078423834958e-4	6.2765375128857e-4
chr3:clu_8724_+	Lrrc40	chr3:157754161:157755738:clu_8724_+	chr3	157754162	157755737	+	0.00143990870535897	0.00129860324837972	-1.4130545697925e-4	6.2765375128857e-4
chr3:clu_8724_+	Lrrc40	chr3:157747296:157747500:clu_8724_+	chr3	157747297	157747499	+	0.0017975375995301	0.00166289684725068	-1.3464075227942e-4	6.2765375128857e-4
chr3:clu_8724_+	Lrrc40	chr3:157742513:157757334:clu_8724_+	chr3	157742514	157757333	+	0.00111440976384307	0.00104177365410284	-7.26361097402384e-5	6.2765375128857e-4
chr3:clu_8724_+	Lrrc40	chr3:157746259:157747257:clu_8724_+	chr3	157746260	157747256	+	0.00192317860173081	0.00190201581602264	-2.11627857081655e-5	6.2765375128857e-4
chr7:clu_11725_-	Mki67	chr7:135307514:135310495:clu_11725_-	chr7	135307515	135310494	-	0.14642651903249	0.0531028474080906	-0.0933236716243992	6.5239649391387e-4
chr7:clu_11725_-	Mki67	chr7:135310049:135310495:clu_11725_-	chr7	135310050	135310494	-	0.321568096354017	0.388984537086695	0.0674164407326783	6.5239649391387e-4
chr7:clu_11725_-	Mki67	chr7:135307514:135309090:clu_11725_-	chr7	135307515	135309089	-	0.521008128532878	0.547706825812334	0.0266986972794553	6.5239649391387e-4
chr4:clu_8844_-	Susd1,Gm35578	chr4:59315805:59324868:clu_8844_-	chr4	59315806	59324867	-	0.243228097390848	0.226650648605424	-0.0165774487854233	6.5239649391387e-4
chr4:clu_8844_-	Susd1,Gm35578	chr4:59315409:59315712:clu_8844_-	chr4	59315410	59315711	-	0.230924440109882	0.215147876964247	-0.0157765631456355	6.5239649391387e-4
chr4:clu_8844_-	Susd1,Gm35578	chr4:59329721:59332937:clu_8844_-	chr4	59329722	59332936	-	0.255956364530878	0.268129789692832	0.0121734251619539	6.5239649391387e-4
chr4:clu_8844_-	Susd1,Gm35578	chr4:59269590:59315712:clu_8844_-	chr4	59269591	59315711	-	0.00166890480086242	0.00738871342492927	0.00571980862406685	6.5239649391387e-4
chr4:clu_8844_-	Susd1,Gm35578	chr4:59269595:59324868:clu_8844_-	chr4	59269596	59324867	-	8.132955625513e-4	0.00586316506554281	0.00504986950299151	6.5239649391387e-4
chr4:clu_8844_-	Susd1,Gm35578	chr4:59324907:59332937:clu_8844_-	chr4	59324908	59332936	-	0.00433280244283609	0.00915905255650907	0.00482625011367298	6.5239649391387e-4
chr4:clu_8844_-	Susd1,Gm35578	chr4:59315805:59329463:clu_8844_-	chr4	59315806	59329462	-	0.00578885169309228	0.00905053159715621	0.00326167990406393	6.5239649391387e-4
chr4:clu_8844_-	Susd1,Gm35578	chr4:59322251:59324868:clu_8844_-	chr4	59322252	59324867	-	0.00329756709230702	0.00598563432360731	0.00268806723130029	6.5239649391387e-4
chr4:clu_8844_-	Susd1,Gm35578	chr4:59324907:59329463:clu_8844_-	chr4	59324908	59329462	-	0.238840214152278	0.237567068155239	-0.0012731459970394	6.5239649391387e-4
chr7:clu_11725_-	Mki67	chr7:135309215:135310495:clu_11725_-	chr7	135309216	135310494	-	0.010997256080615	0.0102057896928805	-7.9146638773448e-4	6.5239649391387e-4
chr4:clu_8844_-	Susd1,Gm35578	chr4:59329659:59332937:clu_8844_-	chr4	59329660	59332936	-	0.0125280618280754	0.0117440407071033	-7.8402112097203e-4	6.5239649391387e-4
chr4:clu_8844_-	Susd1,Gm35578	chr4:59315409:59329463:clu_8844_-	chr4	59315410	59329462	-	0.00262140039638901	0.00331347890740974	6.9207851102072e-4	6.5239649391387e-4
chr19:clu_6341_-	Ppp6r3	chr19:3523866:3528278:clu_6341_-	chr19	3523867	3528277	-	0.370831879062551	0.3149855001602	-0.0558463789023512	6.9389850303525e-4
chr19:clu_6341_-	Ppp6r3	chr19:3523815:3528278:clu_6341_-	chr19	3523816	3528277	-	0.0850135221916452	0.138262011281641	0.0532484890899956	6.9389850303525e-4
chr19:clu_6341_-	Ppp6r3	chr19:3528364:3534831:clu_6341_-	chr19	3528365	3534830	-	0.483234348542211	0.47340612483982	-0.00982822370239023	6.9389850303525e-4
chr19:clu_6341_-	Ppp6r3	chr19:3523815:3534831:clu_6341_-	chr19	3523816	3534830	-	0.00522599212946094	0.0116811659306911	0.00645517380123019	6.9389850303525e-4
chr19:clu_6341_-	Ppp6r3	chr19:3523866:3534831:clu_6341_-	chr19	3523867	3534830	-	0.029606190950004	0.0349144660470218	0.00530827509701782	6.9389850303525e-4
chr19:clu_6341_-	Ppp6r3	chr19:3523848:3528278:clu_6341_-	chr19	3523849	3528277	-	0.0260880671241285	0.0267507317406262	6.6266461649778e-4	6.9389850303525e-4
chr1:clu_324_-	Mpzl1	chr1:165421246:165432179:clu_324_-	chr1	165421247	165432178	-	0.248783230660509	0.0885695546008693	-0.16021367605964	8.0951171125171e-4
chr1:clu_324_-	Mpzl1	chr1:165429424:165432179:clu_324_-	chr1	165429425	165432178	-	0.371003761133537	0.454018800088054	0.083015038954517	8.0951171125171e-4
chr1:clu_324_-	Mpzl1	chr1:165421246:165429319:clu_324_-	chr1	165421247	165429318	-	0.380213008205954	0.457411645311077	0.0771986371051231	8.0951171125171e-4
chr6:clu_10883_-	C2cd5	chr6:142963799:142974886:clu_10883_-	chr6	142963800	142974885	-	0.207919779970598	0.354726991067852	0.146807211097254	8.5583079184877e-4
chr6:clu_10883_-	C2cd5	chr6:142966100:142974886:clu_10883_-	chr6	142966101	142974885	-	0.30812560922589	0.247333201744037	-0.0607924074818529	8.5583079184877e-4
chr6:clu_10883_-	C2cd5	chr6:142963799:142965054:clu_10883_-	chr6	142963800	142965053	-	0.184424598216889	0.148311994624266	-0.0361126035926231	8.5583079184877e-4
chr6:clu_10883_-	C2cd5	chr6:142965155:142966050:clu_10883_-	chr6	142965156	142966049	-	0.172831702081717	0.138732583911155	-0.0340991181705612	8.5583079184877e-4
chr6:clu_10883_-	C2cd5	chr6:142963799:142966050:clu_10883_-	chr6	142963800	142966049	-	0.126698310504907	0.11089522865269	-0.0158030818522169	8.5583079184877e-4
chr17:clu_5339_-	U2af1	chr17:31867069:31867157:clu_5339_-	chr17	31867070	31867156	-	0.999346397403365	0.879717028564445	-0.11962936883892	0.00105754535229726
chr17:clu_5339_-	U2af1	chr17:31867069:31867169:clu_5339_-	chr17	31867070	31867168	-	6.5360259663498e-4	0.120282971435555	0.11962936883892	0.00105754535229726
chr1:clu_280_-	Smg7	chr1:152746542:152778260:clu_280_-	chr1	152746543	152778259	-	0.663947503229875	0.81760630902832	0.153658805798445	0.0011883405393359
chr1:clu_280_-	Smg7	chr1:152746542:152753792:clu_280_-	chr1	152746543	152753791	-	0.167938977101867	0.0850510897556932	-0.0828878873461734	0.0011883405393359
chr1:clu_280_-	Smg7	chr1:152753928:152778260:clu_280_-	chr1	152753929	152778259	-	0.155749157169482	0.0788775940002385	-0.0768715631692435	0.0011883405393359
chr1:clu_280_-	Smg7	chr1:152746538:152778260:clu_280_-	chr1	152746539	152778259	-	0.0123643624987767	0.0184650072157486	0.00610064471697194	0.0011883405393359
chr6:clu_11101_+	Edem1	chr6:108828244:108829451:clu_11101_+	chr6	108828245	108829450	+	0.96619377278890906	0.914089614052393	-0.0521041587365165	0.00124672860086023
chr6:clu_11101_+	Edem1	chr6:108828463:108829451:clu_11101_+	chr6	108828464	108829450	+	0.0289512061391481	0.073164588770474	0.044213382631326	0.00124672860086023
chr6:clu_11101_+	Edem1	chr6:108828244:108828423:clu_11101_+	chr6	108828245	108828422	+	0.0048550210719428	0.0127457971771334	0.00789077610519058	0.00124672860086023
chr8:clu_12491_-	Psme3ip1	chr8:95316035:95328125:clu_12491_-	chr8	95316036	95328124	-	0.780894041147162	0.818803933247199	0.0379098921000374	0.00135308554354633
chr8:clu_12491_-	Psme3ip1	chr8:95323736:95328125:clu_12491_-	chr8	95323737	95328124	-	0.0477008073554761	0.0367033612285958	-0.0109974461268804	0.00135308554354633
chr8:clu_12491_-	Psme3ip1	chr8:95317916:95328125:clu_12491_-	chr8	95317917	95328124	-	0.0143201337118235	0.0235310693229164	0.00921093561109292	0.00135308554354633
chr8:clu_12491_-	Psme3ip1	chr8:95316035:95317801:clu_12491_-	chr8	95316036	95317800	-	0.0250638293862935	0.0339034321397133	0.00883960275341978	0.00135308554354633
chr8:clu_12491_-	Psme3ip1	chr8:95316035:95323679:clu_12491_-	chr8	95316036	95323678	-	0.0342342125365664	0.0254444017170935	-0.00878981081947289	0.00135308554354633
chr8:clu_12491_-	Psme3ip1	chr8:95316035:95328172:clu_12491_-	chr8	95316036	95328171	-	0.0130679009487781	0.00554168182894306	-0.00752621911983505	0.00135308554354633
chr8:clu_12491_-	Psme3ip1	chr8:95316035:95318175:clu_12491_-	chr8	95316036	95318174	-	0.0112475270317814	0.00487018183290281	-0.00637734519887854	0.00135308554354633
chr8:clu_12491_-	Psme3ip1	chr8:95318330:95328125:clu_12491_-	chr8	95318331	95328124	-	0.0149866109307746	0.00888323032224799	-0.0061033806085266	0.00135308554354633
chr8:clu_12491_-	Psme3ip1	chr8:95318330:95323679:clu_12491_-	chr8	95318331	95323678	-	0.0128360519718027	0.00771771064603187	-0.0051183413257708	0.00135308554354633
chr8:clu_12491_-	Psme3ip1	chr8:95316035:95318197:clu_12491_-	chr8	95316036	95318196	-	0.0114852848141662	0.00671330774852446	-0.00477197706564178	0.00135308554354633
chr8:clu_12491_-	Psme3ip1	chr8:95316035:95328031:clu_12491_-	chr8	95316036	95328030	-	0.0164009844180529	0.0124723364879242	-0.00392864793012872	0.00135308554354633
chr8:clu_12491_-	Psme3ip1	chr8:95316035:95328263:clu_12491_-	chr8	95316036	95328262	-	0.0109406034969403	0.00804813676463114	-0.00289246673230914	0.00135308554354633
chr8:clu_12491_-	Psme3ip1	chr8:95317916:95323679:clu_12491_-	chr8	95317917	95323678	-	0.00325275639706251	0.00435714014587682	0.00110438374881431	0.00135308554354633
chr8:clu_12491_-	Psme3ip1	chr8:95317916:95318197:clu_12491_-	chr8	95317917	95318196	-	0.00356925585332016	0.00301007656739969	-5.5917928592047e-4	0.00135308554354633
chr19:clu_6347_-	Tcirg1	chr19:3952690:3952882:clu_6347_-	chr19	3952691	3952881	-	0.0193667908055635	0.152885051253195	0.133518260447631	0.00138994722515114
chr19:clu_6347_-	Tcirg1	chr19:3952724:3952882:clu_6347_-	chr19	3952725	3952881	-	0.980633209194437	0.847114948746805	-0.133518260447631	0.00138994722515114
chr8:clu_12295_-	Dcun1d2	chr8:13307976:13321590:clu_12295_-	chr8	13307977	13321589	-	0.277870012480108	0.544529367211882	0.266659354731775	0.00149826604896724
chr7:clu_11510_-	Mfge8	chr7:78792798:78794995:clu_11510_-	chr7	78792799	78794994	-	0.309398517090133	0.418769931374001	0.109371414283868	0.00149826604896724
chr8:clu_12295_-	Dcun1d2	chr8:13311467:13321590:clu_12295_-	chr8	13311468	13321589	-	0.235803883859396	0.137586229117323	-0.0982176547420732	0.00149826604896724
chr8:clu_12295_-	Dcun1d2	chr8:13307976:13308947:clu_12295_-	chr8	13307977	13308946	-	0.221031847665337	0.128972356193381	-0.0920594914719555	0.00149826604896724
chrX:clu_14139_-	Idh3g	chrX:72825709:72826281:clu_14139_-	chrX	72825710	72826280	-	0.139350852978822	0.216532452848656	0.0771815998698336	0.00149826604896724
chr8:clu_12295_-	Dcun1d2	chr8:13309043:13311385:clu_12295_-	chr8	13309044	13311384	-	0.1631937946166	0.0952198854695639	-0.067973909147036	0.00149826604896724
chr7:clu_11510_-	Mfge8	chr7:78793136:78794995:clu_11510_-	chr7	78793137	78794994	-	0.34530585248118	0.288899936250403	-0.0564059162307767	0.00149826604896724
chr7:clu_11510_-	Mfge8	chr7:78792798:78793026:clu_11510_-	chr7	78792799	78793025	-	0.345295630428687	0.292330132375596	-0.0529654980530909	0.00149826604896724
chrX:clu_14139_-	Idh3g	chrX:72825709:72825904:clu_14139_-	chrX	72825710	72825903	-	0.429808448306869	0.391216432488513	-0.0385920158183553	0.00149826604896724
chrX:clu_14139_-	Idh3g	chrX:72825915:72826281:clu_14139_-	chrX	72825916	72826280	-	0.430840698714309	0.392251114662831	-0.0385895840514784	0.00149826604896724
chr11:clu_1852_+	Slfnlnc,ENSMUSG00000121399	chr11:83115136:83115278:clu_1852_+	chr11	83115137	83115277	+	0.207097065334896	0.182131260831474	-0.024965804503422	0.00149826604896724
chr8:clu_12295_-	Dcun1d2	chr8:13309043:13321590:clu_12295_-	chr8	13309044	13321589	-	0.0513347919441849	0.0299526892894662	-0.0213821026547186	0.00149826604896724
chr11:clu_1852_+	Slfnlnc,ENSMUSG00000121399	chr11:83114477:83115036:clu_1852_+	chr11	83114478	83115035	+	0.139896589999968	0.119745163240725	-0.0201514267592431	0.00149826604896724
chr11:clu_1852_+	Slfnlnc,ENSMUSG00000121399	chr11:83114477:83116360:clu_1852_+	chr11	83114478	83116359	+	0.0162782122813057	0.0347395139568662	0.0184613016755605	0.00149826604896724
chr8:clu_12295_-	Dcun1d2	chr8:13307976:13311385:clu_12295_-	chr8	13307977	13311384	-	0.050765669434375	0.0637394727183834	0.0129738032840084	0.00149826604896724
chr11:clu_1852_+	Slfnlnc,ENSMUSG00000121399	chr11:83116511:83134644:clu_1852_+	chr11	83116512	83134643	+	0.0115365321863328	0.0206118033697677	0.00907527118343489	0.00149826604896724
chr11:clu_1852_+	Slfnlnc,ENSMUSG00000121399	chr11:83114477:83134644:clu_1852_+	chr11	83114478	83134643	+	0.00278041396739614	0.00881407293576532	0.00603365896836917	0.00149826604896724
chr11:clu_1852_+	Slfnlnc,ENSMUSG00000121399	chr11:83115136:83116360:clu_1852_+	chr11	83115137	83116359	+	0.0177677661552951	0.0230624547102424	0.00529468855494726	0.00149826604896724
chr11:clu_1852_+	Slfnlnc,ENSMUSG00000121399	chr11:83132577:83134644:clu_1852_+	chr11	83132578	83134643	+	0.0109613545949855	0.0131317182926437	0.0021703636976582	0.00149826604896724
chr11:clu_1852_+	Slfnlnc,ENSMUSG00000121399	chr11:83114477:83115278:clu_1852_+	chr11	83114478	83115277	+	0.0352491590199818	0.0368458239830122	0.00159666496303042	0.00149826604896724
chr11:clu_1852_+	Slfnlnc,ENSMUSG00000121399	chr11:83116511:83132361:clu_1852_+	chr11	83116512	83132360	+	0.00406838761606529	0.00528142976196074	0.00121304214589545	0.00149826604896724
chr11:clu_1852_+	Slfnlnc,ENSMUSG00000121399	chr11:83115457:83116360:clu_1852_+	chr11	83115458	83116359	+	0.543321820451927	0.544424913650978	0.00110309319905166	0.00149826604896724
chr11:clu_1852_+	Slfnlnc,ENSMUSG00000121399	chr11:83114477:83115046:clu_1852_+	chr11	83114478	83115045	+	0.00516807018991467	0.00407466110203486	-0.00109340908787982	0.00149826604896724
chr11:clu_1852_+	Slfnlnc,ENSMUSG00000121399	chr11:83115136:83115248:clu_1852_+	chr11	83115137	83115247	+	0.00247837028888512	0.00294299259588587	4.6462230700074e-4	0.00149826604896724
chr11:clu_1852_+	Slfnlnc,ENSMUSG00000121399	chr11:83114477:83115068:clu_1852_+	chr11	83114478	83115067	+	0.00220853565438834	0.00266817365304044	4.5963799865209e-4	0.00149826604896724
chr11:clu_1852_+	Slfnlnc,ENSMUSG00000121399	chr11:83114477:83115110:clu_1852_+	chr11	83114478	83115109	+	0.00118772225865795	0.00152601791560253	3.3829565694458e-4	0.00149826604896724
chr5:clu_9649_-	Srpk2	chr5:23712718:23719632:clu_9649_-	chr5	23712719	23719631	-	0.0126181607818115	0.104941501393907	0.0923233406120953	0.0015816264440427
chr5:clu_9649_-	Srpk2	chr5:23712718:23718950:clu_9649_-	chr5	23712719	23718949	-	0.474459934226055	0.430096654685746	-0.0443632795403091	0.0015816264440427
chr5:clu_9649_-	Srpk2	chr5:23719042:23719632:clu_9649_-	chr5	23719043	23719631	-	0.474448654946194	0.43008598207193	-0.0443626728742635	0.0015816264440427
chr5:clu_9649_-	Srpk2	chr5:23712718:23718488:clu_9649_-	chr5	23712719	23718487	-	0.0226721045184283	0.0205521808321185	-0.00211992368630986	0.0015816264440427
chr5:clu_9649_-	Srpk2	chr5:23718580:23718950:clu_9649_-	chr5	23718581	23718949	-	0.0158011455275108	0.0143236810162981	-0.00147746451121268	0.0015816264440427
chrX:clu_14075_-	Rpgr	chrX:10025088:10028841:clu_14075_-	chrX	10025089	10028840	-	0.164846037102454	0.281854488918909	0.117008451816455	0.00159205047112122
chrX:clu_14075_-	Rpgr	chrX:10025119:10028841:clu_14075_-	chrX	10025120	10028840	-	0.278718595797744	0.183535574848916	-0.0951830209488278	0.00159205047112122
chrX:clu_14075_-	Rpgr	chrX:10025119:10030961:clu_14075_-	chrX	10025120	10030960	-	0.0778287665113634	0.0308592555629605	-0.046969510948403	0.00159205047112122
chrX:clu_14075_-	Rpgr	chrX:10028929:10030961:clu_14075_-	chrX	10028930	10030960	-	0.478606600588439	0.503750680669214	0.0251440800807758	0.00159205047112122
chr10:clu_879_+	Fyn	chr10:39402926:39408012:clu_879_+	chr10	39402927	39408011	+	0.00454179041682477	0.0624443018218141	0.0579025114049893	0.00169185338640581
chr10:clu_879_+	Fyn	chr10:39406070:39408012:clu_879_+	chr10	39406071	39408011	+	0.464070245106552	0.413266421140155	-0.0508038239663977	0.00169185338640581
chr10:clu_879_+	Fyn	chr10:39402926:39405915:clu_879_+	chr10	39402927	39405914	+	0.429381506582657	0.382700531753026	-0.0466809748296312	0.00169185338640581
chr10:clu_879_+	Fyn	chr10:39402926:39405433:clu_879_+	chr10	39402927	39405432	+	0.0463278582841646	0.0676226404988583	0.0212947822146937	0.00169185338640581
chr10:clu_879_+	Fyn	chr10:39405597:39408012:clu_879_+	chr10	39405598	39408011	+	0.0556785996098015	0.0739661047861473	0.0182875051763458	0.00169185338640581
chr10:clu_1244_-	E130307A14Rik	chr10:39498723:39515560:clu_1244_-	chr10	39498724	39515559	-	0.0565081212606458	0.126570049781854	0.0700619285212086	0.0017437549609878
chr10:clu_1244_-	E130307A14Rik	chr10:39530684:39531836:clu_1244_-	chr10	39530685	39531835	-	0.0385055829460029	0.0103290059774721	-0.0281765769685308	0.0017437549609878
chr10:clu_1244_-	E130307A14Rik	chr10:39516507:39557469:clu_1244_-	chr10	39516508	39557468	-	0.133776947482294	0.159026100773857	0.025249153291563	0.0017437549609878
chr10:clu_1244_-	E130307A14Rik	chr10:39531925:39557469:clu_1244_-	chr10	39531926	39557468	-	0.0316862295211087	0.00848384135631963	-0.0232023881647891	0.0017437549609878
chr10:clu_1244_-	E130307A14Rik	chr10:39509012:39515560:clu_1244_-	chr10	39509013	39515559	-	0.100117292445532	0.077230873255718	-0.022886419189814	0.0017437549609878
chr19:clu_6426_-	Pola2	chr19:6011243:6013854:clu_6426_-	chr19	6011244	6013853	-	0.262266440437104	0.284681211416867	0.0224147709797627	0.0017437549609878
chr19:clu_6426_-	Pola2	chr19:6011214:6013854:clu_6426_-	chr19	6011215	6013853	-	0.0616547660332053	0.0400066170389125	-0.0216481489942928	0.0017437549609878
chr10:clu_1244_-	E130307A14Rik	chr10:39498723:39508946:clu_1244_-	chr10	39498724	39508945	-	0.0944301210468678	0.0737034290901674	-0.0207266919567004	0.0017437549609878
chr10:clu_1244_-	E130307A14Rik	chr10:39516507:39607734:clu_1244_-	chr10	39516508	39607733	-	0.023601804052165	0.0438183373190724	0.0202165332669073	0.0017437549609878
chr10:clu_1244_-	E130307A14Rik	chr10:39498723:39557469:clu_1244_-	chr10	39498724	39557468	-	0.0247175433141919	0.0431132359004092	0.0183956925862173	0.0017437549609878
chr10:clu_1244_-	E130307A14Rik	chr10:39530684:39557469:clu_1244_-	chr10	39530685	39557468	-	0.036911346389558	0.0187802647779484	-0.0181310816116096	0.0017437549609878
chr10:clu_1244_-	E130307A14Rik	chr10:39498723:39498899:clu_1244_-	chr10	39498724	39498898	-	0.0578527231644976	0.049073791019538	-0.00877893214495955	0.0017437549609878
chr10:clu_1244_-	E130307A14Rik	chr10:39499087:39508946:clu_1244_-	chr10	39499088	39508945	-	0.0264460691408028	0.0187105304975275	-0.00773553864327531	0.0017437549609878
chr10:clu_1244_-	E130307A14Rik	chr10:39499087:39515560:clu_1244_-	chr10	39499088	39515559	-	0.0244020275141115	0.0198500854048643	-0.00455194210924725	0.0017437549609878
chr10:clu_1244_-	E130307A14Rik	chr10:39516507:39521552:clu_1244_-	chr10	39516508	39521551	-	0.0674779132288857	0.0660462374450112	-0.00143167578387446	0.0017437549609878
chr19:clu_6426_-	Pola2	chr19:6006142:6008846:clu_6426_-	chr19	6006143	6008845	-	0.338755052582823	0.337543762717669	-0.0012112898651539	0.0017437549609878
chr10:clu_1244_-	E130307A14Rik	chr10:39557545:39607734:clu_1244_-	chr10	39557546	39607733	-	0.261314137750974	0.262233532102663	9.1939435168886e-4	0.0017437549609878
chr10:clu_1244_-	E130307A14Rik	chr10:39521804:39557469:clu_1244_-	chr10	39521805	39557468	-	0.022252140742362	0.0230306852975772	7.7854455521526e-4	0.0017437549609878
chr19:clu_6426_-	Pola2	chr19:6006142:6013854:clu_6426_-	chr19	6006143	6013853	-	0.00276409080109093	0.00347085001661741	7.0675921552648e-4	0.0017437549609878
chr19:clu_6426_-	Pola2	chr19:6009152:6013854:clu_6426_-	chr19	6009153	6013853	-	0.00154198687927914	0.0012967860753344	-2.4520080394474e-4	0.0017437549609878
chr19:clu_6426_-	Pola2	chr19:6009152:6011119:clu_6426_-	chr19	6009153	6011118	-	0.333017663266498	0.3330007727346	-1.68905318977952e-5	0.0017437549609878
chr4:clu_8974_-	Thrap3	chr4:126080381:126096363:clu_8974_-	chr4	126080382	126096362	-	0.313278511993297	0.375445490953424	0.0621669789601269	0.00174501820685956
chr4:clu_8974_-	Thrap3	chr4:126080381:126088110:clu_8974_-	chr4	126080382	126088109	-	0.342173732402521	0.309595086884409	-0.0325786455181125	0.00174501820685956
chr4:clu_8974_-	Thrap3	chr4:126088197:126096363:clu_8974_-	chr4	126088198	126096362	-	0.337622295720739	0.307693067749852	-0.0299292279708867	0.00174501820685956
chr4:clu_8974_-	Thrap3	chr4:126094800:126096363:clu_8974_-	chr4	126094801	126096362	-	0.00271360212393029	0.00344444650474421	7.3084438081392e-4	0.00174501820685956
chr4:clu_8974_-	Thrap3	chr4:126088197:126094739:clu_8974_-	chr4	126088198	126094738	-	0.00421185775951318	0.00382190790757149	-3.8994985194168e-4	0.00174501820685956
chr17:clu_5391_-	Tcf19	chr17:35827436:35827608:clu_5391_-	chr17	35827437	35827607	-	0.0832861229444247	0.305134738985568	0.221848616041143	0.00207235090267444
chr17:clu_5391_-	Tcf19	chr17:35827327:35827656:clu_5391_-	chr17	35827328	35827655	-	0.527348229135136	0.349521401009826	-0.177826828125311	0.00207235090267444
chr17:clu_5391_-	Tcf19	chr17:35827327:35827608:clu_5391_-	chr17	35827328	35827607	-	0.376081030871116	0.249257853872928	-0.126823176998188	0.00207235090267444
chr17:clu_5391_-	Tcf19	chr17:35827436:35827656:clu_5391_-	chr17	35827437	35827655	-	0.0132846170493227	0.0960860061316782	0.0828013890823556	0.00207235090267444
chr10:clu_931_+	Psap	chr10:60131782:60134877:clu_931_+	chr10	60131783	60134876	+	0.966094195686513	0.922717026555985	-0.0433771691305275	0.00207235090267444
chr1:clu_253_-	Zbed6,Zc3h11a	chr1:133583136:133588975:clu_253_-	chr1	133583137	133588974	-	0.171120934975008	0.13741170671514	-0.0337092282598683	0.00207235090267444
chr1:clu_253_-	Zbed6,Zc3h11a	chr1:133581770:133588975:clu_253_-	chr1	133581771	133588974	-	0.0407709021566802	0.0712906316756381	0.0305197295189579	0.00207235090267444
chr1:clu_253_-	Zbed6,Zc3h11a	chr1:133581770:133588994:clu_253_-	chr1	133581771	133588993	-	0.0149995335978651	0.038163924967722	0.0231643913698568	0.00207235090267444
chr10:clu_931_+	Psap	chr10:60133325:60134877:clu_931_+	chr10	60133326	60134876	+	0.0170628689721095	0.0387660326587229	0.0217031636866134	0.00207235090267444
chr10:clu_931_+	Psap	chr10:60131782:60133317:clu_931_+	chr10	60131783	60133316	+	0.0168429353413775	0.0385169407852917	0.0216740054439141	0.00207235090267444
chr1:clu_253_-	Zbed6,Zc3h11a	chr1:133583136:133588994:clu_253_-	chr1	133583137	133588993	-	0.0790335132994312	0.0604429676492733	-0.0185905456501579	0.00207235090267444
chr1:clu_268_-	Rgs18	chr1:144649320:144650305:clu_268_-	chr1	144649321	144650304	-	0.319177341574184	0.304314455963071	-0.0148628856111133	0.00207235090267444
chr1:clu_253_-	Zbed6,Zc3h11a	chr1:133581770:133583083:clu_253_-	chr1	133581771	133583082	-	0.157298087889792	0.14308264604902	-0.0142154418407728	0.00207235090267444
chr1:clu_268_-	Rgs18	chr1:144631827:144650305:clu_268_-	chr1	144631828	144650304	-	0.0157927035401309	0.0288314727087821	0.0130387691686511	0.00207235090267444
chr1:clu_268_-	Rgs18	chr1:144631827:144649259:clu_268_-	chr1	144631828	144649258	-	0.317238157816697	0.304264670726388	-0.0129734870903097	0.00207235090267444
chr1:clu_268_-	Rgs18	chr1:144631827:144650861:clu_268_-	chr1	144631828	144650860	-	0.0024679883395601	0.0151329197969025	0.0126649314573424	0.00207235090267444
chr1:clu_253_-	Zbed6,Zc3h11a	chr1:133582176:133583083:clu_253_-	chr1	133582177	133583082	-	0.0331693791883622	0.021594436471089	-0.0115749427172732	0.00207235090267444
chr1:clu_253_-	Zbed6,Zc3h11a	chr1:133582176:133588975:clu_253_-	chr1	133582177	133588974	-	0.0101364363972289	0.0210138695851371	0.0108774331879082	0.00207235090267444
chr1:clu_253_-	Zbed6,Zc3h11a	chr1:133575267:133588975:clu_253_-	chr1	133575268	133588974	-	0.00519558908755933	0.0159597439534192	0.0107641548658599	0.00207235090267444
chr1:clu_253_-	Zbed6,Zc3h11a	chr1:133575267:133581711:clu_253_-	chr1	133575268	133581710	-	0.474199776243636	0.477878907115864	0.00367913087222765	0.00207235090267444
chr1:clu_268_-	Rgs18	chr1:144649320:144650861:clu_268_-	chr1	144649321	144650860	-	0.00400405150622336	0.00758486268608527	0.00358081117986191	0.00207235090267444
chr1:clu_253_-	Zbed6,Zc3h11a	chr1:133581770:133583072:clu_253_-	chr1	133581771	133583071	-	0.0140758471644364	0.0131611658176982	-9.1468134673822e-4	0.00207235090267444
chr1:clu_268_-	Rgs18	chr1:144631827:144635635:clu_268_-	chr1	144631828	144635634	-	0.00587607150377993	0.00511154931316867	-7.6452219061125e-4	0.00207235090267444
chr1:clu_268_-	Rgs18	chr1:144635805:144649259:clu_268_-	chr1	144635806	144649258	-	0.00456169625121505	0.00395965105393679	-6.0204519727825e-4	0.00207235090267444
chr1:clu_268_-	Rgs18	chr1:144650406:144650861:clu_268_-	chr1	144650407	144650860	-	0.330881989468209	0.330800417751666	-8.15717165428831e-5	0.00207235090267444
chr3:clu_8416_+	Bbs12,Gm43439	chr3:37366734:37373199:clu_8416_+	chr3	37366735	37373198	+	0.713162405850104	0.550658160084209	-0.162504245765895	0.00223733677812136
chr3:clu_8416_+	Bbs12,Gm43439	chr3:37366734:37373285:clu_8416_+	chr3	37366735	37373284	+	0.0667847744472115	0.212534683612078	0.145749909164866	0.00223733677812136
chr7:clu_11988_+	Ube3a	chr7:58879019:58896921:clu_11988_+	chr7	58879020	58896920	+	0.205819479454636	0.282981201048542	0.0771617215939064	0.00223733677812136
chr12:clu_3144_-	Ppp4r3a	chr12:101010918:101015919:clu_3144_-	chr12	101010919	101015918	-	0.862748715129359	0.922811586620225	0.0600628714908661	0.00223733677812136
chr7:clu_11988_+	Ube3a	chr7:58896965:58921695:clu_11988_+	chr7	58896966	58921694	+	0.322506817420572	0.382383870626216	0.0598770532056445	0.00223733677812136
chr7:clu_11988_+	Ube3a	chr7:58893217:58896921:clu_11988_+	chr7	58893218	58896920	+	0.153017310877198	0.0952880388234641	-0.0577292720537337	0.00223733677812136
chr12:clu_3144_-	Ppp4r3a	chr12:101010918:101011785:clu_3144_-	chr12	101010919	101011784	-	0.0712922957276143	0.0387401994582288	-0.0325520962693856	0.00223733677812136
chr7:clu_11988_+	Ube3a	chr7:58879019:58893098:clu_11988_+	chr7	58879020	58893097	+	0.0609305517378013	0.0295969737592513	-0.03133357797855	0.00223733677812136
chr12:clu_3144_-	Ppp4r3a	chr12:101011940:101015919:clu_3144_-	chr12	101011941	101015918	-	0.0659589891430265	0.0384482139215459	-0.0275107752214806	0.00223733677812136
chr1:clu_366_-	Mndal	chr1:173693123:173698944:clu_366_-	chr1	173693124	173698943	-	0.215848796832024	0.192810952399836	-0.0230378444321879	0.00223733677812136
chr3:clu_8416_+	Bbs12,Gm43439	chr3:37366734:37366999:clu_8416_+	chr3	37366735	37366998	+	0.0775057452222873	0.10016528722257	0.022659542000283	0.00223733677812136
chr7:clu_11988_+	Ube3a	chr7:58890781:58893098:clu_11988_+	chr7	58890782	58893097	+	0.0821436186425316	0.0606444737188755	-0.0214991449236561	0.00223733677812136
chr7:clu_11988_+	Ube3a	chr7:58896965:58911770:clu_11988_+	chr7	58896966	58911769	+	0.0350224418641184	0.0176821348133884	-0.01734030705073	0.00223733677812136
chr7:clu_11988_+	Ube3a	chr7:58911806:58921695:clu_11988_+	chr7	58911807	58921694	+	0.0383093466094945	0.022691000965554	-0.0156183456439405	0.00223733677812136
chr1:clu_366_-	Mndal	chr1:173690449:173698944:clu_366_-	chr1	173690450	173698943	-	0.0216406458394317	0.035614465016469	0.0139738191770373	0.00223733677812136
chr7:clu_11988_+	Ube3a	chr7:58879019:58890715:clu_11988_+	chr7	58879020	58890714	+	0.0887110117628106	0.0768222996588091	-0.0118887121040015	0.00223733677812136
chr7:clu_11988_+	Ube3a	chr7:58890781:58896921:clu_11988_+	chr7	58890782	58896920	+	0.00731339117987541	0.0190115279899073	0.0116981368100319	0.00223733677812136
chr1:clu_366_-	Mndal	chr1:173699111:173700418:clu_366_-	chr1	173699112	173700417	-	0.238247670894987	0.229234607865644	-0.00901306302934304	0.00223733677812136
chr7:clu_11988_+	Ube3a	chr7:58879019:58921695:clu_11988_+	chr7	58879020	58921694	+	0.00622603045096299	0.0128984785959921	0.00667244814502915	0.00223733677812136
chr1:clu_366_-	Mndal	chr1:173693123:173701917:clu_366_-	chr1	173693124	173701916	-	0.00125238802155702	0.0074410261429271	0.00618863812137008	0.00223733677812136
chr3:clu_8416_+	Bbs12,Gm43439	chr3:37367090:37373199:clu_8416_+	chr3	37367091	37373198	+	0.142547074480397	0.136641869081143	-0.00590520539925415	0.00223733677812136
chr1:clu_366_-	Mndal	chr1:173693123:173695766:clu_366_-	chr1	173693124	173695765	-	0.0255359485083388	0.0309190117960813	0.00538306328774243	0.00223733677812136
chr1:clu_366_-	Mndal	chr1:173693123:173700418:clu_366_-	chr1	173693124	173700417	-	0.00247370471728942	0.00734459695259441	0.00487089223530499	0.00223733677812136
chr1:clu_366_-	Mndal	chr1:173697109:173698944:clu_366_-	chr1	173697110	173698943	-	0.00258919235948355	0.00684625106697388	0.00425705870749034	0.00223733677812136
chr1:clu_366_-	Mndal	chr1:173700585:173701917:clu_366_-	chr1	173700586	173701916	-	0.237970084740725	0.234504471047499	-0.00346561369322662	0.00223733677812136
chr1:clu_366_-	Mndal	chr1:173699111:173701917:clu_366_-	chr1	173699112	173701916	-	0.00322344413642083	0.00508987790532226	0.00186643376890143	0.00223733677812136
chr1:clu_366_-	Mndal	chr1:173690449:173692965:clu_366_-	chr1	173690450	173692964	-	0.251218123949741	0.250194739806653	-0.00102338414308889	0.00223733677812136
chr4:clu_9214_+	Ccdc107	chr4:43493759:43495195:clu_9214_+	chr4	43493760	43495194	+	0.953992260530167	0.586492712634606	-0.36749954789556	0.00224471438096637
chr4:clu_9214_+	Ccdc107	chr4:43494541:43495195:clu_9214_+	chr4	43494542	43495194	+	0.0353674399702336	0.258209016074888	0.222841576104655	0.00224471438096637
chr4:clu_9214_+	Ccdc107	chr4:43493759:43494497:clu_9214_+	chr4	43493760	43494496	+	0.0106402994995995	0.155298271290505	0.144657971790906	0.00224471438096637
chr7:clu_11779_+	Cnot3	chr7:3648583:3653800:clu_11779_+	chr7	3648584	3653799	+	0.645921205946953	0.511848293674168	-0.134072912272786	0.00284537797303602
chr7:clu_11779_+	Cnot3	chr7:3649064:3653800:clu_11779_+	chr7	3649065	3653799	+	0.0598281587242712	0.109325978201989	0.0494978194777177	0.00284537797303602
chr2:clu_7865_-	Hdc	chr2:126445905:126448280:clu_7865_-	chr2	126445906	126448279	-	0.0199687805724243	0.0659042419107803	0.045935461338356	0.00284537797303602
chr7:clu_11779_+	Cnot3	chr7:3648583:3648992:clu_11779_+	chr7	3648584	3648991	+	0.054857379657585	0.0923262351860069	0.0374688555284219	0.00284537797303602
chr7:clu_11779_+	Cnot3	chr7:3649064:3653797:clu_11779_+	chr7	3649065	3653796	+	0.0592929286118015	0.0870946948120226	0.027801766200221	0.00284537797303602
chr7:clu_11779_+	Cnot3	chr7:3648594:3648992:clu_11779_+	chr7	3648595	3648991	+	0.0528211054447827	0.0802588422354979	0.0274377367907152	0.00284537797303602
chr2:clu_7865_-	Hdc	chr2:126445905:126446161:clu_7865_-	chr2	126445906	126446160	-	0.49210127775406	0.469035792527924	-0.0230654852261366	0.00284537797303602
chr2:clu_7865_-	Hdc	chr2:126446295:126448280:clu_7865_-	chr2	126446296	126448279	-	0.487929941673515	0.465059965561296	-0.0228699761122194	0.00284537797303602
chr7:clu_11779_+	Cnot3	chr7:3648583:3653797:clu_11779_+	chr7	3648584	3653796	+	0.0302691640656053	0.0253838538945522	-0.0048853101710531	0.00284537797303602
chr7:clu_11779_+	Cnot3	chr7:3648594:3653800:clu_11779_+	chr7	3648595	3653799	+	0.0970100575490007	0.093762101995764	-0.00324795555323673	0.00284537797303602
chr17:clu_5583_+	Tbp	chr17:15721619:15723227:clu_5583_+	chr17	15721620	15723226	+	0.0330775720099931	0.0803372164303151	0.0472596444203221	0.00294237217000814
chr17:clu_5583_+	Tbp	chr17:15720286:15723227:clu_5583_+	chr17	15720287	15723226	+	0.818005412314842	0.780811146550099	-0.0371942657647428	0.00294237217000814
chr17:clu_5583_+	Tbp	chr17:15720286:15721416:clu_5583_+	chr17	15720287	15721415	+	0.0665643299348851	0.0397900328902432	-0.0267742970446419	0.00294237217000814
chr17:clu_5583_+	Tbp	chr17:15720286:15721574:clu_5583_+	chr17	15720287	15721573	+	0.00571127711734504	0.0283534974579599	0.0226422203406148	0.00294237217000814
chr17:clu_5583_+	Tbp	chr17:15721464:15723227:clu_5583_+	chr17	15721465	15723226	+	0.0388321207663429	0.0231861669187471	-0.0156459538475958	0.00294237217000814
chr17:clu_5583_+	Tbp	chr17:15721464:15721574:clu_5583_+	chr17	15721465	15721573	+	0.0140427412565609	0.0202948905845017	0.00625214932794074	0.00294237217000814
chr17:clu_5583_+	Tbp	chr17:15720286:15723224:clu_5583_+	chr17	15720287	15723223	+	0.0164993066758287	0.018814068939825	0.00231476226399634	0.00294237217000814
chr17:clu_5583_+	Tbp	chr17:15720488:15723227:clu_5583_+	chr17	15720489	15723226	+	0.00726723992420217	0.00841298022830878	0.00114574030410661	0.00294237217000814
chr3:clu_8069_-	Pex2	chr3:5626824:5628225:clu_8069_-	chr3	5626825	5628224	-	0.327349448950034	0.487573609157101	0.160224160207067	0.00321437810098973
chr3:clu_8069_-	Pex2	chr3:5626824:5627729:clu_8069_-	chr3	5626825	5627728	-	0.27224435983997203	0.168319870865927	-0.103924488974045	0.00321437810098973
chr3:clu_8069_-	Pex2	chr3:5627792:5628225:clu_8069_-	chr3	5627793	5628224	-	0.263001782907263	0.161572415701235	-0.101429367206028	0.00321437810098973
chr3:clu_8069_-	Pex2	chr3:5626820:5628225:clu_8069_-	chr3	5626821	5628224	-	0.104989718394071	0.160171723056383	0.0551820046623113	0.00321437810098973
chr3:clu_8069_-	Pex2	chr3:5627767:5628225:clu_8069_-	chr3	5627768	5628224	-	0.0194563736850316	0.0120103284096329	-0.00744604527539868	0.00321437810098973
chr3:clu_8069_-	Pex2	chr3:5626820:5627729:clu_8069_-	chr3	5626821	5627728	-	0.0129583162236272	0.0103520528097207	-0.00260626341390657	0.00321437810098973
chr7:clu_11857_+	Dmac2	chr7:25320517:25321769:clu_11857_+	chr7	25320518	25321768	+	0.620717898161389	0.760929333472711	0.140211435311321	0.00345119821300291
chr8:clu_12904_+	Nup93	chr8:94941259:94954291:clu_12904_+	chr8	94941260	94954290	+	0.875190722207443	0.80465607839508	-0.0705346438123625	0.00345119821300291
chr5:clu_10204_+	Add1	chr5:34731257:34758668:clu_10204_+	chr5	34731258	34758667	+	0.840006190497345	0.779571592533234	-0.0604345979641113	0.00345119821300291
chr7:clu_11857_+	Dmac2	chr7:25321472:25321769:clu_11857_+	chr7	25321473	25321768	+	0.138801776645801	0.0811924018726904	-0.0576093747731101	0.00345119821300291
chr7:clu_11857_+	Dmac2	chr7:25320517:25321398:clu_11857_+	chr7	25320518	25321397	+	0.054714869392657	0.0173561785814883	-0.0373586908111686	0.00345119821300291
chr8:clu_12904_+	Nup93	chr8:94941259:94947188:clu_12904_+	chr8	94941260	94947187	+	0.0549642329604895	0.0898619075243876	0.0348976745638981	0.00345119821300291
chr8:clu_12904_+	Nup93	chr8:94947239:94954291:clu_12904_+	chr8	94947240	94954290	+	0.0566415438686822	0.0914696867538216	0.0348281428851394	0.00345119821300291
chr7:clu_11857_+	Dmac2	chr7:25320937:25321398:clu_11857_+	chr7	25320938	25321397	+	0.0724358291763106	0.0387225534850433	-0.0337132756912673	0.00345119821300291
chr5:clu_10204_+	Add1	chr5:34731257:34755513:clu_10204_+	chr5	34731258	34755512	+	0.0775829143295254	0.107868188261327	0.0302852739318011	0.00345119821300291
chr5:clu_10204_+	Add1	chr5:34755791:34758668:clu_10204_+	chr5	34755792	34758667	+	0.0762673207689896	0.104930326215449	0.0286630054464598	0.00345119821300291
chr7:clu_11857_+	Dmac2	chr7:25320517:25320849:clu_11857_+	chr7	25320518	25320848	+	0.0947566821344628	0.0735032153324912	-0.0212534668019716	0.00345119821300291
chr7:clu_11857_+	Dmac2	chr7:25320937:25321769:clu_11857_+	chr7	25320938	25321768	+	0.0185729444893797	0.0282963172555759	0.00972337276619617	0.00345119821300291
chr5:clu_10204_+	Add1	chr5:34755568:34758668:clu_10204_+	chr5	34755569	34758667	+	0.00614357440413979	0.00762989298999014	0.00148631858585035	0.00345119821300291
chr8:clu_12904_+	Nup93	chr8:94941264:94954291:clu_12904_+	chr8	94941265	94954290	+	0.0132035009633855	0.0140123273267106	8.0882636332506e-4	0.00345119821300291
chr6:clu_11018_+	Immt	chr6:71829851:71833896:clu_11018_+	chr6	71829852	71833895	+	0.320033491143221	0.284160930371708	-0.0358725607715134	0.00383582427513203
chr6:clu_11018_+	Immt	chr6:71829851:71830157:clu_11018_+	chr6	71829852	71830156	+	0.114912706050393	0.140355186330073	0.0254424802796798	0.00383582427513203
chr6:clu_11018_+	Immt	chr6:71830252:71833896:clu_11018_+	chr6	71830253	71833895	+	0.11851810529882	0.143470483695324	0.0249523783965039	0.00383582427513203
chr6:clu_11018_+	Immt	chr6:71828864:71829747:clu_11018_+	chr6	71828865	71829746	+	0.216750660446787	0.205815483376232	-0.0109351770705545	0.00383582427513203
chr6:clu_11018_+	Immt	chr6:71828864:71833896:clu_11018_+	chr6	71828865	71833895	+	0.0233555819729751	0.0193497887169125	-0.00400579325606251	0.00383582427513203
chr6:clu_11018_+	Immt	chr6:71828864:71829750:clu_11018_+	chr6	71828865	71829749	+	0.0397761107913948	0.0437269821554589	0.0039508713640641	0.00383582427513203
chr6:clu_11018_+	Immt	chr6:71828864:71829714:clu_11018_+	chr6	71828865	71829713	+	0.163495399145246	0.160435222014524	-0.00306017713072207	0.00383582427513203
chr6:clu_11018_+	Immt	chr6:71828864:71829780:clu_11018_+	chr6	71828865	71829779	+	0.00159073448345161	0.00131528914029053	-2.7544534316108e-4	0.00383582427513203
chr6:clu_11018_+	Immt	chr6:71828864:71829723:clu_11018_+	chr6	71828865	71829722	+	0.0015672106677119	0.00137063419947761	-1.9657646823428e-4	0.00383582427513203
chr6:clu_11108_+	Setd5	chr6:113087486:113087827:clu_11108_+	chr6	113087487	113087826	+	0.544515167172883	0.770951288726674	0.226436121553791	0.00395047993884587
chr6:clu_11108_+	Setd5	chr6:113087486:113087591:clu_11108_+	chr6	113087487	113087590	+	0.23179738208846	0.117281496432777	-0.114515885655682	0.00395047993884587
chr6:clu_11108_+	Setd5	chr6:113087631:113087827:clu_11108_+	chr6	113087632	113087826	+	0.185290752832389	0.0925598278143689	-0.0927309250180199	0.00395047993884587
chr6:clu_11108_+	Setd5	chr6:113087716:113087827:clu_11108_+	chr6	113087717	113087826	+	0.0383966979062688	0.0192073870261798	-0.019189310880089	0.00395047993884587
chr16:clu_5153_+	Ift57	chr16:49519912:49523513:clu_5153_+	chr16	49519913	49523512	+	0.0437383103063365	0.0881371721287705	0.044398861822434	0.00402836665027144
chr16:clu_5153_+	Ift57	chr16:49522379:49523513:clu_5153_+	chr16	49522380	49523512	+	0.484692328186553	0.461342697309702	-0.0233496308768513	0.00402836665027144
chr16:clu_5153_+	Ift57	chr16:49519912:49522217:clu_5153_+	chr16	49519913	49522216	+	0.47156936150711	0.450520130561528	-0.0210492309455828	0.00402836665027144
chr15:clu_4664_-	Prkag1	chr15:98723614:98729311:clu_4664_-	chr15	98723615	98729310	-	0.91031725379653	0.861528216775825	-0.0487890370207041	0.00495710368848471
chr15:clu_4664_-	Prkag1	chr15:98723614:98728768:clu_4664_-	chr15	98723615	98728767	-	0.0801125263349254	0.118680257201605	0.03856773086668	0.00495710368848471
chr15:clu_4664_-	Prkag1	chr15:98728894:98729311:clu_4664_-	chr15	98728895	98729310	-	0.00499346875980094	0.0125164211814096	0.00752295242160869	0.00495710368848471
chr15:clu_4664_-	Prkag1	chr15:98723614:98729016:clu_4664_-	chr15	98723615	98729015	-	0.00457675110874419	0.00727510484115968	0.00269835373241549	0.00495710368848471
chr11:clu_1836_+	Rhot1	chr11:80145688:80156568:clu_1836_+	chr11	80145689	80156567	+	0.340216009663946	0.540059361478573	0.199843351814627	0.0049741627827687
chr11:clu_1836_+	Rhot1	chr11:80145688:80146688:clu_1836_+	chr11	80145689	80146687	+	0.241628363643051	0.16840256047491	-0.0732258031681406	0.0049741627827687
chr11:clu_1836_+	Rhot1	chr11:80146783:80156568:clu_1836_+	chr11	80146784	80156567	+	0.199215554741749	0.138843004292667	-0.0603725504490826	0.0049741627827687
chr11:clu_1836_+	Rhot1	chr11:80148462:80156568:clu_1836_+	chr11	80148463	80156567	+	0.104154147914891	0.0725900887849481	-0.031564059129943	0.0049741627827687
chr11:clu_1836_+	Rhot1	chr11:80145688:80148340:clu_1836_+	chr11	80145689	80148339	+	0.0557247448886623	0.0388996392529306	-0.0168251056357317	0.0049741627827687
chr11:clu_1836_+	Rhot1	chr11:80146783:80148340:clu_1836_+	chr11	80146784	80148339	+	0.0516831991772028	0.0360205339112272	-0.0156626652659756	0.0049741627827687
chr11:clu_1836_+	Rhot1	chr11:80145688:80146665:clu_1836_+	chr11	80145689	80146664	+	0.00737797997049741	0.00518481180474353	-0.00219316816575387	0.0049741627827687
chr14:clu_3931_-	Ngly1	chr14:6159449:6175090:clu_3931_-	chr14	6159450	6175089	-	0.327178332748102	0.3155356813044	-0.0116426514437015	0.00505739112767124
chr14:clu_3931_-	Ngly1	chr14:6175275:6178828:clu_3931_-	chr14	6175276	6178827	-	0.323713165322641	0.312315646824926	-0.011397518497715	0.00505739112767124
chr14:clu_3931_-	Ngly1	chr14:6159449:6178828:clu_3931_-	chr14	6159450	6178827	-	0.00551470040545568	0.0155543819246858	0.0100396815192301	0.00505739112767124
chr14:clu_3931_-	Ngly1	chr14:6159449:6186290:clu_3931_-	chr14	6159450	6186289	-	0.00770126545800791	0.0175626106260421	0.00986134516803423	0.00505739112767124
chr14:clu_3931_-	Ngly1	chr14:6178992:6186290:clu_3931_-	chr14	6178993	6186289	-	0.333641297698061	0.336779872304998	0.00313857460693751	0.00505739112767124
chr14:clu_3931_-	Ngly1	chr14:6175273:6178828:clu_3931_-	chr14	6175274	6178827	-	0.00225123836773288	0.00225180701494758	5.68647214691399e-7	0.00505739112767124
chr8:clu_12653_+	Tfdp1	chr8:13419580:13420481:clu_12653_+	chr8	13419581	13420480	+	0.831728197161297	0.877655550668936	0.0459273535076394	0.00528462103307831
chr8:clu_12653_+	Tfdp1	chr8:13420274:13420481:clu_12653_+	chr8	13420275	13420480	+	0.0861794308240657	0.0623834129982426	-0.0237960178258231	0.00528462103307831
chr8:clu_12653_+	Tfdp1	chr8:13419580:13420172:clu_12653_+	chr8	13419581	13420171	+	0.049100412349132	0.0349032882357817	-0.0141971241133503	0.00528462103307831
chr8:clu_12653_+	Tfdp1	chr8:13419580:13420169:clu_12653_+	chr8	13419581	13420168	+	0.0329919596655056	0.0250577480970395	-0.00793421156846613	0.00528462103307831
chr17:clu_5448_-	Satb1	chr17:52047441:52049674:clu_5448_-	chr17	52047442	52049673	-	0.636342367339527	0.765428261996128	0.129085894656601	0.00540381041467634
chr17:clu_5448_-	Satb1	chr17:52049170:52049674:clu_5448_-	chr17	52049171	52049673	-	0.154374648864674	0.0787245431119448	-0.0756501057527296	0.00540381041467634
chr17:clu_5448_-	Satb1	chr17:52047441:52049075:clu_5448_-	chr17	52047442	52049074	-	0.141854714796278	0.0724400037962651	-0.0694147110000132	0.00540381041467634
chr17:clu_5448_-	Satb1	chr17:52047438:52049674:clu_5448_-	chr17	52047439	52049673	-	0.0674282689995203	0.0834071910956623	0.015978922096142	0.00540381041467634
chr8:clu_12613_-	Rbm34	chr8:127686335:127692132:clu_12613_-	chr8	127686336	127692131	-	0.22095099160303	0.330716775323617	0.109765783720587	0.00559931437602388
chr8:clu_12613_-	Rbm34	chr8:127688721:127692132:clu_12613_-	chr8	127688722	127692131	-	0.178831827550462	0.0914465388427273	-0.0873852887077344	0.00559931437602388
chr8:clu_12613_-	Rbm34	chr8:127686335:127688662:clu_12613_-	chr8	127686336	127688661	-	0.177384395866032	0.0915540046609889	-0.0858303912050436	0.00559931437602388
chr8:clu_12613_-	Rbm34	chr8:127680199:127686292:clu_12613_-	chr8	127680200	127686291	-	0.394361513012459	0.426361877019046	0.0320003640065862	0.00559931437602388
chr8:clu_12613_-	Rbm34	chr8:127680199:127692132:clu_12613_-	chr8	127680200	127692131	-	0.0284712719680162	0.0599208041536209	0.0314495321856048	0.00559931437602388
chr11:clu_2250_-	Arf1	chr11:59104349:59118702:clu_2250_-	chr11	59104350	59118701	-	0.0544415880347493	0.0467595464827976	-0.00768204155195171	0.00563034907545944
chr11:clu_2250_-	Arf1	chr11:59114642:59118999:clu_2250_-	chr11	59114643	59118998	-	0.00301448261067594	0.00786979782364055	0.0048553152129646	0.00563034907545944
chr11:clu_2250_-	Arf1	chr11:59104349:59114605:clu_2250_-	chr11	59104350	59114604	-	0.00381698547454493	0.00848509013911165	0.00466810466456671	0.00563034907545944
chr11:clu_2250_-	Arf1	chr11:59104349:59118999:clu_2250_-	chr11	59104350	59118998	-	0.936501073381943	0.933735879359639	-0.0027651940223048	0.00563034907545944
chr11:clu_2250_-	Arf1	chr11:59104349:59118120:clu_2250_-	chr11	59104350	59118119	-	0.00222587049808632	0.00314968619481159	9.2381569672526e-4	0.00563034907545944
chr9:clu_13701_-	Tcf12	chr9:71775560:71777356:clu_13701_-	chr9	71775561	71777355	-	0.598013643809699	0.787345326055068	0.189331682245369	0.00607429960009212
chr9:clu_13701_-	Tcf12	chr9:71776352:71777356:clu_13701_-	chr9	71776353	71777355	-	0.183503415844815	0.0844768391802429	-0.0990265766645717	0.00607429960009212
chr9:clu_13701_-	Tcf12	chr9:71775560:71776281:clu_13701_-	chr9	71775561	71776280	-	0.176411244666407	0.0812119181031766	-0.0951993265632299	0.00607429960009212
chr9:clu_13701_-	Tcf12	chr9:71775557:71777356:clu_13701_-	chr9	71775558	71777355	-	0.0420716956790795	0.046965916661512	0.00489422098243254	0.00607429960009212
chr1:clu_262_-	Ipo9	chr1:135313215:135313957:clu_262_-	chr1	135313216	135313956	-	0.00711318217220978	0.0219802760505959	0.0148670938783861	0.00607601999143912
chr1:clu_262_-	Ipo9	chr1:135313215:135313665:clu_262_-	chr1	135313216	135313664	-	0.497053942468892	0.489611253642772	-0.00744268882611993	0.00607601999143912
chr1:clu_262_-	Ipo9	chr1:135313741:135313957:clu_262_-	chr1	135313742	135313956	-	0.495832875358898	0.488408470306632	-0.00742440505226621	0.00607601999143912
chr16:clu_4778_-	Ube2v2	chr16:15374407:15398923:clu_4778_-	chr16	15374408	15398922	-	0.0393573171522165	0.0787077142418387	0.0393503970896222	0.0061158080584325
chr16:clu_4778_-	Ube2v2	chr16:15374407:15394879:clu_4778_-	chr16	15374408	15394878	-	0.481853539575028	0.461554643935646	-0.0202988956393814	0.0061158080584325
chr16:clu_4778_-	Ube2v2	chr16:15395004:15398923:clu_4778_-	chr16	15395005	15398922	-	0.478789143272756	0.459737641822515	-0.0190515014502407	0.0061158080584325
chr16:clu_4854_-	Atp13a3	chr16:30134719:30141690:clu_4854_-	chr16	30134720	30141689	-	0.411339563369904	0.592583088429566	0.181243525059662	0.00617439525881123
chr2:clu_7696_-	Baz2b	chr2:59788836:59792365:clu_7696_-	chr2	59788837	59792364	-	0.480377023575434	0.613035924047291	0.132658900471857	0.00617439525881123
chr4:clu_8866_-	Psip1	chr4:83379478:83381832:clu_8866_-	chr4	83379479	83381831	-	0.501006136059176	0.601782257790238	0.100776121731062	0.00617439525881123
chr16:clu_4854_-	Atp13a3	chr16:30134719:30140624:clu_4854_-	chr16	30134720	30140623	-	0.302315710962701	0.210133836827261	-0.0921818741354396	0.00617439525881123
chr16:clu_4854_-	Atp13a3	chr16:30140713:30141690:clu_4854_-	chr16	30140714	30141689	-	0.286344725667395	0.197283074743173	-0.0890616509242223	0.00617439525881123
chr6:clu_11011_+	Gng12	chr6:66891494:66992709:clu_11011_+	chr6	66891495	66992708	+	0.229135147083863	0.301249754811105	0.0721146077272423	0.00617439525881123
chr2:clu_7696_-	Baz2b	chr2:59788836:59790165:clu_7696_-	chr2	59788837	59790164	-	0.26422928234613	0.195635780942844	-0.0685935014032858	0.00617439525881123
chr6:clu_10982_+	Zfp783	chr6:47922685:47922771:clu_10982_+	chr6	47922686	47922770	+	0.0992640812057938	0.166473860514046	0.0672097793082526	0.00617439525881123
chr2:clu_7696_-	Baz2b	chr2:59790449:59792365:clu_7696_-	chr2	59790450	59792364	-	0.255393694078436	0.191328295009865	-0.064065399068571	0.00617439525881123
chr6:clu_10982_+	Zfp783	chr6:47923724:47925828:clu_10982_+	chr6	47923725	47925827	+	0.248521736766625	0.201127243939494	-0.0473944928271305	0.00617439525881123
chr6:clu_10982_+	Zfp783	chr6:47922896:47925828:clu_10982_+	chr6	47922897	47925827	+	0.0936726212367667	0.139389115084425	0.0457164938476579	0.00617439525881123
chr6:clu_10982_+	Zfp783	chr6:47922685:47922817:clu_10982_+	chr6	47922686	47922816	+	0.319098096727393	0.274600794445814	-0.0444973022815788	0.00617439525881123
chr4:clu_8866_-	Psip1	chr4:83380710:83381832:clu_8866_-	chr4	83380711	83381831	-	0.264482572370498	0.220119779489199	-0.044362792881299	0.00617439525881123
chr6:clu_10982_+	Zfp783	chr6:47922896:47923596:clu_10982_+	chr6	47922897	47923595	+	0.216816645531481	0.174978685015759	-0.0418379605157221	0.00617439525881123
chr6:clu_11011_+	Gng12	chr6:66891494:66920809:clu_11011_+	chr6	66891495	66920808	+	0.384663135421137	0.347600063022338	-0.037063072398799	0.00617439525881123
chr4:clu_8866_-	Psip1	chr4:83380790:83381832:clu_8866_-	chr4	83380791	83381831	-	0.0874565182625601	0.0523853959256213	-0.0350711223369388	0.00617439525881123
chr6:clu_11011_+	Gng12	chr6:66920861:66992709:clu_11011_+	chr6	66920862	66992708	+	0.330365964105545	0.295711577672631	-0.0346543864329145	0.00617439525881123
chr7:clu_11392_-	Lsm14a	chr7:34045383:34050711:clu_11392_-	chr7	34045384	34050710	-	0.100182389208792	0.12725102867413501	0.0270686394653426	0.00617439525881123
chr6:clu_10982_+	Zfp783	chr6:47922685:47925828:clu_10982_+	chr6	47922686	47925827	+	0.0226268185319412	0.043430301000462	0.0208034824685208	0.00617439525881123
chr7:clu_11392_-	Lsm14a	chr7:34047407:34050711:clu_11392_-	chr7	34047408	34050710	-	0.267925675276886	0.249574145003973	-0.0183515302729132	0.00617439525881123
chr7:clu_11392_-	Lsm14a	chr7:34045383:34047351:clu_11392_-	chr7	34045384	34047350	-	0.270870986753646	0.252715762144496	-0.0181552246091496	0.00617439525881123
chr4:clu_8866_-	Psip1	chr4:83380656:83381832:clu_8866_-	chr4	83380657	83381831	-	0.105548503353303	0.0957266189082126	-0.00982188444508994	0.00617439525881123
chr7:clu_11392_-	Lsm14a	chr7:34050942:34052815:clu_11392_-	chr7	34050943	34052814	-	0.3487693369831	0.358577109806202	0.00980777282310263	0.00617439525881123
chr4:clu_8866_-	Psip1	chr4:83380411:83381832:clu_8866_-	chr4	83380412	83381831	-	0.0143437466547939	0.00899762494062935	-0.00534612171416456	0.00617439525881123
chr4:clu_8866_-	Psip1	chr4:83380664:83381832:clu_8866_-	chr4	83380665	83381831	-	0.0131310671229417	0.00937435985921073	-0.00375670726373099	0.00617439525881123
chr4:clu_8866_-	Psip1	chr4:83380885:83381832:clu_8866_-	chr4	83380886	83381831	-	0.00506149702049592	0.00312261387837067	-0.00193888314212525	0.00617439525881123
chr4:clu_8866_-	Psip1	chr4:83380665:83381832:clu_8866_-	chr4	83380666	83381831	-	0.008969959156231	0.00849134920851795	-4.7860994771304e-4	0.00617439525881123
chr7:clu_11392_-	Lsm14a	chr7:34050942:34052803:clu_11392_-	chr7	34050943	34052802	-	0.00494049103557846	0.00450129847472392	-4.3919256085454e-4	0.00617439525881123
chr6:clu_11011_+	Gng12	chr6:66920866:66992709:clu_11011_+	chr6	66920867	66992708	+	0.0558357533894547	0.055438604493926	-3.9714889552867e-4	0.00617439525881123
chr7:clu_11392_-	Lsm14a	chr7:34045383:34052815:clu_11392_-	chr7	34045384	34052814	-	0.00104242718418885	0.00122655192890641	1.8412474471756e-4	0.00617439525881123
chr7:clu_11392_-	Lsm14a	chr7:34045379:34047351:clu_11392_-	chr7	34045380	34047350	-	0.00271256846870437	0.00262639051832718	-8.61779503771825e-5	0.00617439525881123
chr7:clu_11392_-	Lsm14a	chr7:34047407:34052815:clu_11392_-	chr7	34047408	34052814	-	0.00355612508910398	0.00352771344923576	-2.84116398682247e-5	0.00617439525881123
chr7:clu_11264_-	Clcn4	chr7:7299068:7301691:clu_11264_-	chr7	7299069	7301690	-	0.156326971504002	0.109287765572388	-0.047039205931613	0.00634215913018622
chr7:clu_11264_-	Clcn4	chr7:7299877:7301691:clu_11264_-	chr7	7299878	7301690	-	0.231333104590965	0.265143450784785	0.0338103461938201	0.00634215913018622
chr7:clu_11264_-	Clcn4	chr7:7298182:7298969:clu_11264_-	chr7	7298183	7298968	-	0.380341157740057	0.357799913594108	-0.0225412441459484	0.00634215913018622
chr7:clu_11264_-	Clcn4	chr7:7299068:7299723:clu_11264_-	chr7	7299069	7299722	-	0.197370613182473	0.219795503747584	0.0224248905651109	0.00634215913018622
chr7:clu_11264_-	Clcn4	chr7:7298182:7299056:clu_11264_-	chr7	7298183	7299055	-	0.0129893241690314	0.0244622398986709	0.0114729157296395	0.00634215913018622
chr7:clu_11264_-	Clcn4	chr7:7298182:7301691:clu_11264_-	chr7	7298183	7301690	-	0.0144914946370235	0.0158015056850563	0.00131001104803283	0.00634215913018622
chr7:clu_11264_-	Clcn4	chr7:7299068:7299333:clu_11264_-	chr7	7299069	7299332	-	0.00714733417644862	0.00770962071740674	5.6228654095812e-4	0.00634215913018622
chr8:clu_12871_+	Phkb	chr8:86623166:86628506:clu_12871_+	chr8	86623167	86628505	+	0.912336166026085	0.973652013200436	0.0613158471743515	0.00642300282743589
chr8:clu_12871_+	Phkb	chr8:86623166:86623298:clu_12871_+	chr8	86623167	86623297	+	0.0442871690942112	0.0133108235681082	-0.030976345526103	0.00642300282743589
chr8:clu_12871_+	Phkb	chr8:86623386:86628506:clu_12871_+	chr8	86623387	86628505	+	0.043376664879704	0.0130371632314555	-0.0303395016482485	0.00642300282743589
chr16:clu_5037_+	Trmt2a	chr16:18070699:18070788:clu_5037_+	chr16	18070700	18070787	+	0.32294058183101	0.314305464607306	-0.00863511722370425	0.00642300282743589
chr16:clu_5037_+	Trmt2a	chr16:18070884:18070964:clu_5037_+	chr16	18070885	18070963	+	0.337197303194406	0.342764547759055	0.00556724456464908	0.00642300282743589
chr16:clu_5037_+	Trmt2a	chr16:18070341:18070583:clu_5037_+	chr16	18070342	18070582	+	0.335811672015139	0.331345142551102	-0.00446652946403664	0.00642300282743589
chr16:clu_5037_+	Trmt2a	chr16:18070341:18070788:clu_5037_+	chr16	18070342	18070787	+	0.0018125193979918	0.00613272132893222	0.00432020193094042	0.00642300282743589
chr16:clu_5037_+	Trmt2a	chr16:18070341:18070964:clu_5037_+	chr16	18070342	18070963	+	5.6854788177805e-4	0.00379961795352709	0.00323107007174903	0.00642300282743589
chr16:clu_5037_+	Trmt2a	chr16:18070839:18070964:clu_5037_+	chr16	18070840	18070963	+	0.00166937567967559	0.00165250580007786	-1.68698795977363e-5	0.00642300282743589
chr1:clu_519_+	Abi2	chr1:60492921:60509825:clu_519_+	chr1	60492922	60509824	+	0.421568763152874	0.625817532089341	0.204248768936466	0.0065956042808059
chr1:clu_519_+	Abi2	chr1:60503774:60509825:clu_519_+	chr1	60503775	60509824	+	0.307627605182801	0.189792718334047	-0.117834886848754	0.0065956042808059
chr1:clu_519_+	Abi2	chr1:60492921:60503688:clu_519_+	chr1	60492922	60503687	+	0.270803631664325	0.184389749576613	-0.086413882087712	0.0065956042808059
chr13:clu_3663_-	Erbin	chr13:103959914:103970006:clu_3663_-	chr13	103959915	103970005	-	0.0571012270463917	0.126676024756254	0.0695747977098623	0.0065956042808059
chr13:clu_3663_-	Erbin	chr13:103959914:103961228:clu_3663_-	chr13	103959915	103961227	-	0.315741082726022	0.286772091956079	-0.0289689907699435	0.0065956042808059
chr13:clu_3663_-	Erbin	chr13:103961434:103964415:clu_3663_-	chr13	103961435	103964414	-	0.245360632361847	0.222420898148515	-0.0229397342133324	0.0065956042808059
chr17:clu_5366_-	Hnrnpm	chr17:33869371:33877362:clu_5366_-	chr17	33869372	33877361	-	0.0151146784053423	0.0360949208052525	0.0209802423999103	0.0065956042808059
chr13:clu_3663_-	Erbin	chr13:103959914:103964415:clu_3663_-	chr13	103959915	103964414	-	0.0186790583053831	0.0349595935339002	0.0162805352285171	0.0065956042808059
chr13:clu_3663_-	Erbin	chr13:103964531:103970006:clu_3663_-	chr13	103964532	103970005	-	0.172852794634429	0.156693412940581	-0.0161593816938478	0.0065956042808059
chr17:clu_5366_-	Hnrnpm	chr17:33869371:33871247:clu_5366_-	chr17	33869372	33871246	-	0.493704370156089	0.483187429062591	-0.0105169410934973	0.0065956042808059
chr17:clu_5366_-	Hnrnpm	chr17:33871300:33877362:clu_5366_-	chr17	33871301	33877361	-	0.491180951438569	0.480717650132156	-0.010463301306413	0.0065956042808059
chr13:clu_3663_-	Erbin	chr13:103964531:103966696:clu_3663_-	chr13	103964532	103966695	-	0.0864254718547354	0.0783454001103615	-0.00808007174437397	0.0065956042808059
chr13:clu_3663_-	Erbin	chr13:103966839:103970006:clu_3663_-	chr13	103966840	103970005	-	0.0806814293938037	0.0731383553387142	-0.00754307405508947	0.0065956042808059
chr13:clu_3663_-	Erbin	chr13:103961434:103970006:clu_3663_-	chr13	103961435	103970005	-	0.0133870529728103	0.0121358522613051	-0.00125120071150514	0.0065956042808059
chr13:clu_3663_-	Erbin	chr13:103961356:103964415:clu_3663_-	chr13	103961357	103964414	-	0.00977125070457811	0.008858370954291	-9.128797502871e-4	0.0065956042808059
chr4:clu_9155_+	Rad54b,Fsbp	chr4:11569932:11593621:clu_9155_+	chr4	11569933	11593620	+	0.651928157183155	0.870885177135573	0.218957019952418	0.00731393543241074
chr4:clu_9155_+	Rad54b,Fsbp	chr4:11569932:11583677:clu_9155_+	chr4	11569933	11583676	+	0.235229220828467	0.0763339667851183	-0.158895254043349	0.00731393543241074
chr4:clu_9155_+	Rad54b,Fsbp	chr4:11580107:11583677:clu_9155_+	chr4	11580108	11583676	+	0.0532863403320563	0.0172919370711507	-0.0359944032609055	0.00731393543241074
chr4:clu_9155_+	Rad54b,Fsbp	chr4:11569932:11578634:clu_9155_+	chr4	11569933	11578633	+	0.0595562816563214	0.035488919008158	-0.0240673626481635	0.00731393543241074
chr10:clu_885_+	Zbtb24	chr10:41338356:41340273:clu_885_+	chr10	41338357	41340272	+	0.820670133276214	0.938971444545469	0.118301311269255	0.00775009450271766
chr8:clu_12853_+	Lyl1	chr8:85429807:85430524:clu_12853_+	chr8	85429808	85430523	+	0.96395218538123	0.863033192060268	-0.100918993320962	0.00775009450271766
chr7:clu_11433_-	Med25	chr7:44529894:44530347:clu_11433_-	chr7	44529895	44530346	-	0.0698298717924184	0.140016313253732	0.0701864414613133	0.00775009450271766
chr13:clu_3477_-	Slc35b3	chr13:39127142:39138085:clu_3477_-	chr13	39127143	39138084	-	0.105339960562836	0.171056281382058	0.0657163208192219	0.00775009450271766
chr8:clu_12853_+	Lyl1	chr8:85429807:85429881:clu_12853_+	chr8	85429808	85429880	+	0.0235986564939777	0.0878451993376001	0.0642465428436224	0.00775009450271766
chr10:clu_885_+	Zbtb24	chr10:41340038:41340273:clu_885_+	chr10	41340039	41340272	+	0.0902720916479348	0.0307208953429597	-0.0595511963049751	0.00775009450271766
chr10:clu_885_+	Zbtb24	chr10:41338356:41339958:clu_885_+	chr10	41338357	41339957	+	0.0890577750758517	0.0303076601115714	-0.0587501149642803	0.00775009450271766
chr6:clu_10770_-	Uba3	chr6:97180555:97182494:clu_10770_-	chr6	97180556	97182493	-	0.143596366014127	0.0860550976714569	-0.0575412683426698	0.00775009450271766
chr3:clu_8561_+	Vps72	chr3:95018525:95025536:clu_8561_+	chr3	95018526	95025535	+	0.947440253698473	0.890860523497715	-0.0565797302007583	0.00775009450271766
chr13:clu_3477_-	Slc35b3	chr13:39127142:39128476:clu_3477_-	chr13	39127143	39128475	-	0.230979316577734	0.177590536922364	-0.0533887796553698	0.00775009450271766
chr13:clu_3477_-	Slc35b3	chr13:39128630:39138085:clu_3477_-	chr13	39128631	39138084	-	0.183739676330428	0.14289074076244	-0.040848935567988	0.00775009450271766
chr8:clu_12853_+	Lyl1	chr8:85430036:85430524:clu_12853_+	chr8	85430037	85430523	+	0.0124491581247926	0.0491216086021318	0.0366724504773391	0.00775009450271766
chr7:clu_11433_-	Med25	chr7:44529894:44529991:clu_11433_-	chr7	44529895	44529990	-	0.458777156770923	0.422460600725593	-0.0363165560453295	0.00775009450271766
chr7:clu_11433_-	Med25	chr7:44530062:44530347:clu_11433_-	chr7	44530063	44530346	-	0.471392971436659	0.437523086020675	-0.0338698854159839	0.00775009450271766
chr6:clu_10770_-	Uba3	chr6:97182308:97182494:clu_10770_-	chr6	97182309	97182493	-	0.424087397342924	0.455009692143551	0.030922294800627	0.00775009450271766
chr6:clu_10770_-	Uba3	chr6:97180555:97182267:clu_10770_-	chr6	97180556	97182266	-	0.405371112807107	0.4302314871257	0.0248603743185936	0.00775009450271766
chr3:clu_8561_+	Vps72	chr3:95018525:95022345:clu_8561_+	chr3	95018526	95022344	+	0.0181165575705459	0.0422540420521892	0.0241374844816433	0.00775009450271766
chr3:clu_8561_+	Vps72	chr3:95022421:95024632:clu_8561_+	chr3	95022422	95024631	+	0.0121644077742382	0.0348183382765513	0.0226539305023131	0.00775009450271766
chr13:clu_3477_-	Slc35b3	chr13:39123948:39127035:clu_3477_-	chr13	39123949	39127034	-	0.35954331074239	0.377025535426347	0.017482224683957	0.00775009450271766
chr13:clu_3477_-	Slc35b3	chr13:39123948:39138085:clu_3477_-	chr13	39123949	39138084	-	0.0167642381013935	0.0316498740701548	0.0148856359687613	0.00775009450271766
chr3:clu_8561_+	Vps72	chr3:95018525:95024632:clu_8561_+	chr3	95018526	95024631	+	0.0222787809567426	0.0320670961735445	0.00978831521680194	0.00775009450271766
chr13:clu_3477_-	Slc35b3	chr13:39128630:39135746:clu_3477_-	chr13	39128631	39135745	-	0.0384775301523095	0.0300732367345073	-0.00840429341780215	0.00775009450271766
chr13:clu_3477_-	Slc35b3	chr13:39127142:39135746:clu_3477_-	chr13	39127143	39135745	-	0.0114820811285305	0.0172569150214131	0.00577483389288265	0.00775009450271766
chr6:clu_10770_-	Uba3	chr6:97180555:97181876:clu_10770_-	chr6	97180556	97181875	-	0.00728642225048517	0.00930560469252789	0.00201918244204272	0.00775009450271766
chr13:clu_3477_-	Slc35b3	chr13:39135838:39138085:clu_3477_-	chr13	39135839	39138084	-	0.0536738864043784	0.0524568796807154	-0.00121700672366295	0.00775009450271766
chr6:clu_10770_-	Uba3	chr6:97180555:97181369:clu_10770_-	chr6	97180556	97181368	-	0.00797717303534276	0.00781131446115887	-1.6585857418388e-4	0.00775009450271766
chr6:clu_10770_-	Uba3	chr6:97180555:97182064:clu_10770_-	chr6	97180556	97182063	-	0.0116815285500145	0.0115868039056049	-9.47246444096689e-5	0.00775009450271766
chr2:clu_7456_+	Slco4a1	chr2:180107480:180108851:clu_7456_+	chr2	180107481	180108850	+	0.769476453928199	0.880720296433044	0.111243842504845	0.00795680172608032
chr2:clu_7456_+	Slco4a1	chr2:180107480:180107998:clu_7456_+	chr2	180107481	180107997	+	0.116577296267627	0.0603206067548419	-0.056256689512785	0.00795680172608032
chr2:clu_7456_+	Slco4a1	chr2:180108100:180108851:clu_7456_+	chr2	180108101	180108850	+	0.0966860455644527	0.0500281661776429	-0.0466578793868098	0.00795680172608032
chr2:clu_7456_+	Slco4a1	chr2:180108459:180108851:clu_7456_+	chr2	180108460	180108850	+	0.0172602042397213	0.00893093063447177	-0.00832927360524956	0.00795680172608032
chr5:clu_9732_-	Rab28	chr5:41793252:41845064:clu_9732_-	chr5	41793253	41845063	-	0.987189575427203	0.939963714603422	-0.0472258608237811	0.00872281790935301
chr5:clu_9732_-	Rab28	chr5:41793252:41804616:clu_9732_-	chr5	41793253	41804615	-	0.00857020301190014	0.0379709214878528	0.0294007184759527	0.00872281790935301
chr5:clu_9732_-	Rab28	chr5:41804654:41845064:clu_9732_-	chr5	41804655	41845063	-	0.00122875858033306	0.0125791081455002	0.0113503495651671	0.00872281790935301
chr5:clu_9732_-	Rab28	chr5:41804647:41845064:clu_9732_-	chr5	41804648	41845063	-	0.00301146298056351	0.00948625576322482	0.00647479278266131	0.00872281790935301
chr14:clu_4053_-	Acin1	chr14:54884060:54884160:clu_4053_-	chr14	54884061	54884159	-	0.403445332110652	0.375267744506186	-0.0281775876044654	0.00875350121151353
chr14:clu_4053_-	Acin1	chr14:54884024:54884160:clu_4053_-	chr14	54884025	54884159	-	0.0977466681513793	0.124425614630629	0.0266789464792494	0.00875350121151353
chr14:clu_4053_-	Acin1	chr14:54883200:54884160:clu_4053_-	chr14	54883201	54884159	-	0.00109023123211516	0.00242430732208544	0.00133407608997029	0.00875350121151353
chr14:clu_4053_-	Acin1	chr14:54883200:54883908:clu_4053_-	chr14	54883201	54883907	-	0.497717768505854	0.497882333541099	1.645650352457e-4	0.00875350121151353
chr8:clu_12754_+	Ints10	chr8:69274902:69279929:clu_12754_+	chr8	69274903	69279928	+	0.947164059282666	0.897466838697211	-0.0496972205854554	0.00929514881878069
chr8:clu_12754_+	Ints10	chr8:69276919:69279929:clu_12754_+	chr8	69276920	69279928	+	0.020579633487245	0.0401515490687921	0.0195719155815471	0.00929514881878069
chr8:clu_12754_+	Ints10	chr8:69274902:69276842:clu_12754_+	chr8	69274903	69276841	+	0.0155885478232461	0.032828986360138	0.0172404385368918	0.00929514881878069
chr8:clu_12754_+	Ints10	chr8:69274902:69276820:clu_12754_+	chr8	69274903	69276819	+	0.00917530796568541	0.0157237931815517	0.0065484852158663	0.00929514881878069
chr8:clu_12754_+	Ints10	chr8:69277781:69279929:clu_12754_+	chr8	69277782	69279928	+	0.00402104914810988	0.00804529637566072	0.00402424722755084	0.00929514881878069
chr8:clu_12754_+	Ints10	chr8:69274902:69277704:clu_12754_+	chr8	69274903	69277703	+	0.00347140229304747	0.00578353631664692	0.00231213402359945	0.00929514881878069
chr1:clu_630_+	D2hgdh	chr1:93766685:93778289:clu_630_+	chr1	93766686	93778288	+	0.0365955101557117	0.11285907822302	0.0762635680673088	0.00944703495676811
chr1:clu_630_+	D2hgdh	chr1:93775990:93778289:clu_630_+	chr1	93775991	93778288	+	0.490372910711471	0.451554709941199	-0.0388182007702712	0.00944703495676811
chr1:clu_630_+	D2hgdh	chr1:93766685:93775825:clu_630_+	chr1	93766686	93775824	+	0.473031579132818	0.43558621183578	-0.0374453672970377	0.00944703495676811
chrX:clu_13922_+	Ocrl	chrX:47037237:47049330:clu_13922_+	chrX	47037238	47049329	+	0.588304210096592	0.298861855815182	-0.28944235428141	0.00961417638360558
chr3:clu_8328_-	Rpl34	chr3:130522951:130523967:clu_8328_-	chr3	130522952	130523966	-	0.515284867730891	0.678152501719402	0.162867633988511	0.00961417638360558
chr3:clu_8328_-	Rpl34	chr3:130522951:130523770:clu_8328_-	chr3	130522952	130523769	-	0.457380873130962	0.295436864060502	-0.16194400907046	0.00961417638360558
chrX:clu_13922_+	Ocrl	chrX:47037237:47045087:clu_13922_+	chrX	47037238	47045086	+	0.202364825514709	0.355964099531103	0.153599274016393	0.00961417638360558
chrX:clu_13922_+	Ocrl	chrX:47045110:47049330:clu_13922_+	chrX	47045111	47049329	+	0.209330964388699	0.345174044653716	0.135843080265017	0.00961417638360558
chr3:clu_8328_-	Rpl34	chr3:130522951:130523838:clu_8328_-	chr3	130522952	130523837	-	0.027334259138147	0.0264106342200954	-9.2362491805163e-4	0.00961417638360558
chr2:clu_7063_+	Tank	chr2:61444142:61457247:clu_7063_+	chr2	61444143	61457246	+	0.118357133702896	0.104250706770242	-0.0141064269326533	0.00994697981749153
chr2:clu_7063_+	Tank	chr2:61423552:61457250:clu_7063_+	chr2	61423553	61457249	+	0.00527750613594306	0.0158715836406505	0.0105940775047075	0.00994697981749153
chr2:clu_7063_+	Tank	chr2:61444142:61454059:clu_7063_+	chr2	61444143	61454058	+	0.0014549259580394	0.0116300278683178	0.0101751019102785	0.00994697981749153
chr2:clu_7063_+	Tank	chr2:61424545:61443995:clu_7063_+	chr2	61424546	61443994	+	0.0565232668023814	0.047928078486908	-0.00859518831547345	0.00994697981749153
chr2:clu_7063_+	Tank	chr2:61423552:61443995:clu_7063_+	chr2	61423553	61443994	+	0.394872195044428	0.401557580389699	0.00668538534527141	0.00994697981749153
chr2:clu_7063_+	Tank	chr2:61423552:61424341:clu_7063_+	chr2	61423553	61424340	+	0.0511387152378546	0.0461083044145917	-0.00503041082326292	0.00994697981749153
chr2:clu_7063_+	Tank	chr2:61423552:61457247:clu_7063_+	chr2	61423553	61457246	+	0.00510694405069275	0.00991847841746553	0.00481153436677278	0.00994697981749153
chr2:clu_7063_+	Tank	chr2:61409037:61443995:clu_7063_+	chr2	61409038	61443994	+	0.0151933242035039	0.0112066400927873	-0.00398668411071658	0.00994697981749153
chr2:clu_7063_+	Tank	chr2:61444142:61457250:clu_7063_+	chr2	61444143	61457249	+	0.352075988864261	0.351528599919337	-5.4738894492384e-4	0.00994697981749153
chr6:clu_11211_+	Ddx47	chr6:134992610:134992745:clu_11211_+	chr6	134992611	134992744	+	1.2628032677664e-4	0.00347629389903695	0.00335001357226031	0.00994909376823892
chr6:clu_11211_+	Ddx47	chr6:134992346:134992539:clu_11211_+	chr6	134992347	134992538	+	0.499392944446692	0.497653346573018	-0.00173959787367339	0.00994909376823892
chr6:clu_11211_+	Ddx47	chr6:134992610:134992785:clu_11211_+	chr6	134992611	134992784	+	0.498888306803952	0.497150466797553	-0.00173784000639904	0.00994909376823892
chr6:clu_11211_+	Ddx47	chr6:134992346:134992785:clu_11211_+	chr6	134992347	134992784	+	0.00159246842258016	0.00171989273039241	1.2742430781224e-4	0.00994909376823892
chr4:clu_8900_-	Nsun4	chr4:115893073:115897266:clu_8900_-	chr4	115893074	115897265	-	0.983813883704557	0.897781193002289	-0.0860326907022682	0.0103500850374336
chr4:clu_8900_-	Nsun4	chr4:115893073:115894848:clu_8900_-	chr4	115893074	115894847	-	0.0123782370606169	0.0611538378208637	0.0487756007602467	0.0103500850374336
chr4:clu_8900_-	Nsun4	chr4:115895167:115897266:clu_8900_-	chr4	115895168	115897265	-	0.00380787923482607	0.0410649691768475	0.0372570899420214	0.0103500850374336
chr8:clu_12844_+	Asf1b	chr8:84682566:84694463:clu_12844_+	chr8	84682567	84694462	+	0.00762853685097981	0.0183378577198285	0.0107093208688487	0.0106520333985231
chr8:clu_12844_+	Asf1b	chr8:84691775:84694463:clu_12844_+	chr8	84691776	84694462	+	0.49701829063901	0.491654645522443	-0.00536364511656712	0.0106520333985231
chr8:clu_12844_+	Asf1b	chr8:84682566:84691660:clu_12844_+	chr8	84682567	84691659	+	0.49535317251001	0.490007496757728	-0.00534567575228156	0.0106520333985231
chr2:clu_6952_+	Urm1	chr2:29731495:29732733:clu_6952_+	chr2	29731496	29732732	+	0.718817874275115	0.877992999803145	0.15917512552803	0.0108535630125802
chr2:clu_6952_+	Urm1	chr2:29732558:29732733:clu_6952_+	chr2	29732559	29732732	+	0.152827889424057	0.066313083015416	-0.0865148064086412	0.0108535630125802
chr2:clu_6952_+	Urm1	chr2:29731495:29732474:clu_6952_+	chr2	29731496	29732473	+	0.0676458308000222	0.0293520003053517	-0.0382938304946705	0.0108535630125802
chr2:clu_6952_+	Urm1	chr2:29731495:29732477:clu_6952_+	chr2	29731496	29732476	+	0.0607084055008059	0.0263419168760874	-0.0343664886247185	0.0108535630125802
chr9:clu_13730_-	Syncrip	chr9:88346836:88358842:clu_13730_-	chr9	88346837	88358841	-	0.976954101814966	0.954896279949676	-0.0220578218652905	0.0110205044051066
chr9:clu_13730_-	Syncrip	chr9:88346836:88355224:clu_13730_-	chr9	88346837	88355223	-	0.016082868920383	0.0325452849202435	0.0164624159998605	0.0110205044051066
chr9:clu_13730_-	Syncrip	chr9:88355283:88358842:clu_13730_-	chr9	88355284	88358841	-	0.0037917959903688	0.00695870564578596	0.00316690965541715	0.0110205044051066
chr9:clu_13730_-	Syncrip	chr9:88355336:88358842:clu_13730_-	chr9	88355337	88358841	-	0.00317123327428221	0.005599729484295	0.00242849621001279	0.0110205044051066
chrX:clu_13989_+	Cenpi	chrX:133208977:133209476:clu_13989_+	chrX	133208978	133209475	+	0.167502405878619	0.0764961647067283	-0.0910062411718904	0.0112157981853347
chrX:clu_13989_+	Cenpi	chrX:133208977:133209315:clu_13989_+	chrX	133208978	133209314	+	0.427599574334076	0.47978303115274	0.0521834568186642	0.0112157981853347
chrX:clu_13989_+	Cenpi	chrX:133209382:133209476:clu_13989_+	chrX	133209383	133209475	+	0.404898019787306	0.443720804140532	0.0388227843532264	0.0112157981853347
chr14:clu_4105_-	Cdadc1	chr14:59818823:59823488:clu_4105_-	chr14	59818824	59823487	-	0.430969905850637	0.451400725050958	0.0204308192003215	0.0119049821852424
chr14:clu_4105_-	Cdadc1	chr14:59818823:59822251:clu_4105_-	chr14	59818824	59822250	-	0.0355209755939953	0.0212215249079216	-0.0142994506860737	0.0119049821852424
chr14:clu_4105_-	Cdadc1	chr14:59822602:59823488:clu_4105_-	chr14	59822603	59823487	-	0.0285496203828	0.0193823008222999	-0.00916731956050017	0.0119049821852424
chr14:clu_4105_-	Cdadc1	chr14:59824057:59827237:clu_4105_-	chr14	59824058	59827236	-	0.491984363653587	0.499726451487784	0.00774208783419683	0.0119049821852424
chr14:clu_4105_-	Cdadc1	chr14:59822598:59823488:clu_4105_-	chr14	59822599	59823487	-	0.00973758319993405	0.00583227920758762	-0.00390530399234643	0.0119049821852424
chr14:clu_4105_-	Cdadc1	chr14:59818823:59827237:clu_4105_-	chr14	59818824	59827236	-	0.00323755131904698	0.00243671852344902	-8.0083279559795e-4	0.0119049821852424
chr12:clu_3102_-	Cox16,S2bpcox16	chr12:81518945:81521361:clu_3102_-	chr12	81518946	81521360	-	0.0537443754659203	0.395148601082513	0.341404225616593	0.011972837871733
chr12:clu_3102_-	Cox16,S2bpcox16	chr12:81519125:81521361:clu_3102_-	chr12	81519126	81521360	-	0.577689923849142	0.369262257325969	-0.208427666523174	0.011972837871733
chr12:clu_3102_-	Cox16,S2bpcox16	chr12:81406118:81521361:clu_3102_-	chr12	81406119	81521360	-	0.368565700684937	0.235589141591518	-0.132976559093419	0.011972837871733
chr9:clu_13086_+	Dcun1d5	chr9:7205400:7206073:clu_13086_+	chr9	7205401	7206072	+	0.0474209997638031	0.0914093965784495	0.0439883968146464	0.011972837871733
chr9:clu_13086_+	Dcun1d5	chr9:7205400:7206720:clu_13086_+	chr9	7205401	7206719	+	0.421343857280955	0.381206641137393	-0.0401372161435617	0.011972837871733
chr9:clu_13086_+	Dcun1d5	chr9:7203555:7205298:clu_13086_+	chr9	7203556	7205297	+	0.487489918460548	0.48537685802421	-0.00211306043633847	0.011972837871733
chr9:clu_13086_+	Dcun1d5	chr9:7206222:7206720:clu_13086_+	chr9	7206223	7206719	+	0.0213588240656241	0.0193253528202658	-0.00203347124535837	0.011972837871733
chr9:clu_13086_+	Dcun1d5	chr9:7203555:7206720:clu_13086_+	chr9	7203556	7206719	+	0.00981458871100603	0.0113068988971437	0.00149231018613765	0.011972837871733
chr9:clu_13086_+	Dcun1d5	chr9:7206081:7206720:clu_13086_+	chr9	7206082	7206719	+	0.00715433310722338	0.00647323803374784	-6.8109507347554e-4	0.011972837871733
chr9:clu_13086_+	Dcun1d5	chr9:7206334:7206720:clu_13086_+	chr9	7206335	7206719	+	0.00541747861084009	0.00490161450879004	-5.1586410205005e-4	0.011972837871733
chr2:clu_7974_-	Rbm39	chr2:156014942:156019256:clu_7974_-	chr2	156014943	156019255	-	0.829228653441832	0.933965329553825	0.104736676111993	0.0123246370193577
chr2:clu_7900_-	Ubox5,Fastkd5	chr2:130458662:130470409:clu_7900_-	chr2	130458663	130470408	-	0.123412862529268	0.181728551746786	0.0583156892175181	0.0123246370193577
chr2:clu_7900_-	Ubox5,Fastkd5	chr2:130458662:130471836:clu_7900_-	chr2	130458663	130471835	-	0.0912603339830663	0.142379412085549	0.0511190781024831	0.0123246370193577
chr2:clu_7900_-	Ubox5,Fastkd5	chr2:130446546:130470409:clu_7900_-	chr2	130446547	130470408	-	0.137996677064757	0.0895194088751899	-0.0484772681895671	0.0123246370193577
chr2:clu_7974_-	Rbm39	chr2:156014942:156016017:clu_7974_-	chr2	156014943	156016016	-	0.0782488151698811	0.0302576451350669	-0.0479911700348142	0.0123246370193577
chr2:clu_7900_-	Ubox5,Fastkd5	chr2:130446546:130471836:clu_7900_-	chr2	130446547	130471835	-	0.0952883940136794	0.0592128288620097	-0.0360755651516696	0.0123246370193577
chr2:clu_7974_-	Rbm39	chr2:156016088:156019256:clu_7974_-	chr2	156016089	156019255	-	0.03447732327177	0.0133318452147263	-0.0211454780570436	0.0123246370193577
chr2:clu_7974_-	Rbm39	chr2:156018377:156019256:clu_7974_-	chr2	156018378	156019255	-	0.0300253781698651	0.0116103472163497	-0.0184150309535154	0.0123246370193577
chr2:clu_7974_-	Rbm39	chr2:156016894:156019256:clu_7974_-	chr2	156016895	156019255	-	0.0280198299466515	0.010834832880032	-0.0171849970666195	0.0123246370193577
chr2:clu_7900_-	Ubox5,Fastkd5	chr2:130458625:130471836:clu_7900_-	chr2	130458626	130471835	-	0.0598308609826115	0.0488472947692446	-0.0109835662133669	0.0123246370193577
chr2:clu_7900_-	Ubox5,Fastkd5	chr2:130458625:130470409:clu_7900_-	chr2	130458626	130470408	-	0.111347978023588	0.102007234019211	-0.00934074400437682	0.0123246370193577
chr2:clu_7900_-	Ubox5,Fastkd5	chr2:130470555:130471836:clu_7900_-	chr2	130470556	130471835	-	0.380862893403031	0.37630526964201	-0.00455762376102065	0.0123246370193577
chr9:clu_13425_+	Qrich1	chr9:108394439:108405788:clu_13425_+	chr9	108394440	108405787	+	0.302395806100133	0.388512517095511	0.0861167109953785	0.0123260598131808
chr9:clu_13425_+	Qrich1	chr9:108396025:108405788:clu_13425_+	chr9	108396026	108405787	+	0.317397224951988	0.267586927742741	-0.0498102972092474	0.0123260598131808
chr9:clu_13425_+	Qrich1	chr9:108394439:108395966:clu_13425_+	chr9	108394440	108395965	+	0.144363493009627	0.109402340468747	-0.0349611525408802	0.0123260598131808
chr9:clu_13425_+	Qrich1	chr9:108394451:108395966:clu_13425_+	chr9	108394452	108395965	+	0.0510818683588338	0.0350153377899716	-0.0160665305688621	0.0123260598131808
chr9:clu_13425_+	Qrich1	chr9:108394451:108405788:clu_13425_+	chr9	108394452	108405787	+	0.0853835664207039	0.100304876227417	0.0149213098067135	0.0123260598131808
chr9:clu_13425_+	Qrich1	chr9:108395175:108395966:clu_13425_+	chr9	108395176	108395965	+	0.0448534504214239	0.0391657688404001	-0.00568768158102386	0.0123260598131808
chr9:clu_13425_+	Qrich1	chr9:108394451:108395902:clu_13425_+	chr9	108394452	108395901	+	0.00876958162779967	0.0136353103396005	0.00486572871180086	0.0123260598131808
chr9:clu_13425_+	Qrich1	chr9:108395175:108395902:clu_13425_+	chr9	108395176	108395901	+	0.00724077538631946	0.00580173207723902	-0.00143904330908043	0.0123260598131808
chr9:clu_13425_+	Qrich1	chr9:108395175:108405788:clu_13425_+	chr9	108395176	108405787	+	0.0092983238160495	0.0107187249568744	0.00142040114082494	0.0123260598131808
chr9:clu_13425_+	Qrich1	chr9:108394439:108395902:clu_13425_+	chr9	108394440	108395901	+	0.0292159099071216	0.0298564644614979	6.4055455437631e-4	0.0123260598131808
chr7:clu_11275_-	Ppp5c	chr7:16742637:16743800:clu_11275_-	chr7	16742638	16743799	-	0.00888383362012884	0.0205506854163199	0.011666851796191	0.0134757828094405
chr7:clu_11275_-	Ppp5c	chr7:16742983:16743800:clu_11275_-	chr7	16742984	16743799	-	0.520329126074909	0.513945477403341	-0.00638364867156782	0.0134757828094405
chr7:clu_11275_-	Ppp5c	chr7:16742637:16742918:clu_11275_-	chr7	16742638	16742917	-	0.463813929394671	0.458123636413054	-0.00569029298161677	0.0134757828094405
chr7:clu_11275_-	Ppp5c	chr7:16742633:16742918:clu_11275_-	chr7	16742634	16742917	-	0.00697311091029143	0.00738020076728494	4.0708985699351e-4	0.0134757828094405
chr13:clu_3337_+	Mctp1	chr13:76871898:76905105:clu_3337_+	chr13	76871899	76905104	+	0.352013508747111	0.276269652090071	-0.0757438566570401	0.0138450473430939
chr13:clu_3337_+	Mctp1	chr13:76889472:76905105:clu_3337_+	chr13	76889473	76905104	+	0.168411435377666	0.235895596259945	0.0674841608822794	0.0138450473430939
chr13:clu_3337_+	Mctp1	chr13:76879928:76905105:clu_3337_+	chr13	76879929	76905104	+	0.0932090226834655	0.0539042483534581	-0.0393047743300074	0.0138450473430939
chr13:clu_3337_+	Mctp1	chr13:76871898:76889413:clu_3337_+	chr13	76871899	76889412	+	0.0649160341541229	0.100564487276016	0.0356484531218935	0.0138450473430939
chr13:clu_3337_+	Mctp1	chr13:76879928:76889413:clu_3337_+	chr13	76879929	76889412	+	0.106387849451256	0.137592996848478	0.0312051473972217	0.0138450473430939
chr13:clu_3337_+	Mctp1	chr13:76871898:76879890:clu_3337_+	chr13	76871899	76879889	+	0.215062149586379	0.195773019172032	-0.0192891304143471	0.0138450473430939
chr5:clu_10342_+	Chfr	chr5:110284060:110288220:clu_10342_+	chr5	110284061	110288219	+	0.235715588029225	0.26382602253091	0.0281104345016845	0.0140975409133587
chr5:clu_10342_+	Chfr	chr5:110284060:110287983:clu_10342_+	chr5	110284061	110287982	+	0.0489469162896792	0.0307979622728597	-0.0181489540168195	0.0140975409133587
chr5:clu_10342_+	Chfr	chr5:110288055:110288220:clu_10342_+	chr5	110288056	110288219	+	0.0447451879172005	0.0300023835341139	-0.0147428043830867	0.0140975409133587
chr5:clu_10342_+	Chfr	chr5:110288319:110291417:clu_10342_+	chr5	110288320	110291416	+	0.320461307141434	0.327978445867331	0.00751713872589727	0.0140975409133587
chr5:clu_10342_+	Chfr	chr5:110284060:110288242:clu_10342_+	chr5	110284061	110288241	+	0.0270576262487568	0.0222412671961171	-0.00481635905263967	0.0140975409133587
chr5:clu_10342_+	Chfr	chr5:110283800:110288220:clu_10342_+	chr5	110283801	110288219	+	0.00121195409556185	0.00463489932858795	0.0034229452330261	0.0140975409133587
chr5:clu_10342_+	Chfr	chr5:110288055:110288242:clu_10342_+	chr5	110288056	110288241	+	0.00476388304785669	0.00295004499040308	-0.00181383805745361	0.0140975409133587
chr5:clu_10342_+	Chfr	chr5:110283800:110283917:clu_10342_+	chr5	110283801	110283916	+	0.306879895731591	0.307621863536538	7.4196780494717e-4	0.0140975409133587
chr5:clu_10342_+	Chfr	chr5:110284060:110291417:clu_10342_+	chr5	110284061	110291416	+	0.0102176414986954	0.00994711074313973	-2.7053075555568e-4	0.0140975409133587
chr13:clu_3598_-	Gm46430	chr13:74758445:74760843:clu_3598_-	chr13	74758446	74760842	-	0.419129830198559	0.582622757761419	0.16349292756286	0.014331859660298
chr13:clu_3598_-	Gm46430	chr13:74759506:74760843:clu_3598_-	chr13	74759507	74760842	-	0.152536502923795	0.0600633148033837	-0.0924731881204113	0.014331859660298
chr13:clu_3598_-	Gm46430	chr13:74758445:74759383:clu_3598_-	chr13	74758446	74759382	-	0.292713733604136	0.212306518042954	-0.0804072155611824	0.014331859660298
chr13:clu_3598_-	Gm46430	chr13:74759440:74760843:clu_3598_-	chr13	74759441	74760842	-	0.13561993327351	0.145007409392243	0.0093874761187335	0.014331859660298
chr3:clu_8698_+	Adgrl4	chr3:151145024:151203464:clu_8698_+	chr3	151145025	151203463	+	0.229968454741055	0.30359196809564	0.0736235133545846	0.0143667418808198
chr3:clu_8698_+	Adgrl4	chr3:151145024:151197914:clu_8698_+	chr3	151145025	151197913	+	0.381519165518512	0.343966465870388	-0.037552699648124	0.0143667418808198
chr3:clu_8698_+	Adgrl4	chr3:151198063:151203464:clu_8698_+	chr3	151198064	151203463	+	0.388512379740432	0.352441566033972	-0.0360708137064606	0.0143667418808198
chr6:clu_10891_-	Tm7sf3	chr6:146523493:146527594:clu_10891_-	chr6	146523494	146527593	-	0.00452455640133829	0.0113848338980821	0.00686027749674377	0.0145294761715523
chr6:clu_10891_-	Tm7sf3	chr6:146525212:146527594:clu_10891_-	chr6	146525213	146527593	-	0.32315480315365	0.319791498170481	-0.00336330498316834	0.0145294761715523
chr6:clu_10891_-	Tm7sf3	chr6:146523493:146525062:clu_10891_-	chr6	146523494	146525061	-	0.325696596160605	0.323113210099696	-0.00258338606090958	0.0145294761715523
chr6:clu_10891_-	Tm7sf3	chr6:146521509:146523373:clu_10891_-	chr6	146521510	146523372	-	0.343045256411805	0.340922330089262	-0.00212292632254352	0.0145294761715523
chr6:clu_10891_-	Tm7sf3	chr6:146521509:146527594:clu_10891_-	chr6	146521510	146527593	-	0.00357878787260182	0.0047881277424795	0.00120933986987768	0.0145294761715523
chrX:clu_13937_+	Mtm1	chrX:70346220:70357252:clu_13937_+	chrX	70346221	70357251	+	0.0302862198842689	0.0950200163595039	0.064733796475235	0.0145407378063357
chrX:clu_13937_+	Mtm1	chrX:70346220:70351306:clu_13937_+	chrX	70346221	70351305	+	0.492834744890089	0.459935471395302	-0.0328992734947868	0.0145407378063357
chrX:clu_13937_+	Mtm1	chrX:70351482:70357252:clu_13937_+	chrX	70351483	70357251	+	0.453252468001605	0.422995159454342	-0.0302573085472627	0.0145407378063357
chrX:clu_13937_+	Mtm1	chrX:70351482:70357255:clu_13937_+	chrX	70351483	70357254	+	0.0236265672240372	0.0220493527908519	-0.00157721443318531	0.0145407378063357
chr9:clu_13696_-	Rnf111	chr9:70383950:70410741:clu_13696_-	chr9	70383951	70410740	-	0.278939191689552	0.496543626406625	0.217604434717072	0.0147506389451193
chr9:clu_13696_-	Rnf111	chr9:70383950:70410222:clu_13696_-	chr9	70383951	70410221	-	0.394808460391203	0.262653035226055	-0.132155425165149	0.0147506389451193
chr9:clu_13696_-	Rnf111	chr9:70410284:70410741:clu_13696_-	chr9	70410285	70410740	-	0.269281202746283	0.179100016110766	-0.0901811866355171	0.0147506389451193
chr9:clu_13696_-	Rnf111	chr9:70383950:70410325:clu_13696_-	chr9	70383951	70410324	-	0.0285761278127027	0.0428175639958257	0.014241436183123	0.0147506389451193
chr9:clu_13696_-	Rnf111	chr9:70410284:70410514:clu_13696_-	chr9	70410285	70410513	-	0.0283950173602584	0.018885758260729	-0.00950925909952949	0.0147506389451193
chr3:clu_8370_-	Srsf11	chr3:157723528:157724949:clu_8370_-	chr3	157723529	157724948	-	0.920472528016045	0.971142568994514	0.0506700409784692	0.0147818292190073
chr3:clu_8370_-	Srsf11	chr3:157724835:157724949:clu_8370_-	chr3	157724836	157724948	-	0.0407305815329105	0.0147794898979302	-0.0259510916349803	0.0147818292190073
chr3:clu_8370_-	Srsf11	chr3:157723528:157724724:clu_8370_-	chr3	157723529	157724723	-	0.0387968904510447	0.0140779411075558	-0.0247189493434889	0.0147818292190073
chr16:clu_5050_+	B3gnt5	chr16:19583964:19587494:clu_5050_+	chr16	19583965	19587493	+	0.44995750323296	0.593645857832248	0.143688354599289	0.0168121503273759
chr19:clu_6460_-	Incenp	chr19:9855792:9861063:clu_6460_-	chr19	9855793	9861062	-	0.205111475529823	0.318871642034503	0.11376016650468	0.0168121503273759
chr16:clu_5050_+	B3gnt5	chr16:19583964:19584251:clu_5050_+	chr16	19583965	19584250	+	0.278484908190227	0.200902115594311	-0.0775827925959156	0.0168121503273759
chr16:clu_5050_+	B3gnt5	chr16:19584371:19587494:clu_5050_+	chr16	19584372	19587493	+	0.271557588576814	0.205452026573441	-0.0661055620033731	0.0168121503273759
chr10:clu_863_+	Hbs1l	chr10:21183678:21212866:clu_863_+	chr10	21183679	21212865	+	0.759834747593443	0.823678942404395	0.063844194810952	0.0168121503273759
chr9:clu_13088_+	Ccdc82	chr9:13246676:13251696:clu_13088_+	chr9	13246677	13251695	+	0.266070801822019	0.207256658497942	-0.0588141433240772	0.0168121503273759
chr19:clu_6460_-	Incenp	chr19:9860567:9861063:clu_6460_-	chr19	9860568	9861062	-	0.398057884597836	0.340006241611843	-0.0580516429859921	0.0168121503273759
chr19:clu_6460_-	Incenp	chr19:9855792:9860556:clu_6460_-	chr19	9855793	9860555	-	0.396830639872342	0.341122116353654	-0.0557085235186881	0.0168121503273759
chr10:clu_863_+	Hbs1l	chr10:21183678:21184998:clu_863_+	chr10	21183679	21184997	+	0.184381910381355	0.128952258697788	-0.0554296516835673	0.0168121503273759
chr9:clu_13088_+	Ccdc82	chr9:13248967:13251696:clu_13088_+	chr9	13248968	13251695	+	0.146044404308834	0.179877636542413	0.0338332322335789	0.0168121503273759
chr9:clu_13088_+	Ccdc82	chr9:13246676:13248884:clu_13088_+	chr9	13246677	13248883	+	0.102991152944471	0.132724953585215	0.029733800640744	0.0168121503273759
chr9:clu_13088_+	Ccdc82	chr9:13252423:13252851:clu_13088_+	chr9	13252424	13252850	+	0.434861170813105	0.41583714749045	-0.0190240233226548	0.0168121503273759
chr9:clu_13088_+	Ccdc82	chr9:13246676:13248887:clu_13088_+	chr9	13246677	13248886	+	0.0333728216624166	0.0454312283191415	0.0120584066567249	0.0168121503273759
chr10:clu_863_+	Hbs1l	chr10:21183678:21185642:clu_863_+	chr10	21183679	21185641	+	0.0223433786015833	0.012518006528476	-0.0098253720731073	0.0168121503273759
chr10:clu_863_+	Hbs1l	chr10:21183678:21212875:clu_863_+	chr10	21183679	21212874	+	0.017574162552074	0.0210462007445471	0.00347203819247307	0.0168121503273759
chr9:clu_13088_+	Ccdc82	chr9:13246676:13252851:clu_13088_+	chr9	13246677	13252850	+	0.0166596484491545	0.0188723755648386	0.00221272711568412	0.0168121503273759
chr10:clu_863_+	Hbs1l	chr10:21185213:21212866:clu_863_+	chr10	21185214	21212865	+	0.0158658008715445	0.013804591624794	-0.00206120924675048	0.0168121503273759
chrX:clu_13933_+	Fmr1	chrX:67754385:67755837:clu_13933_+	chrX	67754386	67755836	+	0.557455488594504	0.709353536797643	0.151898048203139	0.0171574964146576
chrX:clu_13933_+	Fmr1	chrX:67754385:67755912:clu_13933_+	chrX	67754386	67755911	+	0.237026722480216	0.166538176476895	-0.0704885460033211	0.0171574964146576
chrX:clu_13933_+	Fmr1	chrX:67754385:67755873:clu_13933_+	chrX	67754386	67755872	+	0.176080957964125	0.105839469131231	-0.0702414888328939	0.0171574964146576
chrX:clu_13933_+	Fmr1	chrX:67738686:67755912:clu_13933_+	chrX	67738687	67755911	+	0.0294368309611555	0.0182688175942313	-0.0111680133669242	0.0171574964146576
chr11:clu_1950_+	Atp6v0a1	chr11:100912008:100917486:clu_1950_+	chr11	100912009	100917485	+	0.298238956861967	0.453786555424789	0.155547598562822	0.0176936724988485
chr11:clu_1950_+	Atp6v0a1	chr11:100912008:100917507:clu_1950_+	chr11	100912009	100917506	+	0.653415454381994	0.50257097802195	-0.150844476360044	0.0176936724988485
chr5:clu_10153_+	Cenpa	chr5:30824457:30829808:clu_10153_+	chr5	30824458	30829807	+	0.232409434238666	0.298369266334184	0.0659598320955181	0.0176936724988485
chr5:clu_10153_+	Cenpa	chr5:30824457:30827036:clu_10153_+	chr5	30824458	30827035	+	0.309709828113254	0.263398014157775	-0.046311813955479	0.0176936724988485
chr5:clu_10153_+	Cenpa	chr5:30827172:30829808:clu_10153_+	chr5	30827173	30829807	+	0.364529733851446	0.332361079277253	-0.0321686545741932	0.0176936724988485
chr5:clu_10153_+	Cenpa	chr5:30827754:30829808:clu_10153_+	chr5	30827755	30829807	+	0.00696605868480842	0.015937145661146	0.00897108697633755	0.0176936724988485
chr11:clu_1950_+	Atp6v0a1	chr11:100912008:100917504:clu_1950_+	chr11	100912009	100917503	+	0.0483455887560392	0.043642466553261	-0.00470312220277819	0.0176936724988485
chr5:clu_10153_+	Cenpa	chr5:30827172:30827719:clu_10153_+	chr5	30827173	30827718	+	0.00331462920207122	0.00711285280109475	0.00379822359902353	0.0176936724988485
chr5:clu_10153_+	Cenpa	chr5:30824457:30824925:clu_10153_+	chr5	30824458	30824924	+	0.0122219050590974	0.015703767703263	0.00348186264416562	0.0176936724988485
chr5:clu_10153_+	Cenpa	chr5:30824457:30826343:clu_10153_+	chr5	30824458	30826342	+	0.0276053246026287	0.0255580348815256	-0.0020472897211031	0.0176936724988485
chr5:clu_10153_+	Cenpa	chr5:30825031:30827036:clu_10153_+	chr5	30825032	30827035	+	0.00935371614787237	0.00741199273907112	-0.00194172340880125	0.0176936724988485
chr5:clu_10153_+	Cenpa	chr5:30826396:30827036:clu_10153_+	chr5	30826397	30827035	+	0.0274465444478619	0.0286642635281966	0.00121771908033468	0.0176936724988485
chr5:clu_10153_+	Cenpa	chr5:30828057:30829808:clu_10153_+	chr5	30828058	30829807	+	0.00644282565229307	0.00548358291649016	-9.592427358029e-4	0.0176936724988485
chr16:clu_4985_+	Mgrn1	chr16:4750162:4754760:clu_4985_+	chr16	4750163	4754759	+	0.478515372112658	0.594798430224067	0.116283058111409	0.0183363869732002
chr16:clu_4985_+	Mgrn1	chr16:4752103:4754760:clu_4985_+	chr16	4752104	4754759	+	0.258246095937699	0.199613275653905	-0.0586328202837947	0.0183363869732002
chr16:clu_4985_+	Mgrn1	chr16:4750162:4752059:clu_4985_+	chr16	4750163	4752058	+	0.263238531949643	0.205588294122029	-0.0576502378276142	0.0183363869732002
chr2:clu_7523_-	Trdmt1	chr2:13530505:13549380:clu_7523_-	chr2	13530506	13549379	-	0.0491375123528235	0.139334522353629	0.0901970100008057	0.0188353632388918
chr2:clu_7523_-	Trdmt1	chr2:13530505:13538195:clu_7523_-	chr2	13530506	13538194	-	0.480939060869537	0.435318150082938	-0.0456209107865984	0.0188353632388918
chr2:clu_7523_-	Trdmt1	chr2:13538304:13549380:clu_7523_-	chr2	13538305	13549379	-	0.46992342677764	0.425347327563433	-0.0445760992142073	0.0188353632388918
chr1:clu_412_-	Smyd2	chr1:189621114:189623597:clu_412_-	chr1	189621115	189623596	-	0.327680090587598	0.319751164213158	-0.00792892637443937	0.0189986397783937
chr1:clu_412_-	Smyd2	chr1:189621114:189628768:clu_412_-	chr1	189621115	189628767	-	0.00709074948382086	0.0149632263744337	0.00787247689061281	0.0189986397783937
chr1:clu_412_-	Smyd2	chr1:189623664:189628768:clu_412_-	chr1	189623665	189628767	-	0.32644024586929	0.318833859645035	-0.00760638622425519	0.0189986397783937
chr1:clu_412_-	Smyd2	chr1:189618828:189628768:clu_412_-	chr1	189618829	189628767	-	0.0012898826608818	0.00576715471007963	0.00447727204919782	0.0189986397783937
chr1:clu_412_-	Smyd2	chr1:189618828:189621012:clu_412_-	chr1	189618829	189621011	-	0.337499031398409	0.340684595057293	0.00318556365888401	0.0189986397783937
chr19:clu_6737_+	Cdc37l1	chr19:28989453:28993406:clu_6737_+	chr19	28989454	28993405	+	0.580096571345512	0.381562315976543	-0.19853425536897	0.0191498598048325
chr19:clu_6737_+	Cdc37l1	chr19:28989453:29002204:clu_6737_+	chr19	28989454	29002203	+	0.181201388735488	0.313322086901183	0.132120698165695	0.0191498598048325
chr19:clu_6737_+	Cdc37l1	chr19:28989453:28990188:clu_6737_+	chr19	28989454	28990187	+	0.160704253863229	0.200230375125658	0.0395261212624294	0.0191498598048325
chr19:clu_6737_+	Cdc37l1	chr19:28989453:28993242:clu_6737_+	chr19	28989454	28993241	+	0.0418694202511343	0.0690917582297191	0.0272223379785848	0.0191498598048325
chr19:clu_6737_+	Cdc37l1	chr19:28989453:29000924:clu_6737_+	chr19	28989454	29000923	+	0.0361283658046366	0.0357934637668969	-3.3490203773963e-4	0.0191498598048325
chr10:clu_1423_-	Tmpo	chr10:90989042:90989140:clu_1423_-	chr10	90989043	90989139	-	0.201024664637411	0.16045576127463	-0.0405689033627815	0.0195654965848038
chr10:clu_1423_-	Tmpo	chr10:90989259:90994610:clu_1423_-	chr10	90989260	90994609	-	0.187652217684553	0.149891696563523	-0.0377605211210298	0.0195654965848038
chr10:clu_1423_-	Tmpo	chr10:90988600:90994610:clu_1423_-	chr10	90988601	90994609	-	0.0129860901994795	0.0455815886827092	0.0325954984832297	0.0195654965848038
chr10:clu_1423_-	Tmpo	chr10:90989042:90994610:clu_1423_-	chr10	90989043	90994609	-	0.0403825154954908	0.0700875345906984	0.0297050190952076	0.0195654965848038
chr10:clu_1423_-	Tmpo	chr10:90987659:90988490:clu_1423_-	chr10	90987660	90988489	-	0.287398507583501	0.30884296505476	0.0214444574712596	0.0195654965848038
chr10:clu_1423_-	Tmpo	chr10:90988600:90988947:clu_1423_-	chr10	90988601	90988946	-	0.254895679011616	0.244480272430269	-0.0104154065813471	0.0195654965848038
chr19:clu_6444_-	Fermt3	chr19:6991815:6996034:clu_6444_-	chr19	6991816	6996033	-	0.0109208041927626	0.0201466038709408	0.00922579967817818	0.0195654965848038
chr10:clu_1423_-	Tmpo	chr10:90987659:90994610:clu_1423_-	chr10	90987660	90994609	-	0.0156603253879486	0.0206601814034098	0.00499985601546128	0.0195654965848038
chr19:clu_6444_-	Fermt3	chr19:6991815:6991985:clu_6444_-	chr19	6991816	6991984	-	0.500734208876648	0.496071983161864	-0.00466222571478381	0.0195654965848038
chr19:clu_6444_-	Fermt3	chr19:6992218:6996034:clu_6444_-	chr19	6992219	6996033	-	0.48834498693059	0.483781412967195	-0.00456357396339446	0.0195654965848038
chr2:clu_7169_+	Cdin1	chr2:115412466:115461486:clu_7169_+	chr2	115412467	115461485	+	0.734365323024723	0.845553240047152	0.111187917022429	0.0196044788706446
chr2:clu_7169_+	Cdin1	chr2:115434111:115461486:clu_7169_+	chr2	115434112	115461485	+	0.140308873089825	0.0768370662558994	-0.0634718068339254	0.0196044788706446
chr2:clu_7169_+	Cdin1	chr2:115412466:115434045:clu_7169_+	chr2	115412467	115434044	+	0.0857768433022675	0.0558737527857311	-0.0299030905165364	0.0196044788706446
chr2:clu_7169_+	Cdin1	chr2:115412466:115434048:clu_7169_+	chr2	115412467	115434047	+	0.0395489605831851	0.0217359409112174	-0.0178130196719676	0.0196044788706446
chr11:clu_2231_-	Cdc42se2	chr11:54631376:54647232:clu_2231_-	chr11	54631377	54647231	-	0.319479538338608	0.313509126212247	-0.00597041212636135	0.0196044788706446
chr11:clu_2231_-	Cdc42se2	chr11:54614501:54647232:clu_2231_-	chr11	54614502	54647231	-	0.0112017637316295	0.0165858257990415	0.00538406206741198	0.0196044788706446
chr11:clu_2231_-	Cdc42se2	chr11:54647385:54678386:clu_2231_-	chr11	54647386	54678385	-	0.31976018229036	0.315657994183488	-0.00410218810687213	0.0196044788706446
chr11:clu_2231_-	Cdc42se2	chr11:54647385:54651007:clu_2231_-	chr11	54647386	54651006	-	0.00169877806755162	0.0046911315491202	0.00299235348156858	0.0196044788706446
chr11:clu_2231_-	Cdc42se2	chr11:54651165:54678386:clu_2231_-	chr11	54651166	54678385	-	0.00138683854956759	0.00436080585045488	0.00297396730088729	0.0196044788706446
chr11:clu_2231_-	Cdc42se2	chr11:54614501:54631064:clu_2231_-	chr11	54614502	54631063	-	0.334658409952009	0.33256758500227	-0.00209082494973917	0.0196044788706446
chr11:clu_2231_-	Cdc42se2	chr11:54631376:54678386:clu_2231_-	chr11	54631377	54678385	-	0.00453189158644665	0.00584579045087414	0.00131389886442749	0.0196044788706446
chr11:clu_2231_-	Cdc42se2	chr11:54647381:54678386:clu_2231_-	chr11	54647382	54678385	-	0.00205985859677877	0.00274983451551001	6.8997591873124e-4	0.0196044788706446
chr11:clu_2231_-	Cdc42se2	chr11:54646750:54647232:clu_2231_-	chr11	54646751	54647231	-	0.00195258469781585	0.00135393439138877	-5.9865030642708e-4	0.0196044788706446
chr11:clu_2231_-	Cdc42se2	chr11:54631376:54646652:clu_2231_-	chr11	54631377	54646651	-	0.00189919269173908	0.00130539882262402	-5.9379386911506e-4	0.0196044788706446
chr11:clu_2231_-	Cdc42se2	chr11:54631376:54647255:clu_2231_-	chr11	54631377	54647254	-	0.00137096149749356	0.00137257322298172	1.61172548816357e-6	0.0196044788706446
chr4:clu_9003_-	Epb41	chr4:131685130:131695099:clu_9003_-	chr4	131685131	131695098	-	0.918287702731574	0.965779990174239	0.0474922874426649	0.0196964105173799
chr4:clu_9003_-	Epb41	chr4:131685130:131690235:clu_9003_-	chr4	131685131	131690234	-	0.0450052471987167	0.0188762605705412	-0.0261289866281756	0.0196964105173799
chr4:clu_9003_-	Epb41	chr4:131690297:131695099:clu_9003_-	chr4	131690298	131695098	-	0.0367070500697095	0.0153437492552203	-0.0213633008144892	0.0196964105173799
chr18:clu_6183_+	Galnt1	chr18:24365710:24371299:clu_6183_+	chr18	24365711	24371298	+	0.445348096125906	0.312744519467419	-0.132603576658487	0.0198381502037005
chr18:clu_6183_+	Galnt1	chr18:24365710:24379107:clu_6183_+	chr18	24365711	24379106	+	0.0170279139342699	0.0939600592936263	0.0769321453593564	0.0198381502037005
chr18:clu_6183_+	Galnt1	chr18:24371542:24379107:clu_6183_+	chr18	24371543	24379106	+	0.537623989939824	0.593295421238955	0.0556714312991307	0.0198381502037005
chr15:clu_4194_+	Nadk2	chr15:9096181:9100195:clu_4194_+	chr15	9096182	9100194	+	0.456324777803592	0.473644428385841	0.0173196505822488	0.0201534684333238
chr7:clu_12136_+	Polr3e	chr7:120517133:120523445:clu_12136_+	chr7	120517134	120523444	+	0.00870107864511826	0.0228594815502098	0.0141584029050915	0.0201534684333238
chr15:clu_4194_+	Nadk2	chr15:9098963:9100195:clu_4194_+	chr15	9098964	9100194	+	0.0312474630281673	0.018623706142603	-0.0126237568855643	0.0201534684333238
chr15:clu_4194_+	Nadk2	chr15:9096181:9098898:clu_4194_+	chr15	9096182	9098897	+	0.0312411828610006	0.0187217064183032	-0.0125194764426974	0.0201534684333238
chr15:clu_4194_+	Nadk2	chr15:9092939:9096103:clu_4194_+	chr15	9092940	9096102	+	0.477622905018538	0.486732083170893	0.0091091781523554	0.0201534684333238
chr7:clu_12136_+	Polr3e	chr7:120522191:120523445:clu_12136_+	chr7	120522192	120523444	+	0.49891064545532	0.491784669172216	-0.0071259762831043	0.0201534684333238
chr7:clu_12136_+	Polr3e	chr7:120517133:120522122:clu_12136_+	chr7	120517134	120522121	+	0.492388275899562	0.485355849277575	-0.00703242662198722	0.0201534684333238
chr15:clu_4194_+	Nadk2	chr15:9092939:9100195:clu_4194_+	chr15	9092940	9100194	+	0.00356367128870247	0.00227807588235987	-0.0012855954063426	0.0201534684333238
chrX:clu_13904_+	Usp11	chrX:20570358:20577988:clu_13904_+	chrX	20570359	20577987	+	0.908633412926842	0.972987003206132	0.0643535902792908	0.020290289362499
chrX:clu_13904_+	Usp11	chrX:20570358:20573151:clu_13904_+	chrX	20570359	20573150	+	0.0458258699355921	0.0135565818998938	-0.0322692880356983	0.020290289362499
chrX:clu_13904_+	Usp11	chrX:20573221:20577988:clu_13904_+	chrX	20573222	20577987	+	0.0455407171375664	0.0134564148939739	-0.0320843022435926	0.020290289362499
chr1:clu_12_-	Ube2w	chr1:16655576:16668175:clu_12_-	chr1	16655577	16668174	-	0.0413050913062347	0.0172468988146565	-0.0240581924915782	0.0205884515866511
chr1:clu_12_-	Ube2w	chr1:16655655:16668175:clu_12_-	chr1	16655656	16668174	-	0.290016904803982	0.311053168132528	0.0210362633285455	0.0205884515866511
chr1:clu_12_-	Ube2w	chr1:16655655:16672486:clu_12_-	chr1	16655656	16672485	-	0.0101755476660149	0.0134696810545007	0.00329413338848578	0.0205884515866511
chr1:clu_12_-	Ube2w	chr1:16672577:16689461:clu_12_-	chr1	16672578	16689460	-	0.317865677254525	0.319958747970966	0.00209307071644083	0.0205884515866511
chr1:clu_12_-	Ube2w	chr1:16655655:16689461:clu_12_-	chr1	16655656	16689460	-	0.00113915327916536	0.00296468663651404	0.00182553335734868	0.0205884515866511
chr1:clu_12_-	Ube2w	chr1:16668277:16672486:clu_12_-	chr1	16668278	16672485	-	0.329179366007196	0.327569170395039	-0.00161019561215714	0.0205884515866511
chr1:clu_12_-	Ube2w	chr1:16672273:16672486:clu_12_-	chr1	16672274	16672485	-	0.00335726246396734	0.00237968026638836	-9.7758219757898e-4	0.0205884515866511
chr1:clu_12_-	Ube2w	chr1:16668277:16672212:clu_12_-	chr1	16668278	16672211	-	0.00321696243250296	0.0022726834159681	-9.4427901653486e-4	0.0205884515866511
chr1:clu_12_-	Ube2w	chr1:16672577:16689412:clu_12_-	chr1	16672578	16689411	-	0.00374403478641159	0.00308528331343994	-6.5875147297164e-4	0.0205884515866511
chr10:clu_1483_-	Mon2	chr10:122845536:122846399:clu_1483_-	chr10	122845537	122846398	-	0.871235260844914	0.698365431543098	-0.172869829301816	0.0206856071547905
chr10:clu_1483_-	Mon2	chr10:122845536:122845818:clu_1483_-	chr10	122845537	122845817	-	0.0643310841703917	0.15155052231417	0.0872194381437784	0.0206856071547905
chr10:clu_1483_-	Mon2	chr10:122845835:122846399:clu_1483_-	chr10	122845836	122846398	-	0.0644336549846948	0.150084046142732	0.0856503911580373	0.0206856071547905
chr16:clu_4925_-	Atp5pf	chr16:84628395:84631697:clu_4925_-	chr16	84628396	84631696	-	0.757147465015167	0.838209133255809	0.0810616682406421	0.0206856071547905
chr16:clu_4925_-	Atp5pf	chr16:84628395:84630708:clu_4925_-	chr16	84628396	84630707	-	0.0846326274192914	0.0455823232920468	-0.0390503041272446	0.0206856071547905
chr16:clu_4925_-	Atp5pf	chr16:84630762:84631697:clu_4925_-	chr16	84630763	84631696	-	0.0766205083000299	0.0412573406319124	-0.0353631676681175	0.0206856071547905
chr11:clu_2055_+	Pgs1	chr11:117896717:117905400:clu_2055_+	chr11	117896718	117905399	+	0.280322159715796	0.303002861846214	0.022680702130418	0.0206856071547905
chr11:clu_2055_+	Pgs1	chr11:117896717:117905473:clu_2055_+	chr11	117896718	117905472	+	0.0398263055236089	0.0181006062454383	-0.0217256992781705	0.0206856071547905
chr16:clu_4925_-	Atp5pf	chr16:84628395:84630882:clu_4925_-	chr16	84628396	84630881	-	0.0245697887186955	0.0132482846662268	-0.0113215040524687	0.0206856071547905
chr16:clu_4925_-	Atp5pf	chr16:84628390:84631697:clu_4925_-	chr16	84628391	84631696	-	0.0570296105468159	0.0617029181540045	0.00467330760718866	0.0206856071547905
chr11:clu_2055_+	Pgs1	chr11:117905548:117914231:clu_2055_+	chr11	117905549	117914230	+	0.00744683032196119	0.00571302434281464	-0.00173380597914655	0.0206856071547905
chr11:clu_2055_+	Pgs1	chr11:117910558:117914455:clu_2055_+	chr11	117910559	117914454	+	0.0101067576981496	0.010527252025186	4.2049432703636e-4	0.0206856071547905
chr11:clu_2055_+	Pgs1	chr11:117905548:117910433:clu_2055_+	chr11	117905549	117910432	+	0.328057004611119	0.328351576169698	2.9457155857881e-4	0.0206856071547905
chr11:clu_2055_+	Pgs1	chr11:117910558:117914231:clu_2055_+	chr11	117910559	117914230	+	0.32810489951787	0.328156549846838	5.16503289678116e-5	0.0206856071547905
chr11:clu_2055_+	Pgs1	chr11:117896717:117910433:clu_2055_+	chr11	117896718	117910432	+	0.00613604261149538	0.0061481295238115	1.20869123161199e-5	0.0206856071547905
chr18:clu_6067_-	Smim3	chr18:60608657:60634465:clu_6067_-	chr18	60608658	60634464	-	0.86486445523303	0.937464997728001	0.0726005424949711	0.0207652701061314
chr18:clu_6067_-	Smim3	chr18:60608657:60632386:clu_6067_-	chr18	60608658	60632385	-	0.0612583834617263	0.0283490213003701	-0.0329093621613562	0.0207652701061314
chr6:clu_10790_-	Rad18	chr6:112626798:112642239:clu_10790_-	chr6	112626799	112642238	-	0.920763926679935	0.952332611040249	0.0315686843603137	0.0207652701061314
chr9:clu_13846_-	Cmtm7	chr9:114600278:114610736:clu_13846_-	chr9	114600279	114610735	-	0.00909675223202549	0.0256372500994804	0.0165404978674549	0.0207652701061314
chr6:clu_10790_-	Rad18	chr6:112641134:112642239:clu_10790_-	chr6	112641135	112642238	-	0.0292274988385697	0.0145732677702622	-0.0146542310683075	0.0207652701061314
chr18:clu_6067_-	Smim3	chr18:60632472:60634465:clu_6067_-	chr18	60632473	60634464	-	0.0262785145993672	0.0121601456832362	-0.0141183689161309	0.0207652701061314
chr6:clu_10790_-	Rad18	chr6:112626798:112641057:clu_10790_-	chr6	112626799	112641056	-	0.0288908280610705	0.0149265123942819	-0.0139643156667887	0.0207652701061314
chr18:clu_6067_-	Smim3	chr18:60633233:60634465:clu_6067_-	chr18	60633234	60634464	-	0.0256077332525181	0.0118497433030686	-0.0137579899494495	0.0207652701061314
chr9:clu_13846_-	Cmtm7	chr9:114592460:114604276:clu_13846_-	chr9	114592461	114604275	-	0.0305365625393029	0.0180611839979029	-0.0124753785414001	0.0207652701061314
chr18:clu_6067_-	Smim3	chr18:60632472:60632884:clu_6067_-	chr18	60632473	60632883	-	0.0219909134533582	0.0101760919853239	-0.0118148214680344	0.0207652701061314
chr9:clu_13846_-	Cmtm7	chr9:114592460:114610736:clu_13846_-	chr9	114592461	114610735	-	0.960366685228672	0.956301565902617	-0.0040651193260548	0.0207652701061314
chr6:clu_10790_-	Rad18	chr6:112626813:112642239:clu_10790_-	chr6	112626814	112642238	-	0.0211177464204245	0.0181676087952069	-0.00295013762521758	0.0207652701061314
chr18:clu_6108_-	Me2	chr18:73931049:73934800:clu_6108_-	chr18	73931050	73934799	-	0.998500176822497	0.990790987672079	-0.00770918915041796	0.0208018353152904
chr18:clu_6108_-	Me2	chr18:73931049:73932324:clu_6108_-	chr18	73931050	73932323	-	8.5560313906275e-4	0.00477284145653179	0.00391723831746903	0.0208018353152904
chr18:clu_6108_-	Me2	chr18:73932505:73934800:clu_6108_-	chr18	73932506	73934799	-	6.4422003843991e-4	0.00443617087138876	0.00379195083294884	0.0208018353152904
chr10:clu_1496_-	Os9	chr10:126932611:126933801:clu_1496_-	chr10	126932612	126933800	-	0.411235189430301	0.516643902560872	0.105408713130571	0.021038087998098
chr10:clu_1496_-	Os9	chr10:126932948:126933801:clu_1496_-	chr10	126932949	126933800	-	0.294080053575524	0.239390630645555	-0.0546894229299686	0.021038087998098
chr10:clu_1496_-	Os9	chr10:126932611:126932784:clu_1496_-	chr10	126932612	126932783	-	0.294684756994175	0.243965466793572	-0.0507192902006028	0.021038087998098
chr5:clu_10343_+	Chfr	chr5:110292516:110294336:clu_10343_+	chr5	110292517	110294335	+	0.0287072371233431	0.0523741344913924	0.0236668973680493	0.021038087998098
chr3:clu_8483_+	Hdgf	chr3:87820758:87821359:clu_8483_+	chr3	87820759	87821358	+	0.961806341980799	0.979284504430309	0.0174781624495103	0.021038087998098
chr5:clu_10343_+	Chfr	chr5:110292853:110294336:clu_10343_+	chr5	110292854	110294335	+	0.491193540851038	0.478574715624965	-0.012618825226073	0.021038087998098
chr5:clu_10343_+	Chfr	chr5:110292516:110292638:clu_10343_+	chr5	110292517	110292637	+	0.480099222025619	0.469051149883642	-0.0110480721419762	0.021038087998098
chr3:clu_8483_+	Hdgf	chr3:87821217:87821359:clu_8483_+	chr3	87821218	87821358	+	0.0192609244980778	0.0102893622006203	-0.00897156229745758	0.021038087998098
chr3:clu_8483_+	Hdgf	chr3:87820758:87821148:clu_8483_+	chr3	87820759	87821147	+	0.018932733521123	0.0104261333690703	-0.00850660015205273	0.021038087998098
chrX:clu_13936_+	Mtm1	chrX:70276750:70297857:clu_13936_+	chrX	70276751	70297856	+	0.0113098226733929	0.075628540482534	0.0643187178091411	0.021065491182606
chrX:clu_13936_+	Mtm1	chrX:70276750:70278458:clu_13936_+	chrX	70276751	70278457	+	0.506264271088719	0.473329556838911	-0.0329347142498084	0.021065491182606
chrX:clu_13936_+	Mtm1	chrX:70278552:70297857:clu_13936_+	chrX	70278553	70297856	+	0.482425906237888	0.451041902678555	-0.0313840035593326	0.021065491182606
chr17:clu_5711_+	Pknox1	chr17:31783862:31802670:clu_5711_+	chr17	31783863	31802669	+	0.503773764220353	0.390639770179424	-0.113133994040929	0.0211991137491642
chr17:clu_5711_+	Pknox1	chr17:31783862:31800778:clu_5711_+	chr17	31783863	31800777	+	0.242150877336955	0.299162434764129	0.0570115574271748	0.0211991137491642
chr5:clu_10169_+	Zfp512	chr5:31609921:31622790:clu_10169_+	chr5	31609922	31622789	+	0.128392645649468	0.184706482300604	0.0563138366511352	0.0211991137491642
chr17:clu_5711_+	Pknox1	chr17:31801024:31802670:clu_5711_+	chr17	31801025	31802669	+	0.199512575732907	0.254874718730485	0.0553621429975772	0.0211991137491642
chr5:clu_10169_+	Zfp512	chr5:31610557:31622790:clu_10169_+	chr5	31610558	31622789	+	0.435602044713145	0.390016630982454	-0.0455854137306906	0.0211991137491642
chr7:clu_11997_+	Lins1	chr7:66358476:66359042:clu_11997_+	chr7	66358477	66359041	+	0.297167287433311	0.25842700347715297	-0.0387402839561575	0.0211991137491642
chr7:clu_11997_+	Lins1	chr7:66359183:66359907:clu_11997_+	chr7	66359184	66359906	+	0.164783585250965	0.129846227649517	-0.0349373576014476	0.0211991137491642
chr5:clu_10169_+	Zfp512	chr5:31609921:31610499:clu_10169_+	chr5	31609922	31610498	+	0.40937727512757	0.375205120096493	-0.0341721550310772	0.0211991137491642
chr7:clu_11997_+	Lins1	chr7:66359183:66359978:clu_11997_+	chr7	66359184	66359977	+	0.168593943339812	0.201571369128376	0.032977425788563997	0.0211991137491642
chr7:clu_11997_+	Lins1	chr7:66358208:66359042:clu_11997_+	chr7	66358209	66359041	+	0.0385325412852347	0.0675022787102908	0.0289697374250561	0.0211991137491642
chr7:clu_11997_+	Lins1	chr7:66358301:66358387:clu_11997_+	chr7	66358302	66358386	+	0.283727154847471	0.26045545181713	-0.0232717030303409	0.0211991137491642
chr7:clu_11997_+	Lins1	chr7:66358301:66359042:clu_11997_+	chr7	66358302	66359041	+	0.0128142832268476	0.0345598552190002	0.0217455719921526	0.0211991137491642
chr5:clu_10169_+	Zfp512	chr5:31609921:31622796:clu_10169_+	chr5	31609922	31622795	+	0.0168655714131139	0.0349820608518269	0.018116489438713	0.0211991137491642
chr7:clu_11997_+	Lins1	chr7:66358301:66359978:clu_11997_+	chr7	66358302	66359977	+	0.00565602397856847	0.0232360283492209	0.0175800043706524	0.0211991137491642
chr5:clu_10169_+	Zfp512	chr5:31610557:31622796:clu_10169_+	chr5	31610558	31622795	+	0.00976246309670279	0.0150897057686224	0.0053272426719196	0.0211991137491642
chr7:clu_11997_+	Lins1	chr7:66358208:66358387:clu_11997_+	chr7	66358209	66358386	+	0.0287251806377908	0.0244017856493116	-0.00432339498847917	0.0211991137491642
chr17:clu_5711_+	Pknox1	chr17:31801016:31802670:clu_5711_+	chr17	31801017	31802669	+	0.0242397587203254	0.0284121632680259	0.00417240454770045	0.0211991137491642
chr17:clu_5711_+	Pknox1	chr17:31800900:31802670:clu_5711_+	chr17	31800901	31802669	+	0.0303230239894598	0.026910913057936	-0.00341211093152377	0.0211991137491642
chr2:clu_7435_+	Gm11007	chr2:175435773:175442798:clu_7435_+	chr2	175435774	175442797	+	0.640708323964016	0.860952848281004	0.220244524316988	0.021321953292152
chr2:clu_7435_+	Gm11007	chr2:175437180:175442798:clu_7435_+	chr2	175437181	175442797	+	0.182034785428267	0.0704465372800656	-0.111588248148201	0.021321953292152
chr2:clu_7435_+	Gm11007	chr2:175435773:175437079:clu_7435_+	chr2	175435774	175437078	+	0.177256890607717	0.0686006144389305	-0.108656276168786	0.021321953292152
chr12:clu_3132_-	Eml5	chr12:98758937:98760690:clu_3132_-	chr12	98758938	98760689	-	0.0765213881940053	0.329832430819598	0.253311042625593	0.0215263148833541
chr12:clu_3132_-	Eml5	chr12:98758937:98760373:clu_3132_-	chr12	98758938	98760372	-	0.492247171274747	0.357223205767813	-0.135023965506934	0.0215263148833541
chr12:clu_3132_-	Eml5	chr12:98760545:98760690:clu_3132_-	chr12	98760546	98760689	-	0.431231440531248	0.312944363412589	-0.118287077118659	0.0215263148833541
chr18:clu_6206_+	Bin1	chr18:32558020:32565036:clu_6206_+	chr18	32558021	32565035	+	0.412857336184633	0.521515083719393	0.108657747534761	0.0215263148833541
chr13:clu_3358_+	Ssbp2	chr13:91712813:91812237:clu_3358_+	chr13	91712814	91812236	+	0.166880232792733	0.252337892935526	0.085457660142793	0.0215263148833541
chr18:clu_6206_+	Bin1	chr18:32564795:32565036:clu_6206_+	chr18	32564796	32565035	+	0.287923887147463	0.227002298135676	-0.0609215890117877	0.0215263148833541
chr13:clu_3358_+	Ssbp2	chr13:91712813:91790421:clu_3358_+	chr13	91712814	91790420	+	0.415402477739275	0.371974764894058	-0.0434277128452168	0.0215263148833541
chr13:clu_3358_+	Ssbp2	chr13:91790510:91812237:clu_3358_+	chr13	91790511	91812236	+	0.417717289467993	0.375687342170416	-0.0420299472975763	0.0215263148833541
chr18:clu_6206_+	Bin1	chr18:32558020:32564724:clu_6206_+	chr18	32558021	32564723	+	0.262998995419061	0.222029526441264	-0.040969468977797	0.0215263148833541
chr18:clu_6206_+	Bin1	chr18:32558020:32559277:clu_6206_+	chr18	32558021	32559276	+	0.0236732756140193	0.0195455458499915	-0.00412772976402782	0.0215263148833541
chr18:clu_6206_+	Bin1	chr18:32559405:32564724:clu_6206_+	chr18	32559406	32564723	+	0.0125465056348236	0.00990754585367526	-0.00263895978114836	0.0215263148833541
chr4:clu_9587_+	Ccnl2	chr4:155902444:155904786:clu_9587_+	chr4	155902445	155904785	+	0.608048675303351	0.675986053671493	0.067937378368142	0.0215602640481961
chr4:clu_9587_+	Ccnl2	chr4:155902444:155902996:clu_9587_+	chr4	155902445	155902995	+	0.27305374927976	0.223925961918033	-0.0491277873617267	0.0215602640481961
chr4:clu_9587_+	Ccnl2	chr4:155903457:155904163:clu_9587_+	chr4	155903458	155904162	+	0.0145055105165216	0.00456581060442042	-0.00993969991210119	0.0215602640481961
chr4:clu_9587_+	Ccnl2	chr4:155904423:155904786:clu_9587_+	chr4	155904424	155904785	+	0.00388046515596991	0.00128083623837819	-0.00259962891759172	0.0215602640481961
chr4:clu_9587_+	Ccnl2	chr4:155903009:155903327:clu_9587_+	chr4	155903010	155903326	+	0.00433320848830533	0.00184956221374726	-0.00248364627455806	0.0215602640481961
chr4:clu_9587_+	Ccnl2	chr4:155903121:155904786:clu_9587_+	chr4	155903122	155904785	+	0.0126607441185409	0.0109016874759703	-0.00175905664257062	0.0215602640481961
chr4:clu_9587_+	Ccnl2	chr4:155903009:155904786:clu_9587_+	chr4	155903010	155904785	+	0.0688040861563297	0.0674795424717187	-0.00132454368461095	0.0215602640481961
chr4:clu_9587_+	Ccnl2	chr4:155903009:155904163:clu_9587_+	chr4	155903010	155904162	+	0.00289934951204531	0.00194341355104796	-9.5593596099734e-4	0.0215602640481961
chr4:clu_9587_+	Ccnl2	chr4:155903457:155904786:clu_9587_+	chr4	155903458	155904785	+	0.00479790576539043	0.00543050878897991	6.3260302358947e-4	0.0215602640481961
chr4:clu_9587_+	Ccnl2	chr4:155902444:155903044:clu_9587_+	chr4	155902445	155903043	+	0.00701630570378596	0.00663662306621121	-3.7968263757474e-4	0.0215602640481961
chr7:clu_11787_+	Rps9	chr7:3708918:3709650:clu_11787_+	chr7	3708919	3709649	+	0.893851337205535	0.945774887147868	0.0519235499423336	0.0216859217948476
chr7:clu_11787_+	Rps9	chr7:3708918:3709007:clu_11787_+	chr7	3708919	3709006	+	0.0650976106228889	0.033276819650146	-0.0318207909727429	0.0216859217948476
chr7:clu_11787_+	Rps9	chr7:3709180:3709650:clu_11787_+	chr7	3709181	3709649	+	0.041051052171576403	0.0209482932019858	-0.0201027589695907	0.0216859217948476
chr3:clu_8545_+	Tpm3	chr3:89997386:90006835:clu_8545_+	chr3	89997387	90006834	+	0.842104346447411	0.798840774855836	-0.0432635715915745	0.022437328512399
chr3:clu_8545_+	Tpm3	chr3:89997386:89998320:clu_8545_+	chr3	89997387	89998319	+	0.0800593418684398	0.101793399342299	0.0217340574738591	0.022437328512399
chr3:clu_8545_+	Tpm3	chr3:89998398:90006835:clu_8545_+	chr3	89998399	90006834	+	0.0778363116841494	0.0993658258018647	0.0215295141177153	0.022437328512399
chr16:clu_4733_-	Anks3	chr16:4761564:4763919:clu_4733_-	chr16	4761565	4763918	-	0.987156447175021	0.947444684422982	-0.0397117627520395	0.0234776933190155
chr16:clu_4733_-	Anks3	chr16:4763525:4763919:clu_4733_-	chr16	4763526	4763918	-	0.00633205395967569	0.0272484132339662	0.0209163592742906	0.0234776933190155
chr16:clu_4733_-	Anks3	chr16:4761564:4763419:clu_4733_-	chr16	4761565	4763418	-	0.00651149886530306	0.025306902343052	0.018795403477749	0.0234776933190155
chr12:clu_2846_+	Exd2	chr12:80531146:80535058:clu_2846_+	chr12	80531147	80535057	+	0.0144528277186525	0.0459965214104666	0.031543693691814	0.0237210433097947
chr12:clu_2846_+	Exd2	chr12:80531146:80536176:clu_2846_+	chr12	80531147	80536175	+	0.928330216563943	0.897102942841589	-0.0312272737223545	0.0237210433097947
chr12:clu_2846_+	Exd2	chr12:80531146:80536250:clu_2846_+	chr12	80531147	80536249	+	0.0444701242055546	0.0158160385302272	-0.0286540856753274	0.0237210433097947
chr12:clu_2846_+	Exd2	chr12:80535281:80536176:clu_2846_+	chr12	80535282	80536175	+	0.0127468315118494	0.0410844972177172	0.0283376657058678	0.0237210433097947
chr9:clu_13461_+	Ubp1	chr9:113788007:113793620:clu_13461_+	chr9	113788008	113793619	+	0.378628767510152	0.599603367753272	0.22097460024312	0.023824254316693
chr9:clu_13461_+	Ubp1	chr9:113788551:113793620:clu_13461_+	chr9	113788552	113793619	+	0.326954684329695	0.204986972076349	-0.121967712253346	0.023824254316693
chr9:clu_13461_+	Ubp1	chr9:113788007:113788444:clu_13461_+	chr9	113788008	113788443	+	0.294416548160153	0.195409660170379	-0.099006887989774	0.023824254316693
chr1:clu_608_+	Ube2f	chr1:91178159:91181937:clu_608_+	chr1	91178160	91181936	+	0.0494310164942092	0.0703288757911172	0.020897859296908	0.024222871289128
chr1:clu_608_+	Ube2f	chr1:91178159:91181982:clu_608_+	chr1	91178160	91181981	+	0.217375275438667	0.208000618522283	-0.00937465691638367	0.024222871289128
chr1:clu_608_+	Ube2f	chr1:91178159:91181985:clu_608_+	chr1	91178160	91181984	+	0.0511948596912911	0.0437128196633448	-0.00748204002794636	0.024222871289128
chr1:clu_608_+	Ube2f	chr1:91181549:91181982:clu_608_+	chr1	91181550	91181981	+	0.0125392301445398	0.00641415703933181	-0.00612507310520796	0.024222871289128
chr1:clu_608_+	Ube2f	chr1:91178159:91181482:clu_608_+	chr1	91178160	91181481	+	0.0142975879058048	0.00849766331193441	-0.00579992459387037	0.024222871289128
chr1:clu_608_+	Ube2f	chr1:91182115:91189989:clu_608_+	chr1	91182116	91189988	+	0.318439513995959	0.322090329016674	0.00365081502071551	0.024222871289128
chr1:clu_608_+	Ube2f	chr1:91182115:91192940:clu_608_+	chr1	91182116	91192939	+	0.00430654979624616	0.00694525583265555	0.0026387060364094	0.024222871289128
chr1:clu_608_+	Ube2f	chr1:91190018:91192940:clu_608_+	chr1	91190019	91192939	+	0.325699954166247	0.328041374858633	0.00234142069238558	0.024222871289128
chr1:clu_608_+	Ube2f	chr1:91178159:91189989:clu_608_+	chr1	91178160	91189988	+	0.00671601236703589	0.00596890596402564	-7.4710640301024e-4	0.024222871289128
chr6:clu_11063_+	Nfu1	chr6:86992683:86996347:clu_11063_+	chr6	86992684	86996346	+	0.794208249168199	0.879610639191089	0.0854023900228896	0.0242671937603665
chr6:clu_11063_+	Nfu1	chr6:86993376:86996347:clu_11063_+	chr6	86993377	86996346	+	0.103536448166426	0.0606001709983226	-0.0429362771681039	0.0242671937603665
chr6:clu_11063_+	Nfu1	chr6:86992683:86993158:clu_11063_+	chr6	86992684	86993157	+	0.102255302665375	0.059789189810589	-0.0424661128547857	0.0242671937603665
chr1:clu_329_-	Pou2f1	chr1:165759296:165830131:clu_329_-	chr1	165759297	165830130	-	0.578303053006878	0.780994715224872	0.202691662217994	0.0261479988534089
chr1:clu_329_-	Pou2f1	chr1:165759296:165773471:clu_329_-	chr1	165759297	165773470	-	0.137747377253945	0.0623073040879761	-0.0754400731659691	0.0261479988534089
chr1:clu_329_-	Pou2f1	chr1:165773571:165830131:clu_329_-	chr1	165773572	165830130	-	0.0993744062314737	0.0449498778648271	-0.0544245283666466	0.0261479988534089
chr1:clu_329_-	Pou2f1	chr1:165780425:165830131:clu_329_-	chr1	165780426	165830130	-	0.081765828667924	0.036985016077247	-0.0447808125906769	0.0261479988534089
chr1:clu_329_-	Pou2f1	chr1:165773571:165780350:clu_329_-	chr1	165773572	165780349	-	0.0454003007187272	0.020535850725776	-0.0248644499929512	0.0261479988534089
chr1:clu_789_+	Sdccag8	chr1:176642621:176658623:clu_789_+	chr1	176642622	176658622	+	0.00777980195114781	0.0275462312124189	0.0197664292612711	0.0261479988534089
chr1:clu_789_+	Sdccag8	chr1:176642621:176652318:clu_789_+	chr1	176642622	176652317	+	0.337734953397319	0.330903097490835	-0.00683185590648466	0.0261479988534089
chr1:clu_789_+	Sdccag8	chr1:176656549:176658623:clu_789_+	chr1	176656550	176658622	+	0.288718826979421	0.282859983844926	-0.00585884313449453	0.0261479988534089
chr1:clu_789_+	Sdccag8	chr1:176653850:176656436:clu_789_+	chr1	176653851	176656435	+	0.285700853906466	0.279903253161335	-0.00579760074513064	0.0261479988534089
chr1:clu_329_-	Pou2f1	chr1:165759296:165762373:clu_329_-	chr1	165759297	165762372	-	0.0574090341210515	0.0542272360193016	-0.00318179810174991	0.0261479988534089
chr1:clu_789_+	Sdccag8	chr1:176653850:176658623:clu_789_+	chr1	176653851	176658622	+	0.0685154413696405	0.0671250878984968	-0.00139035347114375	0.0261479988534089
chr1:clu_789_+	Sdccag8	chr1:176642621:176652305:clu_789_+	chr1	176642622	176652304	+	0.0115501223960061	0.0116623463919886	1.1222399598249e-4	0.0261479988534089
chr5:clu_9749_-	Sepsecs	chr5:52813697:52821510:clu_9749_-	chr5	52813698	52821509	-	0.0121679169070562	0.0556139674731609	0.0434460505661048	0.02637864107199
chr5:clu_9749_-	Sepsecs	chr5:52813697:52817972:clu_9749_-	chr5	52813698	52817971	-	0.50023211359965	0.478231300901964	-0.0220008126976866	0.02637864107199
chr5:clu_9749_-	Sepsecs	chr5:52818074:52821510:clu_9749_-	chr5	52818075	52821509	-	0.487599969493294	0.466154731624875	-0.0214452378684182	0.02637864107199
chr2:clu_7066_+	Psmd14	chr2:61550915:61590980:clu_7066_+	chr2	61550916	61590979	+	7.4966060834034e-4	0.00554955897092687	0.00479989836258652	0.02637864107199
chr2:clu_7066_+	Psmd14	chr2:61553105:61590980:clu_7066_+	chr2	61553106	61590979	+	0.332231061826822	0.328548987699119	-0.00368207412770244	0.02637864107199
chr2:clu_7066_+	Psmd14	chr2:61550915:61553054:clu_7066_+	chr2	61550916	61553053	+	0.332555468937111	0.32887464717589	-0.00368082176122131	0.02637864107199
chr2:clu_7066_+	Psmd14	chr2:61542217:61550788:clu_7066_+	chr2	61542218	61550787	+	0.330184625011382	0.33242342386916	0.00223879885777817	0.02637864107199
chr2:clu_7066_+	Psmd14	chr2:61542217:61590980:clu_7066_+	chr2	61542218	61590979	+	0.00112324873613801	0.00148242394932911	3.591752131911e-4	0.02637864107199
chr2:clu_7066_+	Psmd14	chr2:61589192:61590980:clu_7066_+	chr2	61589193	61590979	+	0.00160411448268411	0.00158633629030519	-1.7778192378922002e-05	0.02637864107199
chr2:clu_7066_+	Psmd14	chr2:61553105:61589094:clu_7066_+	chr2	61553106	61589093	+	0.0015518203975224	0.00153462204526913	-1.71983522532673e-5	0.02637864107199
chr1:clu_588_+	Gigyf2	chr1:87282208:87291826:clu_588_+	chr1	87282209	87291825	+	0.723206247216907	0.845965313653315	0.122759066436408	0.0270047075336717
chr1:clu_588_+	Gigyf2	chr1:87282208:87282703:clu_588_+	chr1	87282209	87282702	+	0.171542108885533	0.0878076312743256	-0.0837344776112074	0.0270047075336717
chr1:clu_588_+	Gigyf2	chr1:87282208:87282693:clu_588_+	chr1	87282209	87282692	+	0.10525164389756	0.0662270550723593	-0.039024588825201	0.0270047075336717
chr4:clu_9078_-	Miip	chr4:147945470:147945811:clu_9078_-	chr4	147945471	147945810	-	0.120868193953242	0.0502314523135072	-0.0706367416397352	0.0270897010971094
chr4:clu_9078_-	Miip	chr4:147945542:147945811:clu_9078_-	chr4	147945543	147945810	-	0.879131806046758	0.949768547686493	0.0706367416397352	0.0270897010971094
chr6:clu_10935_+	Calu	chr6:29361486:29366039:clu_10935_+	chr6	29361487	29366038	+	0.525638498811585	0.623955999429044	0.0983175006174586	0.0271330756937208
chr6:clu_10935_+	Calu	chr6:29361752:29366039:clu_10935_+	chr6	29361753	29366038	+	0.474361501188415	0.376044000570956	-0.0983175006174585	0.0271330756937208
chr8:clu_12308_-	Ikbkb	chr8:23150475:23151418:clu_12308_-	chr8	23150476	23151417	-	0.471937661356278	0.453314314337814	-0.0186233470184635	0.0273645291995205
chr8:clu_12308_-	Ikbkb	chr8:23150678:23151418:clu_12308_-	chr8	23150679	23151417	-	0.0183926005575744	0.0336480395907207	0.0152554390331463	0.0273645291995205
chr8:clu_12308_-	Ikbkb	chr8:23150475:23153706:clu_12308_-	chr8	23150476	23153705	-	0.00789385646588264	0.0105669058306864	0.00267304936480373	0.0273645291995205
chr8:clu_12308_-	Ikbkb	chr8:23150351:23151418:clu_12308_-	chr8	23150352	23151417	-	0.0037913316571475	0.00520567109076923	0.00141433943362173	0.0273645291995205
chr8:clu_12308_-	Ikbkb	chr8:23151508:23153706:clu_12308_-	chr8	23151509	23153705	-	0.497984549963118	0.49726506915001	-7.1948081310813e-4	0.0273645291995205
chr5:clu_10445_+	Bri3bp	chr5:125528836:125531390:clu_10445_+	chr5	125528837	125531389	+	0.907067248022282	0.957676477929907	0.0506092299076243	0.0285963252706079
chr5:clu_10445_+	Bri3bp	chr5:125529309:125531390:clu_10445_+	chr5	125529310	125531389	+	0.0464808628297009	0.0211481605631724	-0.0253327022665285	0.0285963252706079
chr5:clu_10445_+	Bri3bp	chr5:125528836:125529212:clu_10445_+	chr5	125528837	125529211	+	0.0464518891480167	0.021175361506921	-0.0252765276410957	0.0285963252706079
chr2:clu_7206_+	Snap23	chr2:120416085:120416640:clu_7206_+	chr2	120416086	120416639	+	0.491472130697638	0.48493362869485	-0.00653850200278805	0.029101648799259
chr2:clu_7206_+	Snap23	chr2:120421098:120425282:clu_7206_+	chr2	120421099	120425281	+	0.00442777204769518	0.00960916620642533	0.00518139415873015	0.029101648799259
chr2:clu_7206_+	Snap23	chr2:120416757:120425282:clu_7206_+	chr2	120416758	120425281	+	0.498942781502672	0.493789634201462	-0.00515314730120991	0.029101648799259
chr2:clu_7206_+	Snap23	chr2:120416757:120420956:clu_7206_+	chr2	120416758	120420955	+	0.00353634009348335	0.00699176525856616	0.0034554251650828	0.029101648799259
chr2:clu_7206_+	Snap23	chr2:120416085:120425282:clu_7206_+	chr2	120416086	120425281	+	0.00162097565851177	0.00467580563869682	0.00305482998018504	0.029101648799259
chr4:clu_9044_-	Tmem50a	chr4:134640506:134642200:clu_9044_-	chr4	134640507	134642199	-	0.429178075160167	0.450213832073692	0.0210357569135247	0.0294165583659773
chr4:clu_9044_-	Tmem50a	chr4:134640572:134642200:clu_9044_-	chr4	134640573	134642199	-	0.0563932248416235	0.0379167512601113	-0.0184764735815122	0.0294165583659773
chr4:clu_9044_-	Tmem50a	chr4:134637036:134642200:clu_9044_-	chr4	134637037	134642199	-	0.0103030728397738	0.00779066849857377	-0.00251240434120002	0.0294165583659773
chr4:clu_9044_-	Tmem50a	chr4:134640478:134642200:clu_9044_-	chr4	134640479	134642199	-	0.0056171926746535	0.00387856360339202	-0.00173862907126149	0.0294165583659773
chr4:clu_9044_-	Tmem50a	chr4:134637036:134640402:clu_9044_-	chr4	134637037	134640401	-	0.498508434483782	0.500200184564231	0.00169175008044914	0.0294165583659773
chr15:clu_4370_+	Pphln1	chr15:93339593:93353332:clu_4370_+	chr15	93339594	93353331	+	0.0333367988452441	0.0442603949316156	0.0109235960863715	0.0297008623737672
chr15:clu_4370_+	Pphln1	chr15:93350054:93353332:clu_4370_+	chr15	93350055	93353331	+	0.172269863143539	0.162206875178316	-0.0100629879652223	0.0297008623737672
chr15:clu_4370_+	Pphln1	chr15:93339593:93349998:clu_4370_+	chr15	93339594	93349997	+	0.171263769874822	0.162210994266206	-0.00905277560861528	0.0297008623737672
chr15:clu_4370_+	Pphln1	chr15:93363126:93386855:clu_4370_+	chr15	93363127	93386854	+	0.214502456439588	0.2173776678814	0.00287521144181199	0.0297008623737672
chr15:clu_4370_+	Pphln1	chr15:93339593:93386855:clu_4370_+	chr15	93339594	93386854	+	0.00194602294701653	0.00460904334079756	0.00266302039378103	0.0297008623737672
chr15:clu_4370_+	Pphln1	chr15:93357672:93362986:clu_4370_+	chr15	93357673	93362985	+	0.197520905882431	0.198882900119611	0.00136199423718014	0.0297008623737672
chr15:clu_4370_+	Pphln1	chr15:93353411:93357553:clu_4370_+	chr15	93353412	93357552	+	0.194435325503695	0.195057181267888	6.2185576419304e-4	0.0297008623737672
chr15:clu_4370_+	Pphln1	chr15:93353411:93362986:clu_4370_+	chr15	93353412	93362985	+	0.0135149024955914	0.0139986479250724	4.8374542948097e-4	0.0297008623737672
chr15:clu_4370_+	Pphln1	chr15:93339593:93362986:clu_4370_+	chr15	93339594	93362985	+	0.0012099548680733	0.00139629508909225	1.8634022101895e-4	0.0297008623737672
chr14:clu_3879_+	Rcbtb2	chr14:73392334:73399380:clu_3879_+	chr14	73392335	73399379	+	0.827271179452867	0.893978444121966	0.066707264669099	0.0297575124524433
chr11:clu_2569_-	Pecam1	chr11:106545988:106570375:clu_2569_-	chr11	106545989	106570374	-	0.181333238778055	0.235320597860103	0.0539873590820478	0.0297575124524433
chr11:clu_2569_-	Pecam1	chr11:106545988:106552828:clu_2569_-	chr11	106545989	106552827	-	0.217666903155834	0.180956345584308	-0.0367105575715256	0.0297575124524433
chr14:clu_3879_+	Rcbtb2	chr14:73392334:73395828:clu_3879_+	chr14	73392335	73395827	+	0.0860073400195721	0.0515297521663646	-0.0344775878532075	0.0297575124524433
chr11:clu_2569_-	Pecam1	chr11:106552850:106562568:clu_2569_-	chr11	106552851	106562567	-	0.14955093686856	0.11722538540809	-0.0323255514604697	0.0297575124524433
chr14:clu_3879_+	Rcbtb2	chr14:73395885:73399380:clu_3879_+	chr14	73395886	73399379	+	0.0867214805275609	0.0544918037116694	-0.0322296768158915	0.0297575124524433
chr11:clu_2569_-	Pecam1	chr11:106545988:106562568:clu_2569_-	chr11	106545989	106562567	-	0.116880164171857	0.143068326480831	0.0261881623089743	0.0297575124524433
chr16:clu_4791_-	Dnm1l	chr16:16159332:16163862:clu_4791_-	chr16	16159333	16163861	-	0.435664807983404	0.459105166124641	0.0234403581412372	0.0297575124524433
chr16:clu_4791_-	Dnm1l	chr16:16159332:16160561:clu_4791_-	chr16	16159333	16160560	-	0.0262642767701892	0.0109609977404682	-0.015303279029721	0.0297575124524433
chr16:clu_4791_-	Dnm1l	chr16:16160599:16163862:clu_4791_-	chr16	16160600	16163861	-	0.0254009425972757	0.0105723899539422	-0.0148285526433335	0.0297575124524433
chr11:clu_2569_-	Pecam1	chr11:106552850:106570375:clu_2569_-	chr11	106552851	106570374	-	0.0688690713644863	0.0624801692447196	-0.00638890211976677	0.0297575124524433
chr16:clu_4791_-	Dnm1l	chr16:16158931:16163862:clu_4791_-	chr16	16158932	16163861	-	0.0113875994222335	0.0163377382339573	0.00495013881172378	0.0297575124524433
chr11:clu_2569_-	Pecam1	chr11:106562624:106570375:clu_2569_-	chr11	106562625	106570374	-	0.265699685661208	0.260949175421948	-0.00475051023925999	0.0297575124524433
chr16:clu_4791_-	Dnm1l	chr16:16158931:16159286:clu_4791_-	chr16	16158932	16159285	-	0.484351050157289	0.488003761133191	0.00365271097590186	0.0297575124524433
chr16:clu_4791_-	Dnm1l	chr16:16159332:16163844:clu_4791_-	chr16	16159333	16163843	-	0.0169313230696084	0.0150199468138	-0.00191137625580834	0.0297575124524433
chr15:clu_4627_-	Chkb	chr15:89312747:89312917:clu_4627_-	chr15	89312748	89312916	-	0.800707608963034	0.672613285197217	-0.128094323765817	0.0300999598036548
chr15:clu_4627_-	Chkb	chr15:89312781:89312917:clu_4627_-	chr15	89312782	89312916	-	0.164851517124636	0.286123382786457	0.121271865661821	0.0300999598036548
chr15:clu_4627_-	Chkb	chr15:89312761:89312917:clu_4627_-	chr15	89312762	89312916	-	0.0344408739123307	0.0412633320163267	0.00682245810399607	0.0300999598036548
chr4:clu_8932_-	Mpl	chr4:118301301:118305743:clu_8932_-	chr4	118301302	118305742	-	0.314334183507403	0.243141355368307	-0.0711928281390958	0.03085553031573
chr4:clu_8932_-	Mpl	chr4:118301301:118303249:clu_8932_-	chr4	118301302	118303248	-	0.344744068603917	0.381585277083132	0.0368412084792149	0.03085553031573
chr4:clu_8932_-	Mpl	chr4:118303711:118305743:clu_8932_-	chr4	118303712	118305742	-	0.34092174788868	0.375273367548561	0.0343516196598808	0.03085553031573
chr10:clu_1382_-	Hmg20b	chr10:81183342:81184330:clu_1382_-	chr10	81183343	81184329	-	0.00778500022085923	0.0333713402056002	0.025586339984741	0.0310247387112782
chr10:clu_1382_-	Hmg20b	chr10:81183866:81184330:clu_1382_-	chr10	81183867	81184329	-	0.503720520362269	0.490731032706703	-0.0129894876555661	0.0310247387112782
chr10:clu_1382_-	Hmg20b	chr10:81183342:81183820:clu_1382_-	chr10	81183343	81183819	-	0.488494479416872	0.475897627087697	-0.012596852329175	0.0310247387112782
chr6:clu_10824_-	Ccdc77	chr6:120327405:120330962:clu_10824_-	chr6	120327406	120330961	-	0.344265982954085	0.16662423674047	-0.177641746213615	0.0311633389178555
chr6:clu_10824_-	Ccdc77	chr6:120327351:120330962:clu_10824_-	chr6	120327352	120330961	-	0.607720302942315	0.759113013788155	0.15139271084584	0.0311633389178555
chr6:clu_10824_-	Ccdc77	chr6:120328682:120330962:clu_10824_-	chr6	120328683	120330961	-	0.0480137141035998	0.0742627494713742	0.0262490353677743	0.0311633389178555
chr8:clu_12530_-	Pdf,Cog8	chr8:107773903:107774693:clu_12530_-	chr8	107773904	107774692	-	0.661724551016753	0.577820733103017	-0.0839038179137355	0.0315921315235473
chr8:clu_12530_-	Pdf,Cog8	chr8:107773903:107775415:clu_12530_-	chr8	107773904	107775414	-	0.209336691220695	0.269874515426573	0.0605378242058777	0.0315921315235473
chr8:clu_12530_-	Pdf,Cog8	chr8:107773903:107775438:clu_12530_-	chr8	107773904	107775437	-	0.128938757762552	0.15230475147041	0.0233659937078577	0.0315921315235473
chr8:clu_12903_+	Ogfod1	chr8:94764070:94765593:clu_12903_+	chr8	94764071	94765592	+	0.461647832385407	0.418661332545392	-0.0429864998400147	0.0319628227793278
chr8:clu_12903_+	Ogfod1	chr8:94764070:94765546:clu_12903_+	chr8	94764071	94765545	+	0.0212106295565278	0.0554346964659265	0.0342240669093987	0.0319628227793278
chr8:clu_12903_+	Ogfod1	chr8:94764070:94773900:clu_12903_+	chr8	94764071	94773899	+	0.0688311329622573	0.100357875074567	0.0315267421123096	0.0319628227793278
chr8:clu_12903_+	Ogfod1	chr8:94766675:94768364:clu_12903_+	chr8	94766676	94768363	+	0.0164959056606344	0.00630244623556501	-0.0101934594250694	0.0319628227793278
chr8:clu_12903_+	Ogfod1	chr8:94765738:94766527:clu_12903_+	chr8	94765739	94766526	+	0.0195292525690144	0.0100625275138258	-0.00946672505518863	0.0319628227793278
chr8:clu_12903_+	Ogfod1	chr8:94765738:94773900:clu_12903_+	chr8	94765739	94773899	+	0.336760762718303	0.332953949986174	-0.00380681273212941	0.0319628227793278
chr8:clu_12903_+	Ogfod1	chr8:94765738:94768364:clu_12903_+	chr8	94765739	94768363	+	0.0638989926895283	0.066254659411609	0.00235566672208068	0.0319628227793278
chr8:clu_12903_+	Ogfod1	chr8:94765738:94768361:clu_12903_+	chr8	94765739	94768360	+	0.0116254914583275	0.0099725127669407	-0.00165297869138682	0.0319628227793278
chr5:clu_10233_+	Smim20	chr5:53424700:53434485:clu_10233_+	chr5	53424701	53434484	+	0.705421500935881	0.845435174382082	0.140013673446202	0.0325457843273914
chr5:clu_10225_+	5730480H06Rik	chr5:48532952:48536672:clu_10225_+	chr5	48532953	48536671	+	0.1736735061449	0.281489117518808	0.107815611373908	0.0325457843273914
chr5:clu_10233_+	Smim20	chr5:53424700:53425365:clu_10233_+	chr5	53424701	53425364	+	0.201508531779449	0.128562736070971	-0.072945795708478	0.0325457843273914
chr5:clu_10233_+	Smim20	chr5:53426059:53434485:clu_10233_+	chr5	53426060	53434484	+	0.0930699672846701	0.0260020895469467	-0.0670678777377234	0.0325457843273914
chr4:clu_9583_+	Cdk11b	chr4:155710111:155711231:clu_9583_+	chr4	155710112	155711230	+	0.284317444193997	0.349915837609131	0.0655983934151338	0.0325457843273914
chr5:clu_10225_+	5730480H06Rik	chr5:48534507:48536672:clu_10225_+	chr5	48534508	48536671	+	0.416493224291256	0.360240315033521	-0.0562529092577352	0.0325457843273914
chr4:clu_9583_+	Cdk11b	chr4:155710230:155711231:clu_9583_+	chr4	155710231	155711230	+	0.214604423082358	0.162407876741249	-0.052196546341109	0.0325457843273914
chr5:clu_10225_+	5730480H06Rik	chr5:48532952:48534417:clu_10225_+	chr5	48532953	48534416	+	0.409833269563844	0.358270567447671	-0.0515627021161725	0.0325457843273914
chr4:clu_9583_+	Cdk11b	chr4:155709398:155709988:clu_9583_+	chr4	155709399	155709987	+	0.313419444712811	0.345044444726209	0.0316250000133985	0.0325457843273914
chr18:clu_6082_-	Txnl1	chr18:63804757:63807120:clu_6082_-	chr18	63804758	63807119	-	0.983468881334313	0.955804202897468	-0.0276646784368449	0.0325457843273914
chr12:clu_3057_-	Ppp2r3c	chr12:55345806:55349379:clu_3057_-	chr12	55345807	55349378	-	0.963802683626781	0.937247102890307	-0.0265555807364743	0.0325457843273914
chr4:clu_9583_+	Cdk11b	chr4:155709398:155709642:clu_9583_+	chr4	155709399	155709641	+	0.0575499952317446	0.0412447852857476	-0.016305209945997	0.0325457843273914
chr4:clu_9583_+	Cdk11b	chr4:155709796:155709988:clu_9583_+	chr4	155709797	155709987	+	0.061218490813153	0.0462848053201031	-0.0149336854930499	0.0325457843273914
chr4:clu_9583_+	Cdk11b	chr4:155710111:155710184:clu_9583_+	chr4	155710112	155710183	+	0.0509048168103061	0.0361129564479901	-0.014791860362316	0.0325457843273914
chr18:clu_6082_-	Txnl1	chr18:63806945:63807120:clu_6082_-	chr18	63806946	63807119	-	0.00839159828676827	0.0224050838362499	0.0140134855494816	0.0325457843273914
chr18:clu_6082_-	Txnl1	chr18:63804757:63806869:clu_6082_-	chr18	63804758	63806868	-	0.00813952037891881	0.0217907132662821	0.0136511928873633	0.0325457843273914
chr12:clu_3057_-	Ppp2r3c	chr12:55345806:55348749:clu_3057_-	chr12	55345807	55348748	-	0.0162427936125997	0.0274680329988664	0.0112252393862667	0.0325457843273914
chr12:clu_3057_-	Ppp2r3c	chr12:55348881:55349379:clu_3057_-	chr12	55348882	55349378	-	0.0142999326256063	0.0251802788662926	0.0108803462406863	0.0325457843273914
chr12:clu_3057_-	Ppp2r3c	chr12:55345806:55346050:clu_3057_-	chr12	55345807	55346049	-	0.00565459013501283	0.0101045852445342	0.00444999510952139	0.0325457843273914
chr4:clu_9583_+	Cdk11b	chr4:155709398:155710184:clu_9583_+	chr4	155709399	155710183	+	0.0179853851556308	0.0189892938695703	0.00100390871393958	0.0325457843273914
chr1:clu_1_-	Mrpl15	chr1:4847024:4847748:clu_1_-	chr1	4847025	4847747	-	0.784457525796635	0.669174788907039	-0.115282736889596	0.0329005288458213
chr1:clu_1_-	Mrpl15	chr1:4844739:4847748:clu_1_-	chr1	4844740	4847747	-	0.202978786777349	0.308798442786126	0.105819656008777	0.0329005288458213
chr1:clu_1_-	Mrpl15	chr1:4844739:4846633:clu_1_-	chr1	4844740	4846632	-	0.0125636874260154	0.0220267683068344	0.00946308088081901	0.0329005288458213
chr2:clu_7311_+	Kiz	chr2:146705789:146730941:clu_7311_+	chr2	146705790	146730940	+	0.0828272567595851	0.148358336067766	0.0655310793081813	0.0333006104311275
chr2:clu_7311_+	Kiz	chr2:146712766:146730941:clu_7311_+	chr2	146712767	146730940	+	0.456432271664592	0.420067031962	-0.0363652397025927	0.0333006104311275
chr2:clu_7311_+	Kiz	chr2:146705789:146712686:clu_7311_+	chr2	146705790	146712685	+	0.460740471575822	0.431574631970234	-0.0291658396055887	0.0333006104311275
chr1:clu_835_+	Cd34	chr1:194630314:194631613:clu_835_+	chr1	194630315	194631612	+	0.992512001155696	0.98330584095846	-0.00920616019723641	0.0335579225463061
chr1:clu_835_+	Cd34	chr1:194630314:194631655:clu_835_+	chr1	194630315	194631654	+	0.00409001152043852	0.0115154240507304	0.00742541253029184	0.0335579225463061
chr1:clu_835_+	Cd34	chr1:194630314:194631634:clu_835_+	chr1	194630315	194631633	+	0.0033979873238656	0.00517873499081013	0.00178074766694453	0.0335579225463061
chr6:clu_10664_-	Ezh2,Gm66620	chr6:47535228:47553470:clu_10664_-	chr6	47535229	47553469	-	0.384261455303643	0.412207458213788	0.0279460029101453	0.0338183840137008
chr6:clu_10664_-	Ezh2,Gm66620	chr6:47535228:47553497:clu_10664_-	chr6	47535229	47553496	-	0.131610756820189	0.108977372579306	-0.0226333842408831	0.0338183840137008
chr6:clu_10664_-	Ezh2,Gm66620	chr6:47604846:47613756:clu_10664_-	chr6	47604847	47613755	-	0.0251809284912458	0.0167587750891665	-0.00842215340207935	0.0338183840137008
chr6:clu_10664_-	Ezh2,Gm66620	chr6:47535228:47571828:clu_10664_-	chr6	47535229	47571827	-	0.00405766456100886	0.0120718585434586	0.00801419398244971	0.0338183840137008
chr6:clu_10664_-	Ezh2,Gm66620	chr6:47554601:47604701:clu_10664_-	chr6	47554602	47604700	-	0.0180724201260589	0.0122773863859206	-0.00579503374013828	0.0338183840137008
chr6:clu_10664_-	Ezh2,Gm66620	chr6:47554601:47613756:clu_10664_-	chr6	47554602	47613755	-	0.00871419724983381	0.0133904431508159	0.00467624590098211	0.0338183840137008
chr6:clu_10664_-	Ezh2,Gm66620	chr6:47554601:47571828:clu_10664_-	chr6	47554602	47571827	-	0.419054473754766	0.415082772880458	-0.00397170087430793	0.0338183840137008
chr6:clu_10664_-	Ezh2,Gm66620	chr6:47554601:47571625:clu_10664_-	chr6	47554602	47571624	-	0.00267098522499173	0.00340153145032298	7.3054622533125e-4	0.0338183840137008
chr6:clu_10664_-	Ezh2,Gm66620	chr6:47554601:47572118:clu_10664_-	chr6	47554602	47572117	-	0.00637711846826376	0.00583240170676398	-5.4471676149977e-4	0.0338183840137008
chr12:clu_3076_-	Nemf	chr12:69387830:69388047:clu_3076_-	chr12	69387831	69388046	-	0.096728797804751	0.212567791582812	0.115838993778061	0.0344987431583085
chr12:clu_3076_-	Nemf	chr12:69387850:69388047:clu_3076_-	chr12	69387851	69388046	-	0.903271202195249	0.787432208417188	-0.115838993778061	0.0344987431583085
chr11:clu_1765_+	Rpain	chr11:70863901:70864895:clu_1765_+	chr11	70863902	70864894	+	0.0281352176296628	0.0704514753193492	0.0423162576896864	0.0344987431583085
chr11:clu_1765_+	Rpain	chr11:70863901:70864628:clu_1765_+	chr11	70863902	70864627	+	0.294551275707815	0.268941446763502	-0.0256098289443132	0.0344987431583085
chr11:clu_1592_+	Bcl11a	chr11:24035650:24113146:clu_1592_+	chr11	24035651	24113145	+	0.0227421640233451	0.0454528676836679	0.0227107036603227	0.0344987431583085
chr11:clu_1592_+	Bcl11a	chr11:24035650:24108253:clu_1592_+	chr11	24035651	24108252	+	0.304721197247869	0.282511427222437	-0.022209770025432	0.0344987431583085
chr11:clu_1765_+	Rpain	chr11:70864739:70864895:clu_1765_+	chr11	70864740	70864894	+	0.289817797511608	0.269119898949333	-0.0206978985622754	0.0344987431583085
chr3:clu_8556_+	Selenbp1	chr3:94844704:94845159:clu_8556_+	chr3	94844705	94845158	+	0.00136189319789225	0.0217747718459808	0.0204128786480886	0.0344987431583085
chr3:clu_8556_+	Selenbp1	chr3:94844704:94845266:clu_8556_+	chr3	94844705	94845265	+	0.998638106802108	0.978225228154019	-0.0204128786480886	0.0344987431583085
chr11:clu_1765_+	Rpain	chr11:70863901:70868484:clu_1765_+	chr11	70863902	70868483	+	0.00665771541577517	0.0225010393894612	0.015843323973686	0.0344987431583085
chr11:clu_1592_+	Bcl11a	chr11:24108354:24113146:clu_1592_+	chr11	24108355	24113145	+	0.313455246394879	0.298003453095919	-0.01545179329896	0.0344987431583085
chr16:clu_4796_-	Ppil2	chr16:16909753:16910549:clu_4796_-	chr16	16909754	16910548	-	0.00449009752580945	0.01860593822517	0.0141158406993606	0.0344987431583085
chr11:clu_1765_+	Rpain	chr11:70865866:70868484:clu_1765_+	chr11	70865867	70868483	+	0.380837993735138	0.368986139578355	-0.0118518541567839	0.0344987431583085
chr11:clu_1592_+	Bcl11a	chr11:24115040:24122699:clu_1592_+	chr11	24115041	24122698	+	0.0128016272994276	0.0206226555866365	0.00782102828720893	0.0344987431583085
chr16:clu_4796_-	Ppil2	chr16:16909753:16910079:clu_4796_-	chr16	16909754	16910078	-	0.499863063978723	0.49277525180778	-0.00708781217094256	0.0344987431583085
chr16:clu_4796_-	Ppil2	chr16:16910168:16910549:clu_4796_-	chr16	16910169	16910548	-	0.495646838495468	0.48861880996705	-0.00702802852841805	0.0344987431583085
chr11:clu_1592_+	Bcl11a	chr11:24114888:24122699:clu_1592_+	chr11	24114889	24122698	+	0.121938620443573	0.126075634435348	0.00413701399177517	0.0344987431583085
chr11:clu_1592_+	Bcl11a	chr11:24035650:24122699:clu_1592_+	chr11	24035651	24122698	+	0.00258035907684883	0.00589765036451312	0.00331729128766428	0.0344987431583085
chr11:clu_1592_+	Bcl11a	chr11:24035503:24108253:clu_1592_+	chr11	24035504	24108252	+	0.00298884938452996	0.00422048825963267	0.00123163887510271	0.0344987431583085
chr11:clu_1592_+	Bcl11a	chr11:24115168:24122699:clu_1592_+	chr11	24115169	24122698	+	0.0179115774535591	0.0168029629492606	-0.00110861450429854	0.0344987431583085
chr11:clu_1592_+	Bcl11a	chr11:24113288:24122699:clu_1592_+	chr11	24113289	24122698	+	0.200860358675968	0.200412860402585	-4.474982733833e-4	0.0344987431583085
chr11:clu_2572_-	Pecam1	chr11:106590711:106605728:clu_2572_-	chr11	106590712	106605727	-	0.488804894178702	0.454621593215618	-0.0341833009630839	0.0348421517986599
chr11:clu_2572_-	Pecam1	chr11:106590711:106640969:clu_2572_-	chr11	106590712	106640968	-	0.0232115940164384	0.0546954514333598	0.0314838574169213	0.0348421517986599
chr11:clu_2572_-	Pecam1	chr11:106641031:106641365:clu_2572_-	chr11	106641032	106641364	-	0.0795772685999825	0.103491027610339	0.0239137590103568	0.0348421517986599
chr11:clu_2572_-	Pecam1	chr11:106606010:106640969:clu_2572_-	chr11	106606011	106640968	-	0.333269839255099	0.32068910655317	-0.0125807327019292	0.0348421517986599
chr11:clu_2572_-	Pecam1	chr11:106606007:106640969:clu_2572_-	chr11	106606008	106640968	-	0.0261019893880736	0.0202674281036502	-0.00583456128442337	0.0348421517986599
chr11:clu_2572_-	Pecam1	chr11:106606010:106641365:clu_2572_-	chr11	106606011	106641364	-	0.0163955306467743	0.0127264892860107	-0.0036690413607636	0.0348421517986599
chr11:clu_2572_-	Pecam1	chr11:106605989:106640969:clu_2572_-	chr11	106605990	106640968	-	0.0112539064686765	0.0119969580999403	7.4305163126385e-4	0.0348421517986599
chr11:clu_2572_-	Pecam1	chr11:106641085:106641365:clu_2572_-	chr11	106641086	106641364	-	0.0213849774462538	0.0215119456979117	1.2696825165793e-4	0.0348421517986599
chr12:clu_2700_+	Asxl2	chr12:3524613:3534445:clu_2700_+	chr12	3524614	3534444	+	0.107480305260498	0.171245166256994	0.0637648609964962	0.0349584775793688
chr12:clu_2700_+	Asxl2	chr12:3526169:3526949:clu_2700_+	chr12	3526170	3526948	+	0.0763503632528363	0.0205183630533289	-0.0558320001995075	0.0349584775793688
chr12:clu_2700_+	Asxl2	chr12:3524613:3526026:clu_2700_+	chr12	3524614	3526025	+	0.40935866961519	0.397890592752074	-0.0114680768631166	0.0349584775793688
chr12:clu_2700_+	Asxl2	chr12:3526169:3534445:clu_2700_+	chr12	3526170	3534444	+	0.406810661871476	0.410345877937603	0.00353521606612778	0.0349584775793688
chrX:clu_13999_+	Gprasp1	chrX:134649531:134652694:clu_13999_+	chrX	134649532	134652693	+	0.789434223125126	0.545021265528819	-0.244412957596307	0.0354834402605141
chrX:clu_13999_+	Gprasp1	chrX:134651335:134652694:clu_13999_+	chrX	134651336	134652693	+	0.112700454521438	0.241168816801715	0.128468362280276	0.0354834402605141
chrX:clu_13999_+	Gprasp1	chrX:134649531:134651285:clu_13999_+	chrX	134649532	134651284	+	0.0978653223534354	0.213809917669466	0.11594459531603	0.0354834402605141
chr4:clu_9578_+	Gnb1	chr4:155576037:155611870:clu_9578_+	chr4	155576038	155611869	+	0.323776064400275	0.424766780127521	0.100990715727245	0.0354834402605141
chr4:clu_9578_+	Gnb1	chr4:155600136:155611870:clu_9578_+	chr4	155600137	155611869	+	0.382990454941045	0.30706031490674	-0.0759301400343041	0.0354834402605141
chr5:clu_9866_-	Ep400	chr5:110816611:110818741:clu_9866_-	chr5	110816612	110818740	-	0.403779759306127	0.372908621306405	-0.0308711379997216	0.0354834402605141
chr5:clu_9866_-	Ep400	chr5:110816590:110818741:clu_9866_-	chr5	110816591	110818740	-	0.0524281459106567	0.0820045146225189	0.0295763687118622	0.0354834402605141
chr9:clu_13285_+	Oaz2	chr9:65595255:65596377:clu_13285_+	chr9	65595256	65596376	+	0.0203174927685808	0.0482709383684478	0.027953445599867	0.0354834402605141
chr4:clu_9578_+	Gnb1	chr4:155576037:155600088:clu_9578_+	chr4	155576038	155600087	+	0.29323348065868	0.268172904965739	-0.0250605756929413	0.0354834402605141
chr5:clu_9866_-	Ep400	chr5:110816056:110818741:clu_9866_-	chr5	110816057	110818740	-	0.0207987658668956	0.0428400754028565	0.0220413095359609	0.0354834402605141
chr5:clu_9866_-	Ep400	chr5:110816056:110816416:clu_9866_-	chr5	110816057	110816415	-	0.522993328916321	0.502246788668219	-0.0207465402481013	0.0354834402605141
chr9:clu_13285_+	Oaz2	chr9:65596188:65596377:clu_13285_+	chr9	65596189	65596376	+	0.488857770241425	0.474796957095902	-0.0140608131455225	0.0354834402605141
chr9:clu_13285_+	Oaz2	chr9:65595255:65596103:clu_13285_+	chr9	65595256	65596102	+	0.490824736989995	0.47693210453565	-0.0138926324543446	0.0354834402605141
chr11:clu_1958_+	Psme3	chr11:101207314:101208007:clu_1958_+	chr11	101207315	101208006	+	0.964587399732918	0.975089948724426	0.0105025489915086	0.0363826059214533
chr11:clu_1958_+	Psme3	chr11:101207921:101208007:clu_1958_+	chr11	101207922	101208006	+	0.0172852380407809	0.0121466488412653	-0.00513858919951569	0.0363826059214533
chr11:clu_1958_+	Psme3	chr11:101207314:101207847:clu_1958_+	chr11	101207315	101207846	+	0.0145611857692251	0.0100727836764524	-0.00448840209277275	0.0363826059214533
chr11:clu_1958_+	Psme3	chr11:101207314:101207417:clu_1958_+	chr11	101207315	101207416	+	0.00356617645707611	0.00269061875785611	-8.7555769922e-4	0.0363826059214533
chr2:clu_7859_-	Atp8b4	chr2:126289438:126300163:clu_7859_-	chr2	126289439	126300162	-	0.0814980398394577	0.0442724628380232	-0.0372255770014344	0.0364242271325726
chr2:clu_7859_-	Atp8b4	chr2:126275865:126300163:clu_7859_-	chr2	126275866	126300162	-	0.447104297594016	0.467655168345654	0.0205508707516376	0.0364242271325726
chr2:clu_7859_-	Atp8b4	chr2:126269347:126275793:clu_7859_-	chr2	126269348	126275792	-	0.454894255249093	0.473030007459013	0.0181357522099199	0.0364242271325726
chr2:clu_7859_-	Atp8b4	chr2:126269347:126300163:clu_7859_-	chr2	126269348	126300162	-	0.00363387311891509	0.00802458934683293	0.00439071622791784	0.0364242271325726
chr2:clu_7859_-	Atp8b4	chr2:126275865:126300180:clu_7859_-	chr2	126275866	126300179	-	0.00573445492718266	0.00313489722218573	-0.00259955770499693	0.0364242271325726
chr2:clu_7859_-	Atp8b4	chr2:126298534:126300163:clu_7859_-	chr2	126298535	126300162	-	0.00397731070776403	0.00216295735372084	-0.00181435335404319	0.0364242271325726
chr2:clu_7859_-	Atp8b4	chr2:126288747:126300163:clu_7859_-	chr2	126288748	126300162	-	0.00315776856357114	0.00171991743457043	-0.00143785112900071	0.0364242271325726
chr14:clu_3790_+	Fbxo34	chr14:47710174:47763662:clu_3790_+	chr14	47710175	47763661	+	0.193293272590967	0.257385408541394	0.0640921359504273	0.0365393930091786
chr14:clu_3790_+	Fbxo34	chr14:47710174:47738251:clu_3790_+	chr14	47710175	47738250	+	0.119718435918686	0.0570099663432175	-0.0627084695754683	0.0365393930091786
chr14:clu_3790_+	Fbxo34	chr14:47710174:47766632:clu_3790_+	chr14	47710175	47766631	+	0.117594767228713	0.174951307998687	0.0573565407699737	0.0365393930091786
chr14:clu_3790_+	Fbxo34	chr14:47763771:47766632:clu_3790_+	chr14	47763772	47766631	+	0.30718026230262	0.3392811270138	0.0321008647111795	0.0365393930091786
chr14:clu_3790_+	Fbxo34	chr14:47738327:47742443:clu_3790_+	chr14	47738328	47742442	+	0.044608401828724	0.0224765598450607	-0.0221318419836633	0.0365393930091786
chr14:clu_3790_+	Fbxo34	chr14:47738327:47766632:clu_3790_+	chr14	47738328	47766631	+	0.0318560743792455	0.0143258693374824	-0.0175302050417631	0.0365393930091786
chr14:clu_3790_+	Fbxo34	chr14:47738327:47763662:clu_3790_+	chr14	47738328	47763661	+	0.0360553279491208	0.0201681651140618	-0.015887162835059	0.0365393930091786
chr14:clu_3790_+	Fbxo34	chr14:47742589:47744722:clu_3790_+	chr14	47742590	47744721	+	0.0352523668544402	0.0224155824260229	-0.0128367844284173	0.0365393930091786
chr14:clu_3790_+	Fbxo34	chr14:47742589:47763662:clu_3790_+	chr14	47742590	47763661	+	0.0347940878659536	0.0238717886595718	-0.0109222992063818	0.0365393930091786
chr14:clu_3790_+	Fbxo34	chr14:47742589:47766632:clu_3790_+	chr14	47742590	47766631	+	0.0183348926885636	0.0128494049989609	-0.00548548768960271	0.0365393930091786
chr14:clu_3790_+	Fbxo34	chr14:47744903:47763662:clu_3790_+	chr14	47744904	47763661	+	0.0191925529515879	0.0156697337689744	-0.00352281918261343	0.0365393930091786
chr14:clu_3790_+	Fbxo34	chr14:47710174:47742443:clu_3790_+	chr14	47710175	47742442	+	0.0421195574413784	0.0395950859527667	-0.0025244714886117	0.0365393930091786
chr11:clu_2174_-	Prorsd1	chr11:29463676:29464917:clu_2174_-	chr11	29463677	29464916	-	0.636898717079389	0.797246464740054	0.160347747660665	0.0366913224351845
chr11:clu_2174_-	Prorsd1	chr11:29463676:29464432:clu_2174_-	chr11	29463677	29464431	-	0.18705600442549	0.104685553232433	-0.0823704511930575	0.0366913224351845
chr13:clu_3475_-	Slc35b3	chr13:39116892:39117432:clu_3475_-	chr13	39116893	39117431	-	0.0531852689144299	0.134114769795523	0.0809295008810931	0.0366913224351845
chr13:clu_3475_-	Slc35b3	chr13:39116892:39118714:clu_3475_-	chr13	39116893	39118713	-	0.94681473108557	0.865885230204477	-0.0809295008810931	0.0366913224351845
chr11:clu_2174_-	Prorsd1	chr11:29464522:29464917:clu_2174_-	chr11	29464523	29464916	-	0.17604527849512	0.098067982027513	-0.0779772964676072	0.0366913224351845
chr12:clu_3134_-	Foxn3	chr12:99175825:99257496:clu_3134_-	chr12	99175826	99257495	-	0.487284425968307	0.620496940884485	0.133212514916178	0.0372294717965516
chr12:clu_3134_-	Foxn3	chr12:99185922:99257496:clu_3134_-	chr12	99185923	99257495	-	0.255269331608938	0.190125037035271	-0.0651442945736671	0.0372294717965516
chr12:clu_3134_-	Foxn3	chr12:99175825:99185857:clu_3134_-	chr12	99175826	99185856	-	0.18168249741873	0.136236120785709	-0.0454463766330213	0.0372294717965516
chr12:clu_3134_-	Foxn3	chr12:99175825:99185860:clu_3134_-	chr12	99175826	99185859	-	0.0757637450040241	0.0531419012945343	-0.0226218437094898	0.0372294717965516
chr15:clu_4634_-	Yaf2	chr15:93184443:93234221:clu_4634_-	chr15	93184444	93234220	-	0.593297231522182	0.677843014270982	0.0845457827487996	0.0374646616028825
chr15:clu_4634_-	Yaf2	chr15:93215489:93234221:clu_4634_-	chr15	93215490	93234220	-	0.204545452054655	0.160557362914953	-0.0439880891397028	0.0374646616028825
chr15:clu_4634_-	Yaf2	chr15:93184443:93215420:clu_4634_-	chr15	93184444	93215419	-	0.202157316423162	0.161599622814066	-0.0405576936090969	0.0374646616028825
chr6:clu_10934_+	Calu	chr6:29356696:29361293:clu_10934_+	chr6	29356697	29361292	+	0.527520224421701	0.625041106366985	0.0975208819452841	0.0375872227279388
chr6:clu_10934_+	Calu	chr6:29356696:29361559:clu_10934_+	chr6	29356697	29361558	+	0.472479775578299	0.374958893633015	-0.0975208819452841	0.0375872227279388
chr1:clu_13_-	Eloc	chr1:16716053:16718179:clu_13_-	chr1	16716054	16718178	-	0.958486681982895	0.981848107089082	0.0233614251061874	0.0381945894111874
chr2:clu_8029_-	Ube2v1,Gm20431	chr2:167459897:167473860:clu_8029_-	chr2	167459898	167473859	-	0.928791224325457	0.905439930222573	-0.0233512941028842	0.0381945894111874
chr1:clu_13_-	Eloc	chr1:16717277:16718179:clu_13_-	chr1	16717278	16718178	-	0.0294106821977827	0.0117007969780323	-0.0177098852197503	0.0381945894111874
chr2:clu_8029_-	Ube2v1,Gm20431	chr2:167471208:167473860:clu_8029_-	chr2	167471209	167473859	-	0.0363792083815397	0.0485093956931658	0.012130187311626	0.0381945894111874
chr2:clu_8029_-	Ube2v1,Gm20431	chr2:167459897:167471090:clu_8029_-	chr2	167459898	167471089	-	0.0321452689802588	0.0426034827832503	0.0104582138029916	0.0381945894111874
chr1:clu_13_-	Eloc	chr1:16716053:16717212:clu_13_-	chr1	16716054	16717211	-	0.0121026358193228	0.00645109593288561	-0.00565153988643719	0.0381945894111874
chr2:clu_8029_-	Ube2v1,Gm20431	chr2:167459897:167470989:clu_8029_-	chr2	167459898	167470988	-	0.00268429831274405	0.00344719130101068	7.6289298826662e-4	0.0381945894111874
chr4:clu_9296_+	Mier1	chr4:102976706:102984470:clu_9296_+	chr4	102976707	102984469	+	0.60968728598258	0.707026860329153	0.0973395743465737	0.0396987235446581
chr4:clu_9296_+	Mier1	chr4:102975512:102984470:clu_9296_+	chr4	102975513	102984469	+	0.140030546948888	0.0805178080179319	-0.0595127389309558	0.0396987235446581
chr1:clu_316_-	Firrm,Gm57120	chr1:163840405:163914304:clu_316_-	chr1	163840406	163914303	-	0.162540683603164	0.105111276863316	-0.0574294067398483	0.0396987235446581
chr1:clu_316_-	Firrm,Gm57120	chr1:163817362:163818289:clu_316_-	chr1	163817363	163818288	-	0.726730169409207	0.767208635612811	0.0404784662036046	0.0396987235446581
chr4:clu_9296_+	Mier1	chr4:102972857:102975436:clu_9296_+	chr4	102972858	102975435	+	0.0645098470600994	0.0370932866557529	-0.0274165604043466	0.0396987235446581
chr4:clu_9296_+	Mier1	chr4:102972857:102984470:clu_9296_+	chr4	102972858	102984469	+	0.11210387727743	0.13300192450586	0.0208980472284294	0.0396987235446581
chr1:clu_316_-	Firrm,Gm57120	chr1:163907152:163914304:clu_316_-	chr1	163907153	163914303	-	0.0179117715573683	0.0362278746546752	0.0183161030973069	0.0396987235446581
chr4:clu_9296_+	Mier1	chr4:102972857:102975478:clu_9296_+	chr4	102972858	102975477	+	0.0368997059687762	0.0212175583011344	-0.0156821476676418	0.0396987235446581
chr4:clu_9296_+	Mier1	chr4:102972857:102975439:clu_9296_+	chr4	102972858	102975438	+	0.0367687367622268	0.021142562190168	-0.0156261745720588	0.0396987235446581
chr1:clu_316_-	Firrm,Gm57120	chr1:163817362:163914304:clu_316_-	chr1	163817363	163914303	-	0.0289547236297321	0.0176478880899929	-0.0113068355397392	0.0396987235446581
chr1:clu_316_-	Firrm,Gm57120	chr1:163817362:163822941:clu_316_-	chr1	163817363	163822940	-	0.010538699040309	0.0190687647232724	0.00853006568296337	0.0396987235446581
chr1:clu_316_-	Firrm,Gm57120	chr1:163823000:163914304:clu_316_-	chr1	163823001	163914303	-	0.00904677637643081	0.0150413078949503	0.0059945315185195	0.0396987235446581
chr1:clu_316_-	Firrm,Gm57120	chr1:163840405:163868807:clu_316_-	chr1	163840406	163868806	-	0.0148322839875207	0.0127353456467134	-0.00209693834080729	0.0396987235446581
chr1:clu_316_-	Firrm,Gm57120	chr1:163880633:163914304:clu_316_-	chr1	163880634	163914303	-	0.0131941858851077	0.0111783444651265	-0.00201584141998123	0.0396987235446581
chr1:clu_316_-	Firrm,Gm57120	chr1:163870600:163914304:clu_316_-	chr1	163870601	163914303	-	0.0162507065111605	0.0157805620491422	-4.7014446201832e-4	0.0396987235446581
chr15:clu_4660_-	Kansl2	chr15:98429410:98429601:clu_4660_-	chr15	98429411	98429600	-	0.0191647702920015	0.0486943458646397	0.0295295755726382	0.0397487690109019
chr15:clu_4660_-	Kansl2	chr15:98429318:98429601:clu_4660_-	chr15	98429319	98429600	-	0.443149283011485	0.42553263886457	-0.0176166441469157	0.0397487690109019
chr15:clu_4660_-	Kansl2	chr15:98427334:98429204:clu_4660_-	chr15	98427335	98429203	-	0.479827122983913	0.463248524322327	-0.0165785986615863	0.0397487690109019
chr15:clu_4660_-	Kansl2	chr15:98427334:98429601:clu_4660_-	chr15	98427335	98429600	-	0.0578588237126002	0.0625244909484639	0.00466566723586373	0.0397487690109019
chr2:clu_7663_-	Ggta1	chr2:35303439:35312192:clu_7663_-	chr2	35303440	35312191	-	0.176521017542143	0.335442715443171	0.158921697901028	0.039833219043171
chr2:clu_7663_-	Ggta1	chr2:35306519:35312192:clu_7663_-	chr2	35306520	35312191	-	0.198677606771486	0.131196787932577	-0.0674808188389088	0.039833219043171
chr2:clu_7663_-	Ggta1	chr2:35304296:35306484:clu_7663_-	chr2	35304297	35306483	-	0.153100942223972	0.0876240129907368	-0.0654769292332351	0.039833219043171
chr2:clu_7663_-	Ggta1	chr2:35303439:35304231:clu_7663_-	chr2	35303440	35304230	-	0.289444773109768	0.248231426012446	-0.0412133470973221	0.039833219043171
chr2:clu_7663_-	Ggta1	chr2:35304296:35312192:clu_7663_-	chr2	35304297	35312191	-	0.128348261109555	0.145074947202749	0.0167266860931936	0.039833219043171
chr2:clu_7663_-	Ggta1	chr2:35303439:35306484:clu_7663_-	chr2	35303440	35306483	-	0.0539073992430765	0.0524301104183205	-0.00147728882475597	0.039833219043171
chr17:clu_5878_+	Hdgfl2	chr17:56403276:56403821:clu_5878_+	chr17	56403277	56403820	+	0.240738455334066	0.334467636443902	0.0937291811098365	0.0409375156649709
chr17:clu_5878_+	Hdgfl2	chr17:56403276:56403848:clu_5878_+	chr17	56403277	56403847	+	0.688540748828119	0.605771294278041	-0.0827694545500782	0.0409375156649709
chr17:clu_5878_+	Hdgfl2	chr17:56403276:56403851:clu_5878_+	chr17	56403277	56403850	+	0.0707207958378153	0.059761069278057	-0.0109597265597583	0.0409375156649709
chr12:clu_2797_+	Togaram1	chr12:65014802:65023469:clu_2797_+	chr12	65014803	65023468	+	0.744201361007516	0.923590976325698	0.179389615318182	0.0418968025187773
chr12:clu_2877_+	Isca2	chr12:84820451:84821317:clu_2877_+	chr12	84820452	84821316	+	0.106500259652707	0.229249127649969	0.122748867997262	0.0418968025187773
chr2:clu_7209_+	Tmem62	chr2:120820967:120826887:clu_7209_+	chr2	120820968	120826886	+	0.0464178917324077	0.160355918111414	0.113938026379007	0.0418968025187773
chr12:clu_2797_+	Togaram1	chr12:65017029:65023469:clu_2797_+	chr12	65017030	65023468	+	0.12807559453112	0.0382571372893578	-0.0898184572417621	0.0418968025187773
chr12:clu_2797_+	Togaram1	chr12:65014802:65017000:clu_2797_+	chr12	65014803	65016999	+	0.127723044461365	0.0381518863849442	-0.0895711580764204	0.0418968025187773
chr5:clu_9894_-	Git2	chr5:114877342:114883490:clu_9894_-	chr5	114877343	114883489	-	0.318547083521387	0.406754896619042	0.0882078130976548	0.0418968025187773
chr12:clu_2877_+	Isca2	chr12:84820451:84820567:clu_2877_+	chr12	84820452	84820566	+	0.488673654766777	0.413392409067798	-0.0752812456989782	0.0418968025187773
chr5:clu_10066_-	Zdhhc4	chr5:143312060:143314146:clu_10066_-	chr5	143312061	143314145	-	0.0443490016402891	0.114712158942561	0.0703631573022715	0.0418968025187773
chr5:clu_10066_-	Zdhhc4	chr5:143311978:143314146:clu_10066_-	chr5	143311979	143314145	-	0.955650998359711	0.885287841057439	-0.0703631573022714	0.0418968025187773
chr11:clu_2462_-	Kat7	chr11:95166713:95168295:clu_2462_-	chr11	95166714	95168294	-	0.0932486599327939	0.151687833359638	0.0584391734268439	0.0418968025187773
chr2:clu_7209_+	Tmem62	chr2:120824118:120826887:clu_7209_+	chr2	120824119	120826886	+	0.476775853241387	0.419784930341866	-0.0569909228995211	0.0418968025187773
chr2:clu_7209_+	Tmem62	chr2:120820967:120823959:clu_7209_+	chr2	120820968	120823958	+	0.476806255026205	0.41985915154672	-0.0569471034794857	0.0418968025187773
chr12:clu_2877_+	Isca2	chr12:84820682:84821317:clu_2877_+	chr12	84820683	84821316	+	0.404826085580516	0.357358463282233	-0.0474676222982835	0.0418968025187773
chr5:clu_9894_-	Git2	chr5:114881941:114883490:clu_9894_-	chr5	114881942	114883489	-	0.338450934891701	0.293850532976651	-0.0446004019150497	0.0418968025187773
chr10:clu_1184_-	Rmnd1	chr10:4377691:4379077:clu_1184_-	chr10	4377692	4379076	-	0.460096030859951	0.421342265325677	-0.0387537655342738	0.0418968025187773
chr5:clu_9894_-	Git2	chr5:114877342:114881792:clu_9894_-	chr5	114877343	114881791	-	0.316857263099496	0.280372276538467	-0.036484986561029	0.0418968025187773
chr11:clu_2462_-	Kat7	chr11:95167375:95168295:clu_2462_-	chr11	95167376	95168294	-	0.449847736467034	0.420564338560049	-0.029283397906985	0.0418968025187773
chr11:clu_2462_-	Kat7	chr11:95166713:95167269:clu_2462_-	chr11	95166714	95167268	-	0.456903603600172	0.427747828080313	-0.029155775519859	0.0418968025187773
chr4:clu_9219_+	Melk	chr4:44318122:44332880:clu_9219_+	chr4	44318123	44332879	+	0.0177580579282385	0.0452410198783645	0.0274829619501259	0.0418968025187773
chr10:clu_1184_-	Rmnd1	chr10:4378465:4379077:clu_1184_-	chr10	4378466	4379076	-	0.0176525847492007	0.0382791582662938	0.0206265735170931	0.0418968025187773
chr9:clu_13695_-	Rnf111	chr9:70361099:70366272:clu_13695_-	chr9	70361100	70366271	-	0.00302955342068694	0.0210272925957925	0.0179977391751056	0.0418968025187773
chr4:clu_9219_+	Melk	chr4:44325739:44332880:clu_9219_+	chr4	44325740	44332879	+	0.493635087406454	0.479733820429999	-0.0139012669764547	0.0418968025187773
chr4:clu_9219_+	Melk	chr4:44318122:44324200:clu_9219_+	chr4	44318123	44324199	+	0.488606854665308	0.475025159691637	-0.0135816949736713	0.0418968025187773
chr10:clu_1184_-	Rmnd1	chr10:4377691:4378369:clu_1184_-	chr10	4377692	4378368	-	0.0129825015048611	0.0251499323170896	0.0121674308122285	0.0418968025187773
chr10:clu_1184_-	Rmnd1	chr10:4377691:4378409:clu_1184_-	chr10	4377692	4378408	-	0.00598578481133333	0.0152244186909025	0.00923863387956914	0.0418968025187773
chr9:clu_13695_-	Rnf111	chr9:70361099:70365106:clu_13695_-	chr9	70361100	70365105	-	0.498762144502551	0.489758275814481	-0.00900386868806979	0.0418968025187773
chr9:clu_13695_-	Rnf111	chr9:70365300:70366272:clu_13695_-	chr9	70365301	70366271	-	0.498208302076762	0.489214431589726	-0.00899387048703587	0.0418968025187773
chr12:clu_2781_+	Srp54b	chr12:55217764:55219101:clu_2781_+	chr12	55217765	55219100	+	0.00425222205619334	0.0126531099128744	0.0084008878566811	0.0418968025187773
chr5:clu_9894_-	Git2	chr5:114877342:114881837:clu_9894_-	chr5	114877343	114881836	-	0.0261447184874161	0.01902229386584	-0.00712242462157609	0.0418968025187773
chr4:clu_8735_-	Nsmaf	chr4:6424987:6428392:clu_8735_-	chr4	6424988	6428391	-	0.0010004128845187	0.00792388776339848	0.00692347487887978	0.0418968025187773
chr12:clu_2781_+	Srp54b	chr12:55219020:55219101:clu_2781_+	chr12	55219021	55219100	+	0.499493433124701	0.495279325486167	-0.00421410763853391	0.0418968025187773
chr12:clu_2781_+	Srp54b	chr12:55217764:55218954:clu_2781_+	chr12	55217765	55218953	+	0.496254344819106	0.492067564600959	-0.00418678021814717	0.0418968025187773
chr4:clu_8735_-	Nsmaf	chr4:6424987:6426402:clu_8735_-	chr4	6424988	6426401	-	0.502637775859904	0.499154290922348	-0.00348348493755662	0.0418968025187773
chr4:clu_8735_-	Nsmaf	chr4:6426473:6428392:clu_8735_-	chr4	6426474	6428391	-	0.496361811255577	0.492921821314254	-0.00343998994132316	0.0418968025187773
chr10:clu_1184_-	Rmnd1	chr10:4379171:4382064:clu_1184_-	chr10	4379172	4382063	-	0.0462713178637108	0.0438737126602191	-0.00239760520349171	0.0418968025187773
chr10:clu_1184_-	Rmnd1	chr10:4379171:4382266:clu_1184_-	chr10	4379172	4382265	-	0.431044150934442	0.428907577021986	-0.00213657391245653	0.0418968025187773
chr10:clu_1184_-	Rmnd1	chr10:4379171:4383465:clu_1184_-	chr10	4379172	4383464	-	0.00610563368747339	0.00750260665160727	0.00139697296413388	0.0418968025187773
chr10:clu_1184_-	Rmnd1	chr10:4379171:4382231:clu_1184_-	chr10	4379172	4382230	-	0.00777802730016701	0.00718683126840034	-5.9119603176667e-4	0.0418968025187773
chr10:clu_1184_-	Rmnd1	chr10:4377691:4382266:clu_1184_-	chr10	4377692	4382265	-	0.0120839682888603	0.0125334977978244	4.4952950896409e-4	0.0418968025187773
chr14:clu_4026_-	Exoc5	chr14:49276840:49286161:clu_4026_-	chr14	49276841	49286160	-	5.5689221251259e-4	0.0147038378294583	0.0141469456169457	0.0421152372070995
chr14:clu_4026_-	Exoc5	chr14:49276840:49279942:clu_4026_-	chr14	49276841	49279941	-	0.50252228970619	0.495409208643987	-0.00711308106220315	0.0421152372070995
chr14:clu_4026_-	Exoc5	chr14:49280006:49286161:clu_4026_-	chr14	49280007	49286160	-	0.496920818081297	0.489886953526555	-0.00703386455474259	0.0421152372070995
chr8:clu_12367_-	Galnt7	chr8:57993171:57995546:clu_12367_-	chr8	57993172	57995545	-	0.671541483116675	0.785644432173246	0.11410294905657099	0.0429876336045222
chr8:clu_12367_-	Galnt7	chr8:57993171:57995869:clu_12367_-	chr8	57993172	57995868	-	0.328458516883325	0.214355567826754	-0.11410294905657099	0.0429876336045222
chr19:clu_6558_-	Sec31b,Gm20538,Ndufb8	chr19:44538659:44541137:clu_6558_-	chr19	44538660	44541136	-	0.549697394251041	0.365705379908014	-0.183992014343027	0.0431832471342676
chr19:clu_6558_-	Sec31b,Gm20538,Ndufb8	chr19:44538851:44541137:clu_6558_-	chr19	44538852	44541136	-	0.431864344592474	0.615441819303462	0.183577474710989	0.0431832471342676
chr4:clu_8838_-	Tmem245	chr4:56904049:56906215:clu_8838_-	chr4	56904050	56906214	-	0.991312431186533	0.876192208268843	-0.11512022291769	0.0431832471342676
chr4:clu_8838_-	Tmem245	chr4:56904126:56906215:clu_8838_-	chr4	56904127	56906214	-	0.00868756881346679	0.123807791731157	0.11512022291769	0.0431832471342676
chr1:clu_250_-	Mdm4	chr1:132931628:132936875:clu_250_-	chr1	132931629	132936874	-	0.0573775038753427	0.158211152436861	0.100833648561519	0.0431832471342676
chr9:clu_13547_-	Zfp426	chr9:20389550:20403682:clu_13547_-	chr9	20389551	20403681	-	0.115789660561144	0.207464147949602	0.0916744873884582	0.0431832471342676
chr2:clu_7911_-	Gpcpd1	chr2:132382282:132384163:clu_7911_-	chr2	132382283	132384162	-	0.977347569002285	0.907707741988025	-0.0696398270142605	0.0431832471342676
chr2:clu_7911_-	Gpcpd1	chr2:132382730:132384163:clu_7911_-	chr2	132382731	132384162	-	0.0226524309977145	0.092292258011975	0.0696398270142605	0.0431832471342676
chr1:clu_250_-	Mdm4	chr1:132931628:132932392:clu_250_-	chr1	132931629	132932391	-	0.474954207812168	0.424150787248947	-0.0508034205632211	0.0431832471342676
chr9:clu_13165_+	Ncapd3	chr9:26984098:26993702:clu_13165_+	chr9	26984099	26993701	+	0.964318960276893	0.913841464348203	-0.0504774959286892	0.0431832471342676
chr9:clu_13165_+	Ncapd3	chr9:26985760:26993702:clu_13165_+	chr9	26985761	26993701	+	0.0356810397231075	0.0861585356517967	0.0504774959286892	0.0431832471342676
chr9:clu_13547_-	Zfp426	chr9:20389550:20397613:clu_13547_-	chr9	20389551	20397612	-	0.0816769151502792	0.0330048035621745	-0.0486721115881047	0.0431832471342676
chr1:clu_250_-	Mdm4	chr1:132932459:132936875:clu_250_-	chr1	132932460	132936874	-	0.419547079261756	0.374664736077611	-0.0448823431841448	0.0431832471342676
chr9:clu_13547_-	Zfp426	chr9:20397733:20403682:clu_13547_-	chr9	20397734	20403681	-	0.438625273832138	0.400812967440137	-0.0378123063920011	0.0431832471342676
chr5:clu_10117_+	Fam185a	chr5:21630574:21638689:clu_10117_+	chr5	21630575	21638688	+	0.0167711805296236	0.0541606496283148	0.0373894690986912	0.0431832471342676
chr8:clu_12733_+	Cenpu	chr8:47021714:47025787:clu_12733_+	chr8	47021715	47025786	+	0.0547435689271134	0.0906229160814448	0.0358793471543313	0.0431832471342676
chr8:clu_12733_+	Cenpu	chr8:47021714:47023006:clu_12733_+	chr8	47021715	47023005	+	0.472786214966982	0.453350792112519	-0.0194354228544631	0.0431832471342676
chr5:clu_10117_+	Fam185a	chr5:21634831:21638689:clu_10117_+	chr5	21634832	21638688	+	0.493708571217427	0.474932439288002	-0.0187761319294252	0.0431832471342676
chr5:clu_10117_+	Fam185a	chr5:21630574:21634722:clu_10117_+	chr5	21630575	21634721	+	0.48952024825295	0.470906911083684	-0.0186133371692659	0.0431832471342676
chr8:clu_12733_+	Cenpu	chr8:47023114:47025787:clu_12733_+	chr8	47023115	47025786	+	0.472470216105904	0.456026291806036	-0.0164439242998682	0.0431832471342676
chr9:clu_13547_-	Zfp426	chr9:20389550:20397626:clu_13547_-	chr9	20389551	20397625	-	0.330178576313887	0.316045074139159	-0.0141335021747273	0.0431832471342676
chr12:clu_2902_+	Zc3h14	chr12:98713781:98722444:clu_2902_+	chr12	98713782	98722443	+	0.0242187773589934	0.037316203206843	0.0130974258478496	0.0431832471342676
chr12:clu_2902_+	Zc3h14	chr12:98719151:98722444:clu_2902_+	chr12	98719152	98722443	+	0.330737739134895	0.320735589775947	-0.0100021493589484	0.0431832471342676
chr12:clu_2902_+	Zc3h14	chr12:98713781:98719037:clu_2902_+	chr12	98713782	98719036	+	0.310614298457872	0.301497549458401	-0.00911674899947085	0.0431832471342676
chr9:clu_13547_-	Zfp426	chr9:20389575:20397626:clu_13547_-	chr9	20389576	20397625	-	0.0337295741425527	0.0426730069089277	0.00894343276637492	0.0431832471342676
chr1:clu_250_-	Mdm4	chr1:132932430:132936875:clu_250_-	chr1	132932431	132936874	-	0.0481212090507339	0.0429733242365811	-0.00514788481415273	0.0431832471342676
chr12:clu_2902_+	Zc3h14	chr12:98713417:98719037:clu_2902_+	chr12	98713418	98719036	+	0.00620328379063273	0.0109038134166866	0.00470052962605387	0.0431832471342676
chr12:clu_2902_+	Zc3h14	chr12:98713417:98713739:clu_2902_+	chr12	98713418	98713738	+	0.32334009381659	0.324912680951308	0.00157258713471808	0.0431832471342676
chr19:clu_6558_-	Sec31b,Gm20538,Ndufb8	chr19:44532251:44534227:clu_6558_-	chr19	44532252	44534226	-	0.0107071446389055	0.0111317236867571	4.2457904785155e-4	0.0431832471342676
chr12:clu_2902_+	Zc3h14	chr12:98713333:98713739:clu_2902_+	chr12	98713334	98713738	+	0.00488580744101708	0.00463416319081495	-2.5164425020213e-4	0.0431832471342676
chr19:clu_6558_-	Sec31b,Gm20538,Ndufb8	chr19:44532251:44541137:clu_6558_-	chr19	44532252	44541136	-	0.00773111651757974	0.00772107710176686	-1.00394158128797e-5	0.0431832471342676
chr19:clu_6827_+	Add3	chr19:53231058:53233429:clu_6827_+	chr19	53231059	53233428	+	0.332183570715131	0.51099469140088	0.178811120685748	0.0432679717125111
chr19:clu_6827_+	Add3	chr19:53232836:53233429:clu_6827_+	chr19	53232837	53233428	+	0.337514850654855	0.246999503588204	-0.0905153470666502	0.0432679717125111
chr19:clu_6827_+	Add3	chr19:53231058:53232741:clu_6827_+	chr19	53231059	53232740	+	0.330301578630014	0.242005805010916	-0.0882957736190983	0.0432679717125111
chr15:clu_4371_+	Ano6	chr15:95688937:95762106:clu_4371_+	chr15	95688938	95762105	+	0.751375918298023	0.620705527152595	-0.130670391145427	0.0437045219832486
chr5:clu_9948_-	Clip1	chr5:123769232:123778557:clu_9948_-	chr5	123769233	123778556	-	0.67015937229849	0.795181355087273	0.125021982788783	0.0437045219832486
chr15:clu_4371_+	Ano6	chr15:95688937:95728525:clu_4371_+	chr15	95688938	95728524	+	0.126347152707713	0.196985989335987	0.0706388366282735	0.0437045219832486
chr5:clu_9948_-	Clip1	chr5:123769232:123773237:clu_9948_-	chr5	123769233	123773236	-	0.164437965840176	0.101123911376483	-0.0633140544636923	0.0437045219832486
chr5:clu_9948_-	Clip1	chr5:123773341:123778557:clu_9948_-	chr5	123773342	123778556	-	0.165402661861334	0.103694733536244	-0.0617079283250904	0.0437045219832486
chr15:clu_4371_+	Ano6	chr15:95728587:95762106:clu_4371_+	chr15	95728588	95762105	+	0.122276928994264	0.182308483511418	0.0600315545171538	0.0437045219832486
chr11:clu_2576_-	Bptf	chr11:106927416:106931052:clu_2576_-	chr11	106927417	106931051	-	0.138416811420563	0.0985671460742002	-0.0398496653463629	0.0437045219832486
chr17:clu_5861_+	Treml2	chr17:48609960:48615085:clu_5861_+	chr17	48609961	48615084	+	0.213974797516288	0.175175974961935	-0.0387988225543533	0.0437045219832486
chr11:clu_2576_-	Bptf	chr11:106926665:106931052:clu_2576_-	chr11	106926666	106931051	-	0.36767256404059	0.39708220034843	0.0294096363078401	0.0437045219832486
chr7:clu_11674_-	Ino80e	chr7:126452163:126456398:clu_11674_-	chr7	126452164	126456397	-	0.428727966860912	0.453785677505555	0.0250577106446432	0.0437045219832486
chr17:clu_5861_+	Treml2	chr17:48609960:48614908:clu_5861_+	chr17	48609961	48614907	+	0.261338474709478	0.286290381433364	0.0249519067238859	0.0437045219832486
chr17:clu_5861_+	Treml2	chr17:48609960:48616147:clu_5861_+	chr17	48609961	48616146	+	0.0344336046125801	0.0578106926546149	0.0233770880420348	0.0437045219832486
chr11:clu_2576_-	Bptf	chr11:106926665:106933501:clu_2576_-	chr11	106926666	106933500	-	0.00861135651774199	0.0268388374268452	0.0182274809091033	0.0437045219832486
chr7:clu_11674_-	Ino80e	chr7:126452752:126456398:clu_11674_-	chr7	126452753	126456397	-	0.0446379596120395	0.026774359355471	-0.0178636002565685	0.0437045219832486
chr7:clu_11674_-	Ino80e	chr7:126452163:126452661:clu_11674_-	chr7	126452164	126452660	-	0.0442805643143098	0.0266603747661925	-0.0176201895481174	0.0437045219832486
chr4:clu_9286_+	Atg4c	chr4:99123423:99146634:clu_9286_+	chr4	99123424	99146633	+	0.332923436321379	0.317814970265786	-0.0151084660555937	0.0437045219832486
chr4:clu_9286_+	Atg4c	chr4:99112787:99123304:clu_9286_+	chr4	99112788	99123303	+	0.0131770638214856	0.0272574516810963	0.0140803878596108	0.0437045219832486
chr4:clu_9286_+	Atg4c	chr4:99117801:99123304:clu_9286_+	chr4	99117802	99123303	+	0.319805101186979	0.307517561855549	-0.0122875393314302	0.0437045219832486
chr4:clu_9286_+	Atg4c	chr4:99112787:99146634:clu_9286_+	chr4	99112788	99146633	+	0.0106792243225057	0.0229498791873334	0.0122706548648278	0.0437045219832486
chr10:clu_1218_-	Myb	chr10:21002188:21015192:clu_1218_-	chr10	21002189	21015191	-	0.977081231246268	0.988816025171137	0.0117347939248698	0.0437045219832486
chr17:clu_5861_+	Treml2	chr17:48615301:48616147:clu_5861_+	chr17	48615302	48616146	+	0.490253123161654	0.480722950950086	-0.0095301722115676	0.0437045219832486
chr7:clu_11674_-	Ino80e	chr7:126456514:126456848:clu_11674_-	chr7	126456515	126456847	-	0.453180910290941	0.46226012669841	0.00907921640746934	0.0437045219832486
chr2:clu_7271_+	Vps16	chr2:130280604:130280966:clu_7271_+	chr2	130280605	130280965	+	0.00335350716389276	0.012316630076573	0.00896312291268028	0.0437045219832486
chr4:clu_9286_+	Atg4c	chr4:99123423:99166835:clu_9286_+	chr4	99123424	99166834	+	0.0037951809475167	0.0117489194785729	0.00795373853105622	0.0437045219832486
chr11:clu_2576_-	Bptf	chr11:106931238:106933501:clu_2576_-	chr11	106931239	106933500	-	0.485299268021105	0.477511816150524	-0.00778745187058044	0.0437045219832486
chr4:clu_9286_+	Atg4c	chr4:99112787:99116793:clu_9286_+	chr4	99112788	99116792	+	0.319619993400133	0.312711217531662	-0.00690877586847083	0.0437045219832486
chr2:clu_7271_+	Vps16	chr2:130280604:130280788:clu_7271_+	chr2	130280605	130280787	+	0.0223970226754382	0.0159215539878999	-0.00647546868753837	0.0437045219832486
chr10:clu_1218_-	Myb	chr10:21002188:21013347:clu_1218_-	chr10	21002189	21013346	-	0.0113313760441167	0.00531692880023985	-0.00601444724387686	0.0437045219832486
chr10:clu_1218_-	Myb	chr10:21013406:21015192:clu_1218_-	chr10	21013407	21015191	-	0.00729731498285511	0.00353843092970171	-0.00375888405315339	0.0437045219832486
chr7:clu_11674_-	Ino80e	chr7:126452163:126456848:clu_11674_-	chr7	126452164	126456847	-	0.00995262021249828	0.0132496041212249	0.00329698390872657	0.0437045219832486
chr2:clu_7271_+	Vps16	chr2:130280825:130280966:clu_7271_+	chr2	130280826	130280965	+	0.474923333710736	0.472578768264417	-0.002344565446319	0.0437045219832486
chr7:clu_11674_-	Ino80e	chr7:126456514:126456775:clu_11674_-	chr7	126456515	126456774	-	0.00512798347836899	0.00312529797185956	-0.00200268550650943	0.0437045219832486
chr10:clu_1218_-	Myb	chr10:21013403:21015192:clu_1218_-	chr10	21013404	21015191	-	0.00429007772676048	0.002328615098921	-0.00196146262783948	0.0437045219832486
chr2:clu_7271_+	Vps16	chr2:130280604:130280703:clu_7271_+	chr2	130280605	130280702	+	0.499326136449933	0.49918304767111	-1.430887788229e-4	0.0437045219832486
chr7:clu_11674_-	Ino80e	chr7:126456463:126456848:clu_11674_-	chr7	126456464	126456847	-	0.0140919952309307	0.0141445595812867	5.25643503560252e-5	0.0437045219832486
chr2:clu_7709_-	Mettl8	chr2:70812311:70823828:clu_7709_-	chr2	70812312	70823827	-	0.234808857527432	0.10535036283077	-0.129458494696661	0.044069006366234
chr2:clu_7709_-	Mettl8	chr2:70812539:70823828:clu_7709_-	chr2	70812540	70823827	-	0.765191142472568	0.89464963716923	0.129458494696661	0.044069006366234
chr3:clu_8214_-	Gabpb2	chr3:95116247:95124900:clu_8214_-	chr3	95116248	95124899	-	0.0049552459555649	0.0652882441911199	0.0603329982355551	0.0441573842286722
chr3:clu_8214_-	Gabpb2	chr3:95116247:95123525:clu_8214_-	chr3	95116248	95123524	-	0.193061844782569	0.149310213831432	-0.0437516309511366	0.0441573842286722
chr1:clu_441_+	Sgk3	chr1:9918610:9935356:clu_441_+	chr1	9918611	9935355	+	0.106377502135976	0.146007449494827	0.0396299473588507	0.0441573842286722
chr1:clu_441_+	Sgk3	chr1:9868471:9897238:clu_441_+	chr1	9868472	9897237	+	0.361339176950632	0.323768988178943	-0.0375701887716889	0.0441573842286722
chr1:clu_441_+	Sgk3	chr1:9868471:9935356:clu_441_+	chr1	9868472	9935355	+	0.157793008094281	0.188328698798141	0.0305356907038599	0.0441573842286722
chr1:clu_441_+	Sgk3	chr1:9897344:9935356:clu_441_+	chr1	9897345	9935355	+	0.348094278079345	0.318138783362258	-0.029955494717087	0.0441573842286722
chr3:clu_8214_-	Gabpb2	chr3:95113913:95124900:clu_8214_-	chr3	95113914	95124899	-	0.102244999874985	0.120662082987212	0.0184170831122268	0.0441573842286722
chr3:clu_8214_-	Gabpb2	chr3:95123579:95124900:clu_8214_-	chr3	95123580	95124899	-	0.251288491915596	0.237309784372312	-0.0139787075432836	0.0441573842286722
chr3:clu_8214_-	Gabpb2	chr3:95113913:95123525:clu_8214_-	chr3	95113914	95123524	-	0.158525282409235	0.14556608769929	-0.0129591947099445	0.0441573842286722
chr3:clu_8214_-	Gabpb2	chr3:95123579:95125173:clu_8214_-	chr3	95123580	95125172	-	0.0623619712126537	0.0502936515096571	-0.0120683197029966	0.0441573842286722
chr3:clu_8214_-	Gabpb2	chr3:95113913:95116151:clu_8214_-	chr3	95113914	95116150	-	0.227562163849397	0.231569935408977	0.00400777155957946	0.0441573842286722
chr1:clu_441_+	Sgk3	chr1:9897344:9908978:clu_441_+	chr1	9897345	9908977	+	0.0133756374367089	0.0118918616485099	-0.001483775788199	0.0441573842286722
chr1:clu_441_+	Sgk3	chr1:9918773:9935356:clu_441_+	chr1	9918774	9935355	+	0.0130203973030569	0.0118642185173211	-0.00115617878573574	0.0441573842286722
chr10:clu_857_+	Bclaf1	chr10:20201845:20203848:clu_857_+	chr10	20201846	20203847	+	0.884355470392821	0.926991500713683	0.0426360303208621	0.0445467846272689
chr10:clu_857_+	Bclaf1	chr10:20203137:20203848:clu_857_+	chr10	20203138	20203847	+	0.0606114127988282	0.0371719220434256	-0.0234394907554026	0.0445467846272689
chr10:clu_857_+	Bclaf1	chr10:20201845:20202910:clu_857_+	chr10	20201846	20202909	+	0.055033116808351	0.0358365772428916	-0.0191965395654594	0.0445467846272689
chr16:clu_5009_+	Yars2	chr16:16122567:16124362:clu_5009_+	chr16	16122568	16124361	+	0.161250977859191	0.10114375145354	-0.0601072264056509	0.0449825121177462
chr16:clu_5009_+	Yars2	chr16:16122567:16124327:clu_5009_+	chr16	16122568	16124326	+	0.838749022140809	0.89885624854646	0.0601072264056508	0.0449825121177462
chr18:clu_6149_+	Wac	chr18:7906044:7916052:clu_6149_+	chr18	7906045	7916051	+	0.0755708183410519	0.0519093385310863	-0.0236614798099656	0.0449825121177462
chr18:clu_6149_+	Wac	chr18:7910824:7916052:clu_6149_+	chr18	7910825	7916051	+	0.476327264316251	0.488641463052812	0.0123141987365613	0.0449825121177462
chr18:clu_6149_+	Wac	chr18:7906044:7910516:clu_6149_+	chr18	7906045	7910515	+	0.448101917342697	0.459449198416102	0.0113472810734044	0.0449825121177462
chr3:clu_8494_+	Ubqln4	chr3:88464226:88466925:clu_8494_+	chr3	88464227	88466924	+	0.484224453317531	0.475254032279434	-0.00897042103809714	0.0458762818372791
chr3:clu_8494_+	Ubqln4	chr3:88464226:88470415:clu_8494_+	chr3	88464227	88470414	+	0.0129604781338614	0.0205699948395009	0.00760951670563944	0.0458762818372791
chr3:clu_8494_+	Ubqln4	chr3:88464226:88466896:clu_8494_+	chr3	88464227	88466895	+	8.49201188022e-4	0.00401219818535206	0.00316299699733005	0.0458762818372791
chr3:clu_8494_+	Ubqln4	chr3:88467083:88470415:clu_8494_+	chr3	88467084	88470414	+	0.496928889136643	0.49515245422868	-0.00177643490796231	0.0458762818372791
chr3:clu_8494_+	Ubqln4	chr3:88464222:88466925:clu_8494_+	chr3	88464223	88466924	+	0.00503697822394316	0.00501132046703308	-2.56577569100833e-5	0.0458762818372791
chr6:clu_10661_-	Ezh2	chr6:47517789:47519300:clu_10661_-	chr6	47517790	47519299	-	0.177054106896792	0.353044796607103	0.175990689710311	0.046229445932946
chr14:clu_3914_+	Gpr180	chr14:118374752:118377149:clu_3914_+	chr14	118374753	118377148	+	0.778260960414467	0.907620213391995	0.129359252977529	0.046229445932946
chr1:clu_549_+	Ankzf1	chr1:75171900:75172213:clu_549_+	chr1	75171901	75172212	+	0.0977423437824172	0.201531598007116	0.103789254224699	0.046229445932946
chr1:clu_549_+	Ankzf1	chr1:75171900:75172244:clu_549_+	chr1	75171901	75172243	+	0.902257656217583	0.798468401992884	-0.103789254224699	0.046229445932946
chr6:clu_10661_-	Ezh2	chr6:47517789:47518779:clu_10661_-	chr6	47517790	47518778	-	0.415166946438922	0.324058721952824	-0.091108224486098	0.046229445932946
chr1:clu_213_-	Ppip5k2	chr1:97640869:97647559:clu_213_-	chr1	97640870	97647558	-	0.771933042911422	0.85962598140355	0.0876929384921286	0.046229445932946
chr6:clu_10661_-	Ezh2	chr6:47518904:47519300:clu_10661_-	chr6	47518905	47519299	-	0.407778946664286	0.322896481440073	-0.0848824652242128	0.046229445932946
chr14:clu_3914_+	Gpr180	chr14:118374752:118377174:clu_3914_+	chr14	118374753	118377173	+	0.108246620679745	0.0450623866378185	-0.0631842340419264	0.046229445932946
chr14:clu_3831_+	Rec8	chr14:55857157:55859672:clu_3831_+	chr14	55857158	55859671	+	0.00420303883611817	0.0437240714080772	0.039521032571959	0.046229445932946
chr1:clu_213_-	Ppip5k2	chr1:97645286:97647559:clu_213_-	chr1	97645287	97647558	-	0.0852564636300502	0.0524727405678482	-0.0327837230622021	0.046229445932946
chr14:clu_3914_+	Gpr180	chr14:118374752:118375355:clu_3914_+	chr14	118374753	118375354	+	0.0545421638125916	0.0227767799237981	-0.0317653838887936	0.046229445932946
chr14:clu_3914_+	Gpr180	chr14:118375790:118377149:clu_3914_+	chr14	118375791	118377148	+	0.0433032341811466	0.0180268637566033	-0.0252763704245432	0.046229445932946
chr7:clu_12017_+	Vps33b	chr7:79940091:79940863:clu_12017_+	chr7	79940092	79940862	+	0.0155388505231047	0.0400982459464509	0.0245593954233462	0.046229445932946
chr1:clu_213_-	Ppip5k2	chr1:97640869:97645167:clu_213_-	chr1	97640870	97645166	-	0.0616921835968012	0.0379696519505272	-0.0237225316462741	0.046229445932946
chr14:clu_3831_+	Rec8	chr14:55857157:55858692:clu_3831_+	chr14	55857158	55858691	+	0.504137236898601	0.484129117864865	-0.0200081190337363	0.046229445932946
chr14:clu_3831_+	Rec8	chr14:55858776:55859672:clu_3831_+	chr14	55858777	55859671	+	0.491659724265281	0.472146810727058	-0.0195129135382227	0.046229445932946
chr1:clu_213_-	Ppip5k2	chr1:97640869:97644267:clu_213_-	chr1	97640870	97644266	-	0.0416268871169062	0.0256258656452221	-0.0160010214716841	0.046229445932946
chr7:clu_12017_+	Vps33b	chr7:79940091:79940196:clu_12017_+	chr7	79940092	79940195	+	0.484607972113388	0.469247909519996	-0.0153600625933917	0.046229445932946
chr1:clu_569_+	Sp100	chr1:85634675:85635703:clu_569_+	chr1	85634676	85635702	+	0.0105806405349774	0.0242403335334759	0.0136596929984985	0.046229445932946
chr1:clu_569_+	Sp100	chr1:85634675:85634948:clu_569_+	chr1	85634676	85634947	+	0.231986282331926	0.218907541142193	-0.0130787411897325	0.046229445932946
chr1:clu_569_+	Sp100	chr1:85635019:85635703:clu_569_+	chr1	85635020	85635702	+	0.236446875988487	0.223850929351464	-0.0125959466370229	0.046229445932946
chr7:clu_12017_+	Vps33b	chr7:79940312:79940863:clu_12017_+	chr7	79940313	79940862	+	0.491820698463728	0.480446366690823	-0.0113743317729048	0.046229445932946
chr1:clu_213_-	Ppip5k2	chr1:97644329:97645167:clu_213_-	chr1	97644330	97645166	-	0.0253913894378395	0.015627622046469	-0.00976376739137055	0.046229445932946
chr14:clu_3914_+	Gpr180	chr14:118375790:118377174:clu_3914_+	chr14	118375791	118377173	+	0.0156470209120504	0.00651375628978468	-0.00913326462226572	0.046229445932946
chr1:clu_569_+	Sp100	chr1:85629164:85636714:clu_569_+	chr1	85629165	85636713	+	0.0203764444486982	0.0280889547878764	0.00771251033917825	0.046229445932946
chr1:clu_213_-	Ppip5k2	chr1:97644329:97647559:clu_213_-	chr1	97644330	97647558	-	0.014100033306981	0.00867813838638329	-0.00542189492059766	0.046229445932946
chr1:clu_569_+	Sp100	chr1:85635846:85636714:clu_569_+	chr1	85635847	85636713	+	0.247769172426663	0.251295348893362	0.00352617646669887	0.046229445932946
chr7:clu_12017_+	Vps33b	chr7:79940073:79940196:clu_12017_+	chr7	79940074	79940195	+	0.00803247889978001	0.0102074778427302	0.00217499894295021	0.046229445932946
chr1:clu_569_+	Sp100	chr1:85629164:85634948:clu_569_+	chr1	85629165	85634947	+	0.00319010828724841	0.00388264725030467	6.9253896305626e-4	0.046229445932946
chr1:clu_569_+	Sp100	chr1:85629164:85632664:clu_569_+	chr1	85629165	85632663	+	0.242449423161618	0.242864032557269	4.146093956506e-4	0.046229445932946
chr1:clu_569_+	Sp100	chr1:85635786:85636714:clu_569_+	chr1	85635787	85636713	+	0.00464303597352762	0.00445032593913134	-1.9271003439628e-4	0.046229445932946
chr1:clu_569_+	Sp100	chr1:85635019:85636714:clu_569_+	chr1	85635020	85636713	+	0.00255801684685531	0.00241988654492437	-1.3813030193093e-4	0.046229445932946
chr2:clu_7655_-	Fbxw2	chr2:34713079:34715974:clu_7655_-	chr2	34713080	34715973	-	0.411686960372275	0.440862362842768	0.0291754024704928	0.0464022287382874
chr2:clu_7655_-	Fbxw2	chr2:34712987:34715974:clu_7655_-	chr2	34712988	34715973	-	0.0761348941914218	0.0513041313972714	-0.0248307627941505	0.0464022287382874
chr2:clu_7655_-	Fbxw2	chr2:34713079:34716184:clu_7655_-	chr2	34713080	34716183	-	0.00337304254293484	0.00695801247976772	0.00358496993683288	0.0464022287382874
chr2:clu_7655_-	Fbxw2	chr2:34713079:34715692:clu_7655_-	chr2	34713080	34715691	-	0.0156484151941131	0.0123376659293041	-0.00331074926480907	0.0464022287382874
chr2:clu_7655_-	Fbxw2	chr2:34716082:34716184:clu_7655_-	chr2	34716083	34716183	-	0.488389033134963	0.485177619075473	-0.00321141405948971	0.0464022287382874
chr2:clu_7655_-	Fbxw2	chr2:34712987:34715692:clu_7655_-	chr2	34712988	34715691	-	0.00476765456429201	0.00336020827541561	-0.00140744628887641	0.0464022287382874
chr8:clu_12368_-	Galnt7	chr8:57995728:57998363:clu_12368_-	chr8	57995729	57998362	-	0.671525020747119	0.775936158648959	0.10441113790184	0.0465872579776363
chr8:clu_12368_-	Galnt7	chr8:57996051:57998363:clu_12368_-	chr8	57996052	57998362	-	0.328474979252881	0.224063841351041	-0.10441113790184	0.0465872579776363
chr17:clu_5634_+	Rpusd1	chr17:25946821:25947497:clu_5634_+	chr17	25946822	25947496	+	0.0418949889465421	0.0969939443499987	0.0550989554034566	0.0465872579776363
chr17:clu_5634_+	Rpusd1	chr17:25946821:25947177:clu_5634_+	chr17	25946822	25947176	+	0.315440151655381	0.268674292698838	-0.0467658589565426	0.0465872579776363
chr2:clu_6893_+	Acbd5	chr2:23000775:23002489:clu_6893_+	chr2	23000776	23002488	+	0.00665229327257881	0.0469855218479798	0.040333228575401	0.0465872579776363
chr2:clu_6893_+	Acbd5	chr2:23000775:23002517:clu_6893_+	chr2	23000776	23002516	+	0.993347706727421	0.95301447815202	-0.0403332285754009	0.0465872579776363
chr12:clu_2930_+	Papola	chr12:105801043:105801422:clu_2930_+	chr12	105801044	105801421	+	0.0642094974107316	0.0923547663563552	0.0281452689456236	0.0465872579776363
chr12:clu_2930_+	Papola	chr12:105801043:105803024:clu_2930_+	chr12	105801044	105803023	+	0.935790502589268	0.907645233643645	-0.0281452689456236	0.0465872579776363
chr17:clu_5634_+	Rpusd1	chr17:25947365:25947497:clu_5634_+	chr17	25947366	25947496	+	0.479688982903751	0.455626707916793	-0.0240622749869571	0.0465872579776363
chr17:clu_5634_+	Rpusd1	chr17:25946821:25947155:clu_5634_+	chr17	25946822	25947154	+	0.112063816542924	0.131157303541331	0.0190934869984073	0.0465872579776363
chr17:clu_5634_+	Rpusd1	chr17:25946821:25947226:clu_5634_+	chr17	25946822	25947225	+	0.0509120599514024	0.0475477514930382	-0.00336430845836422	0.0465872579776363
chr15:clu_4655_-	Senp1	chr15:97957835:97962700:clu_4655_-	chr15	97957836	97962699	-	0.576371772234641	0.707229191128303	0.130857418893662	0.0470550594468769
chr15:clu_4655_-	Senp1	chr15:97959908:97962700:clu_4655_-	chr15	97959909	97962699	-	0.208444737008058	0.141857108318911	-0.0665876286891469	0.0470550594468769
chr15:clu_4655_-	Senp1	chr15:97957835:97959831:clu_4655_-	chr15	97957836	97959830	-	0.215183490757301	0.150913700552786	-0.0642697902045151	0.0470550594468769
chr2:clu_8032_-	Zfp64	chr2:168768853:168777131:clu_8032_-	chr2	168768854	168777130	-	0.931037117685546	0.972293893079944	0.0412567753943984	0.0470550594468769
chr2:clu_8032_-	Zfp64	chr2:168748909:168777131:clu_8032_-	chr2	168748910	168777130	-	0.0569632935749163	0.0200446874419609	-0.0369186061329554	0.0470550594468769
chr2:clu_8032_-	Zfp64	chr2:168776859:168777131:clu_8032_-	chr2	168776860	168777130	-	0.0119995887395382	0.00766141947809516	-0.00433816926144307	0.0470550594468769
chr4:clu_8888_-	Jak1	chr4:101051060:101122239:clu_8888_-	chr4	101051061	101122238	-	0.92911496354834	0.961951842264098	0.0328368787157576	0.0471341528086466
chr10:clu_1275_-	Hk1	chr10:62126172:62128093:clu_1275_-	chr10	62126173	62128092	-	0.939068864037272	0.911378680564979	-0.0276901834722935	0.0471341528086466
chr4:clu_8888_-	Jak1	chr4:101051060:101054973:clu_8888_-	chr4	101051061	101054972	-	0.0427322052901268	0.0225943892466946	-0.0201378160434322	0.0471341528086466
chr9:clu_13209_+	Psma4	chr9:54858187:54859366:clu_13209_+	chr9	54858188	54859365	+	0.990781967572576	0.974708116302571	-0.0160738512700045	0.0471341528086466
chr10:clu_1275_-	Hk1	chr10:62127822:62128093:clu_1275_-	chr10	62127823	62128092	-	0.0300953976339347	0.0441966038656821	0.0141012062317474	0.0471341528086466
chr10:clu_1275_-	Hk1	chr10:62126172:62127754:clu_1275_-	chr10	62126173	62127753	-	0.0308357383287929	0.044424715569339	0.0135889772405461	0.0471341528086466
chr8:clu_12900_+	Lpcat2	chr8:93597878:93599676:clu_12900_+	chr8	93597879	93599675	+	0.324176755976637	0.31061886760582	-0.0135578883708174	0.0471341528086466
chr8:clu_12900_+	Lpcat2	chr8:93597878:93600861:clu_12900_+	chr8	93597879	93600860	+	0.0107946248796485	0.0243245252568319	0.0135299003771834	0.0471341528086466
chr8:clu_12900_+	Lpcat2	chr8:93599736:93600861:clu_12900_+	chr8	93599737	93600860	+	0.32477843931781	0.311398612519749	-0.013379826798061	0.0471341528086466
chr4:clu_8888_-	Jak1	chr4:101055177:101122239:clu_8888_-	chr4	101055178	101122238	-	0.0281528311615327	0.0154537684892074	-0.0126990626723253	0.0471341528086466
chr8:clu_12900_+	Lpcat2	chr8:93596493:93597766:clu_12900_+	chr8	93596494	93597765	+	0.322750299357544	0.331624214695892	0.00887391533834797	0.0471341528086466
chr5:clu_9709_-	Haus3	chr5:34311450:34320867:clu_9709_-	chr5	34311451	34320866	-	0.98593312791279	0.994745187797585	0.00881205988479505	0.0471341528086466
chr9:clu_13209_+	Psma4	chr9:54858712:54859366:clu_13209_+	chr9	54858713	54859365	+	0.00633422322402661	0.0151038230371168	0.0087695998130902	0.0471341528086466
chr9:clu_13209_+	Psma4	chr9:54858187:54858628:clu_13209_+	chr9	54858188	54858627	+	0.00288380920339792	0.0101880606603122	0.0073042514569143	0.0471341528086466
chr18:clu_6017_-	Brd8	chr18:34749787:34757591:clu_6017_-	chr18	34749788	34757590	-	0.00288305206291449	0.0100363558991521	0.00715330383623763	0.0471341528086466
chr5:clu_9709_-	Haus3	chr5:34312771:34320867:clu_9709_-	chr5	34312772	34320866	-	0.007035303677915	0.00262466753780678	-0.00441063614010822	0.0471341528086466
chr5:clu_9709_-	Haus3	chr5:34311450:34312654:clu_9709_-	chr5	34311451	34312653	-	0.00703156840929526	0.0026301446646085	-0.00440142374468676	0.0471341528086466
chr8:clu_12900_+	Lpcat2	chr8:93596493:93600861:clu_12900_+	chr8	93596494	93600860	+	0.0122949150551852	0.0161102433129116	0.00381532825772641	0.0471341528086466
chr18:clu_6017_-	Brd8	chr18:34749787:34756508:clu_6017_-	chr18	34749788	34756507	-	0.498888375862957	0.495309357232998	-0.00357901862995924	0.0471341528086466
chr18:clu_6017_-	Brd8	chr18:34756604:34757591:clu_6017_-	chr18	34756605	34757590	-	0.498228572074129	0.49465428686785	-0.00357428520627856	0.0471341528086466
chr8:clu_12900_+	Lpcat2	chr8:93596493:93597748:clu_12900_+	chr8	93596494	93597747	+	0.00520496541317565	0.00592353660879635	7.185711956207e-4	0.0471341528086466
chr7:clu_12146_+	Dctn5	chr7:121743110:121747280:clu_12146_+	chr7	121743111	121747279	+	0.488077070172618	0.49411101680379	0.0060339466311719	0.0476875730740428
chr7:clu_12146_+	Dctn5	chr7:121743110:121745172:clu_12146_+	chr7	121743111	121745171	+	0.00637474374668109	0.00192724291430294	-0.00444750083237815	0.0476875730740428
chr7:clu_12146_+	Dctn5	chr7:121745301:121747280:clu_12146_+	chr7	121745302	121747279	+	0.00636203987253982	0.00219358399019131	-0.00416845588234852	0.0476875730740428
chr7:clu_12146_+	Dctn5	chr7:121737582:121747280:clu_12146_+	chr7	121737583	121747279	+	0.00789682131249154	0.00980859131733035	0.0019117700048388	0.0476875730740428
chr7:clu_12146_+	Dctn5	chr7:121737582:121743008:clu_12146_+	chr7	121737583	121743007	+	0.49128932489567	0.491959564974385	6.7024007871591e-4	0.0476875730740428
chr11:clu_1694_+	Mprip	chr11:59662528:59666342:clu_1694_+	chr11	59662529	59666341	+	0.779154878675627	0.839774967432789	0.0606200887571614	0.047930351640561
chr11:clu_1694_+	Mprip	chr11:59663043:59666342:clu_1694_+	chr11	59663044	59666341	+	0.110433119008522	0.0800851478443509	-0.0303479711641709	0.047930351640561
chr11:clu_1694_+	Mprip	chr11:59662528:59662978:clu_1694_+	chr11	59662529	59662977	+	0.110412002315851	0.0801398847228606	-0.0302721175929904	0.047930351640561
chr2:clu_7091_+	Pdk1	chr2:71719338:71730328:clu_7091_+	chr2	71719339	71730327	+	0.00453951169061463	0.0134778841157724	0.00893837242515776	0.047930351640561
chr2:clu_7091_+	Pdk1	chr2:71728104:71730328:clu_7091_+	chr2	71728105	71730327	+	0.505250011406042	0.500713304200885	-0.0045367072051572	0.047930351640561
chr2:clu_7091_+	Pdk1	chr2:71719338:71726033:clu_7091_+	chr2	71719339	71726032	+	0.490210476903344	0.485808811683343	-0.00440166522000063	0.047930351640561
chr19:clu_6814_+	Mfsd13a	chr19:46345423:46356148:clu_6814_+	chr19	46345424	46356147	+	0.00410302151224207	0.0130526006102381	0.00894957909799607	0.0484829026444805
chr19:clu_6814_+	Mfsd13a	chr19:46355731:46356148:clu_6814_+	chr19	46355732	46356147	+	0.345909519505249	0.339528792454912	-0.00638072705033765	0.0484829026444805
chr19:clu_6814_+	Mfsd13a	chr19:46354992:46355649:clu_6814_+	chr19	46354993	46355648	+	0.324177513155017	0.317817538158662	-0.00635997499635466	0.0484829026444805
chr19:clu_6814_+	Mfsd13a	chr19:46345423:46355649:clu_6814_+	chr19	46345424	46355648	+	0.00442552648096794	0.00900245905923422	0.00457693257826629	0.0484829026444805
chr19:clu_6814_+	Mfsd13a	chr19:46345423:46354750:clu_6814_+	chr19	46345424	46354749	+	0.304636512507506	0.302067573442354	-0.00256893906515171	0.0484829026444805
chr19:clu_6814_+	Mfsd13a	chr19:46329609:46354750:clu_6814_+	chr19	46329610	46354749	+	0.00175454605417323	0.00380012730432258	0.00204558125014935	0.0484829026444805
chr19:clu_6814_+	Mfsd13a	chr19:46354992:46356148:clu_6814_+	chr19	46354993	46356147	+	0.00669130678420721	0.00657247281226525	-1.1883397194196e-4	0.0484829026444805
chr19:clu_6814_+	Mfsd13a	chr19:46350975:46354750:clu_6814_+	chr19	46350976	46354749	+	0.00572847064764426	0.00562149759138486	-1.069730562594e-4	0.0484829026444805
chr19:clu_6814_+	Mfsd13a	chr19:46345575:46354750:clu_6814_+	chr19	46345576	46354749	+	0.00257358335299345	0.00253693856662703	-3.66447863664188e-5	0.0484829026444805
chr2:clu_7517_-	Mindy3	chr2:12402377:12410671:clu_7517_-	chr2	12402378	12410670	-	0.00381884885192746	0.0358458972652121	0.0320270484132846	0.0486588327077561
chr2:clu_7517_-	Mindy3	chr2:12402377:12404834:clu_7517_-	chr2	12402378	12404833	-	0.525651408731072	0.508769385771294	-0.0168820229597774	0.0486588327077561
chr2:clu_7517_-	Mindy3	chr2:12408979:12410671:clu_7517_-	chr2	12408980	12410670	-	0.470529742417001	0.455384716963494	-0.0151450254535072	0.0486588327077561
chr18:clu_6177_+	Rnf138	chr18:21154056:21159143:clu_6177_+	chr18	21154057	21159142	+	0.344632610644094	0.546700889745351	0.202068279101257	0.0495730462335706
chr18:clu_6177_+	Rnf138	chr18:21157573:21159143:clu_6177_+	chr18	21157574	21159142	+	0.322216127295558	0.222389080058669	-0.0998270472368895	0.0495730462335706
chr18:clu_6177_+	Rnf138	chr18:21154056:21157466:clu_6177_+	chr18	21154057	21157465	+	0.318002730811557	0.22043809979608	-0.0975646310154774	0.0495730462335706
chr2:clu_8030_-	Adnp,Gm20716	chr2:168031314:168048494:clu_8030_-	chr2	168031315	168048493	-	0.313710708177907	0.351900137549253	0.0381894293713462	0.0495730462335706
chr2:clu_8030_-	Adnp,Gm20716	chr2:168029579:168048494:clu_8030_-	chr2	168029580	168048493	-	0.00946259349461392	0.0474410199259209	0.037978426431307	0.0495730462335706
chr2:clu_8030_-	Adnp,Gm20716	chr2:168031314:168039883:clu_8030_-	chr2	168031315	168039882	-	0.0437823022638576	0.0190900524294078	-0.0246922498344497	0.0495730462335706
chr2:clu_8030_-	Adnp,Gm20716	chr2:168029579:168031202:clu_8030_-	chr2	168029580	168031201	-	0.492910007690597	0.471653312132902	-0.0212566955576953	0.0495730462335706
chr2:clu_8030_-	Adnp,Gm20716	chr2:168046694:168048494:clu_8030_-	chr2	168046695	168048493	-	0.0785700482442676	0.060129190645358	-0.0184408575989096	0.0495730462335706
chr2:clu_8030_-	Adnp,Gm20716	chr2:168031314:168046520:clu_8030_-	chr2	168031315	168046519	-	0.0615643401287567	0.049786287317158	-0.0117780528115987	0.0495730462335706
chr18:clu_6177_+	Rnf138	chr18:21158572:21159143:clu_6177_+	chr18	21158573	21159142	+	0.015148531248791	0.0104719303999007	-0.00467660084889023	0.0495730462335706
