tier	score	gene_name	gene_id	isoform	origin	structural_category	predicted_NMD	delta	partner_isoform	partner_delta	both_methods	lr_separated	lr_reads	iq_agree	sr_delta	sr_replicated	sr_separated	gene_logFC	gene_FDR	gene_level_DE
A	6	Cdc14a	ENSMUSG00000033502.17	ENSMUST00000090464.8	GENCODE	full-splice_match	FALSE	-0.4164	ENSMUST00000127704.8	0.1828	TRUE	TRUE	TRUE	TRUE	-0.19709220354447876	TRUE	TRUE	-1.9124946035320791	0.03235063795916464	TRUE
A	6	Mtm1	ENSMUSG00000031337.18	ENSMUST00000061970.13	GENCODE	full-splice_match	FALSE	-0.1887	ENSMUST00000416888.1	0.09066	TRUE	TRUE	TRUE	TRUE	-0.3671532121553342	TRUE	TRUE	-0.5397616121262835	0.8088171231746034	FALSE
A	6	Erbin	ENSMUSG00000021709.16	ENSMUST00000188997.8	GENCODE	full-splice_match	FALSE	0.1381	ENSMUST00000091269.12	-0.09624	TRUE	TRUE	TRUE	TRUE	0.22007550907719522	TRUE	TRUE	0.17935283213552408	0.8698020273360699	FALSE
A	6	Crlf3	ENSMUSG00000017561.18	ENSMUST00000061283.16	GENCODE	full-splice_match	FALSE	-0.111	ENSMUST00000103233.11	0.115	TRUE	TRUE	TRUE	TRUE	-0.1866332881991638	TRUE	TRUE	0.01418942821175753	0.9931416147608088	FALSE
A	5	Atn1	ENSMUSG00000004263.17	ENSMUST00000507053.1	GENCODE	full-splice_match	FALSE	0.7351	ENSMUST00000088357.13	-0.7129	TRUE	TRUE	TRUE	NA	0.0827902052354545	TRUE	TRUE	-1.399643151582282	0.4985561892408517	FALSE
A	5	Gm16758	ENSMUSG00000086534.3	ESPRESSO:chr17:533:12	novel	novel_not_in_catalog	NA	0.5884	ESPRESSO:chr17:533:3	-0.4893	TRUE	TRUE	FALSE	TRUE	0.12188345798734063	TRUE	TRUE	0.3393634324608961	0.9244246366970894	FALSE
A	5	Snhg8	ENSMUSG00000104960.4	ENSMUST00000196466.4	GENCODE	full-splice_match	NA	0.4293	ENSMUST00000198509.4	-0.3494	TRUE	TRUE	TRUE	TRUE	0.1202563310124316	TRUE	FALSE	0.931340591196466	0.542405857336613	FALSE
A	5	Msmo1	ENSMUSG00000031604.12	ENSMUST00000034015.12	GENCODE	full-splice_match	FALSE	-0.3562	ENSMUST00000135943.8	0.3303	TRUE	TRUE	TRUE	TRUE	-0.14896051062996274	TRUE	FALSE	-3.0159532574131545	0.0416875753357865	TRUE
A	5	Thada	ENSMUSG00000024251.12	ENSMUST00000047524.11	GENCODE	full-splice_match	FALSE	0.3095	ENSMUST00000527972.1	-0.2854	TRUE	TRUE	TRUE	TRUE	0.09334566050751697	TRUE	FALSE	0.05574812154939255	0.9765538933325552	FALSE
A	5	Ppp3r1	ENSMUSG00000033953.12	ENSMUST00000102880.6	GENCODE	full-splice_match	FALSE	-0.2904	ESPRESSO:chr11:176:0	0.288	TRUE	TRUE	TRUE	NA	-0.10132313538711712	TRUE	TRUE	-3.7324944873706456	0.06902155109568708	FALSE
A	5	Rbl1	ENSMUSG00000027641.15	ENSMUST00000029170.9	GENCODE	full-splice_match	FALSE	-0.2748	ENSMUST00000124518.2	0.1936	TRUE	TRUE	TRUE	TRUE	-0.05949173938083685	TRUE	FALSE	-0.3298474087991664	0.7033379164513324	FALSE
A	5	Rpl22l1	ENSMUSG00000039221.12	ENSMUST00000195728.2	GENCODE	full-splice_match	NA	-0.269	ENSMUST00000194649.3	0.2296	TRUE	TRUE	TRUE	NA	-0.07716777939853772	TRUE	TRUE	0.6169038522850305	0.5011943026114422	FALSE
A	5	Mrpl33	ENSMUSG00000106918.5	ENSMUST00000201620.2	GENCODE	full-splice_match	NA	-0.2609	ENSMUST00000031024.14	0.3174	TRUE	TRUE	TRUE	TRUE	-0.07533146396899976	TRUE	FALSE	0.5964517895740956	0.5036475925410479	FALSE
A	5	Cox16	ENSMUSG00000091803.9	ENSMUST00000168463.9	GENCODE	full-splice_match	NA	0.2477	ENSMUST00000002757.12	-0.224	TRUE	TRUE	TRUE	TRUE	0.06656839502872003	TRUE	FALSE	0.1119807709209761	0.9553441940608728	FALSE
A	5	Mpzl1	ENSMUSG00000026566.17	ENSMUST00000111435.10	GENCODE	full-splice_match	FALSE	0.2467	ENSMUST00000068705.14	-0.233	TRUE	TRUE	TRUE	TRUE	0.20635700612056618	TRUE	FALSE	0.5012492410702805	0.5311216351404522	FALSE
A	5	Cd34	ENSMUSG00000016494.11	ENSMUST00000110815.10	GENCODE	full-splice_match	FALSE	-0.2326	ENSMUST00000016638.9	0.2202	TRUE	TRUE	TRUE	NA	-0.09465210881763197	TRUE	TRUE	0.01368769200380265	0.9914991196235148	FALSE
A	5	Atp5if1	ENSMUSG00000054428.14	ENSMUST00000067496.8	GENCODE	full-splice_match	FALSE	0.2238	ENSMUST00000145795.2	-0.2142	TRUE	TRUE	TRUE	NA	0.08961018848744684	TRUE	TRUE	1.4895671598175244	0.03235063795916464	TRUE
A	5	Tcf19	ENSMUSG00000050410.17	ENSMUST00000160885.3	GENCODE	full-splice_match	FALSE	0.2157	ENSMUST00000161012.9	-0.1614	TRUE	TRUE	TRUE	TRUE	0.1947962664498482	TRUE	FALSE	-0.02626545353971631	0.9884521972488916	FALSE
A	5	2410006H16Rik	ENSMUSG00000086841.4	ENSMUST00000131787.4	GENCODE	full-splice_match	NA	0.2141	ENSMUST00000245938.2	-0.2521	TRUE	TRUE	TRUE	TRUE	0.10948936725515501	TRUE	FALSE	0.04389958927892722	0.9804002485042904	FALSE
A	5	Atp5mg	ENSMUSG00000038717.11	ENSMUST00000216815.3	GENCODE	full-splice_match	NA	-0.2099	ENSMUST00000043675.10	0.2369	TRUE	TRUE	TRUE	NA	-0.07540812830654398	TRUE	TRUE	1.3901847904404632	0.071307925184225	FALSE
A	5	Cdc37l1	ENSMUSG00000024780.9	ENSMUST00000050148.6	GENCODE	full-splice_match	FALSE	-0.1916	ENSMUST00000224511.3	0.07993	TRUE	TRUE	TRUE	TRUE	-0.06046147523632346	TRUE	FALSE	-0.14548955858907128	0.9326916094134964	FALSE
A	5	Ndufv3	ENSMUSG00000024038.19	ENSMUST00000064798.17	GENCODE	full-splice_match	FALSE	0.1793	ENSMUST00000046288.17	-0.2034	TRUE	TRUE	TRUE	TRUE	0.05562396702542616	TRUE	FALSE	0.03967435307137977	0.9811213801691758	FALSE
A	5	Tmpo	ENSMUSG00000019961.19	ENSMUST00000072239.15	GENCODE	full-splice_match	FALSE	-0.1781	ENSMUST00000099355.13	0.07217	TRUE	TRUE	TRUE	NA	-0.11089445968080408	TRUE	TRUE	0.0933465656433852	0.9317970493365176	FALSE
A	5	Emp3	ENSMUSG00000040212.14	ENSMUST00000038876.14	GENCODE	full-splice_match	FALSE	0.173	ENSMUST00000425249.1	-0.09473	TRUE	TRUE	TRUE	TRUE	0.15243689223649137	TRUE	FALSE	0.8785354275028034	0.4270669460500652	FALSE
A	5	Efcab14	ENSMUSG00000034210.16	ENSMUST00000106525.10	GENCODE	full-splice_match	FALSE	-0.115	ENSMUST00000074425.14	0.09097	TRUE	TRUE	TRUE	TRUE	-0.06186812481827919	TRUE	FALSE	0.11432644357505556	0.9410674739545598	FALSE
A	5	Idh3g	ENSMUSG00000002010.19	ENSMUST00000468421.1	GENCODE	full-splice_match	FALSE	0.111	ENSMUST00000052761.10	-0.1111	TRUE	TRUE	TRUE	NA	0.1867401320928733	TRUE	TRUE	-0.01125125685480087	0.9934732594453016	FALSE
A	4	Mrpl23	ENSMUSG00000037772.15	ENSMUST00000038675.7	GENCODE	full-splice_match	FALSE	0.4005	ENSMUST00000209576.2	-0.3131	TRUE	TRUE	TRUE	NA	0.06321792031467409	TRUE	FALSE	0.7037598656588783	0.4928417356716318	FALSE
A	4	Ndufa13	ENSMUSG00000036199.11	ESPRESSO:chr8:822:3	novel	novel_not_in_catalog	FALSE	0.3253	ESPRESSO:chr8:822:2	-0.1456	TRUE	TRUE	TRUE	NA	0.08998351901705043	TRUE	FALSE	1.6098756949788928	0.08369006435629295	FALSE
A	4	Ndufa7	ENSMUSG00000041881.15	ENSMUST00000048249.9	GENCODE	full-splice_match	FALSE	0.2486	ENSMUST00000173946.2	-0.1519	TRUE	TRUE	TRUE	NA	0.06442109735407431	TRUE	FALSE	1.8105351290033904	0.03235063795916464	TRUE
A	4	Ndufb8	ENSMUSG00000025204.12	ENSMUST00000026222.12	GENCODE	full-splice_match	FALSE	0.2078	ENSMUST00000171415.9	-0.181	TRUE	TRUE	TRUE	NA	0.08461562872735984	TRUE	FALSE	0.7594218079012361	0.23362203014482716	FALSE
A	4	Rbm34	ENSMUSG00000033931.11	ENSMUST00000045994.9	GENCODE	full-splice_match	FALSE	-0.2001	ENSMUST00000212618.3	0.1454	TRUE	TRUE	TRUE	NA	-0.22353548298208742	TRUE	FALSE	-0.6525850472310272	0.4198578266677804	FALSE
A	4	Surf2	ENSMUSG00000014873.17	ENSMUST00000015017.9	GENCODE	full-splice_match	FALSE	-0.1748	ENSMUST00000434035.1	0.06075	TRUE	TRUE	TRUE	NA	-0.22452149827391668	TRUE	FALSE	-0.757014594311108	0.1365573455394692	FALSE
A	4	Gng5	ENSMUSG00000068523.14	ENSMUST00000090031.13	GENCODE	full-splice_match	NA	0.1503	ENSMUST00000118280.3	-0.1503	TRUE	TRUE	TRUE	NA	0.08394719565465725	TRUE	FALSE	1.8234898676558935	0.03235063795916464	TRUE
A	4	Vps29	ENSMUSG00000029462.20	ENSMUST00000155671.9	GENCODE	full-splice_match	FALSE	-0.1484	ENSMUST00000118830.9	0.1485	TRUE	TRUE	TRUE	NA	-0.06414198574044552	TRUE	FALSE	0.04437670360708969	0.9748298670206182	FALSE
A	4	Pex2	ENSMUSG00000040374.15	ENSMUST00000059021.11	GENCODE	full-splice_match	FALSE	-0.125	ENSMUST00000412022.1	0.109	TRUE	TRUE	TRUE	NA	-0.06214342758391056	TRUE	FALSE	-0.5210662231301725	0.2534553108254913	FALSE
A	4	Atp11c	ENSMUSG00000062949.15	ENSMUST00000101527.3	GENCODE	full-splice_match	FALSE	-0.1026	ESPRESSO:chrX:760:10	0.07196	TRUE	TRUE	TRUE	NA	-0.16184524740490416	TRUE	FALSE	-0.0492460158600571	0.9776916549909992	FALSE
B	4	Gtpbp2	ENSMUSG00000023952.15	ENSMUST00000024748.14	GENCODE	full-splice_match	FALSE	-0.6908	ENSMUST00000165686.2	0.7237	TRUE	TRUE	TRUE	TRUE	0.02866424913096899	FALSE	FALSE	-1.3296238458025358	0.6767836005891524	FALSE
B	4	Atrnl1	ENSMUSG00000054843.11	ENSMUST00000077282.8	GENCODE	full-splice_match	FALSE	0.5776	ESPRESSO:chr19:964:0	-0.3032	TRUE	FALSE	TRUE	TRUE	0.14296633181596569	TRUE	FALSE	0.17562360759766182	0.942682747591764	FALSE
B	4	Mgst2	ENSMUSG00000074604.11	ENSMUST00000099106.11	GENCODE	full-splice_match	FALSE	0.4911	ENSMUST00000161230.3	-0.3567	TRUE	TRUE	TRUE	TRUE	0.020607155823809287	FALSE	FALSE	-0.6360402284191494	0.8874437143541035	FALSE
B	4	Manba	ENSMUSG00000028164.17	ENSMUST00000029814.11	GENCODE	full-splice_match	FALSE	-0.4852	ENSMUST00000140893.8	0.2202	TRUE	TRUE	TRUE	TRUE	0.004018216460039525	FALSE	FALSE	-1.7956672222669774	0.2591611390369717	FALSE
B	4	Ago1	ENSMUSG00000041530.19	ENSMUST00000239428.2	GENCODE	full-splice_match	FALSE	0.3912	ENSMUST00000097888.11	-0.1953	TRUE	TRUE	TRUE	FALSE	0.052330629246376804	TRUE	FALSE	0.3640968804669464	0.851374297135837	FALSE
B	4	Trappc2l	ENSMUSG00000015013.11	ENSMUST00000015157.11	GENCODE	full-splice_match	FALSE	0.365	ENSMUST00000211904.2	-0.1378	TRUE	TRUE	TRUE	TRUE	-0.026153486002216064	FALSE	FALSE	0.393682643582296	0.8341853980813375	FALSE
B	4	Rpl37	ENSMUSG00000041841.10	ENSMUST00000045356.10	GENCODE	full-splice_match	NA	0.3616	ENSMUST00000227635.2	-0.143	TRUE	TRUE	TRUE	TRUE	0.0042171684474879845	FALSE	FALSE	1.753980083155995	0.0243964110676471	TRUE
B	4	Cox7c	ENSMUSG00000017778.16	ENSMUST00000132233.2	GENCODE	full-splice_match	NA	-0.3593	ENSMUST00000131011.2	0.3337	TRUE	TRUE	TRUE	TRUE	-0.010675802850166352	FALSE	FALSE	0.9055738419342536	0.3373721574337533	FALSE
B	4	Tmem128	ENSMUSG00000067365.13	ENSMUST00000087511.11	GENCODE	full-splice_match	FALSE	-0.3206	ENSMUST00000119047.9	0.1846	TRUE	TRUE	TRUE	TRUE	0.03306754659085842	FALSE	FALSE	-1.0745363468537128	0.1313353881927369	FALSE
B	4	Dnmbp	ENSMUSG00000025195.11	ENSMUST00000212592.3	GENCODE	full-splice_match	FALSE	-0.3183	ENSMUST00000212032.3	0.2856	TRUE	TRUE	TRUE	TRUE	0.028380012683089297	FALSE	FALSE	0.26399098356559597	0.919041279908857	FALSE
B	4	Rps29	ENSMUSG00000034892.10	ENSMUST00000037023.9	GENCODE	full-splice_match	NA	0.3095	ENSMUST00000094291.3	-0.2724	TRUE	TRUE	TRUE	TRUE	0.0017462589254545469	FALSE	FALSE	2.2021186867249165	0.05950423404397983	FALSE
B	4	Rps28	ENSMUSG00000067288.15	ENSMUST00000173844.8	GENCODE	full-splice_match	NA	0.2967	ENSMUST00000234017.2	-0.2434	TRUE	TRUE	TRUE	TRUE	0.005123315102827264	FALSE	FALSE	1.8777016036537957	0.03303995513587431	TRUE
B	4	Cox6c	ENSMUSG00000014313.17	ENSMUST00000014457.15	GENCODE	full-splice_match	NA	0.284	ENSMUST00000127999.2	-0.117	TRUE	TRUE	TRUE	TRUE	0.01103661488027341	FALSE	FALSE	1.2124343765673051	0.071307925184225	FALSE
B	4	Synj2	ENSMUSG00000023805.19	ENSMUST00000115791.10	GENCODE	full-splice_match	FALSE	0.2716	ENSMUST00000508119.1	-0.1997	TRUE	TRUE	TRUE	TRUE	-0.12336102605213245	FALSE	FALSE	0.17701653811779247	0.9410674739545598	FALSE
B	4	Dnajc19	ENSMUSG00000027679.15	ENSMUST00000108195.10	GENCODE	full-splice_match	FALSE	0.2399	ENSMUST00000117223.5	-0.1201	TRUE	TRUE	TRUE	TRUE	-0.24917332466054343	FALSE	FALSE	1.0368898162214353	0.3036729957404716	FALSE
B	4	Sem1	ENSMUSG00000042541.12	ENSMUST00000041111.11	GENCODE	full-splice_match	NA	0.214	ENSMUST00000205180.2	-0.2216	TRUE	TRUE	TRUE	TRUE	0.04606781669153315	FALSE	FALSE	1.0462575375395342	0.17591946224554308	FALSE
B	4	Tmem258	ENSMUSG00000036372.16	ENSMUST00000040372.14	GENCODE	full-splice_match	FALSE	0.2131	ENSMUST00000461023.1	-0.1034	TRUE	TRUE	TRUE	TRUE	-0.028437517066042695	FALSE	FALSE	1.8211819426201916	0.02513329275159671	TRUE
B	4	Rbis	ENSMUSG00000078784.10	ENSMUST00000185384.8	GENCODE	full-splice_match	FALSE	0.2037	ENSMUST00000186870.7	-0.1942	TRUE	TRUE	TRUE	TRUE	-0.02680305838919328	FALSE	FALSE	0.605897356154204	0.4904989085058328	FALSE
B	4	Rpl30	ENSMUSG00000058600.15	ENSMUST00000009039.7	GENCODE	full-splice_match	FALSE	0.198	ENSMUST00000136653.2	-0.09842	TRUE	TRUE	TRUE	TRUE	0.005451231162683319	FALSE	FALSE	0.8691747729240158	0.288974138495469	FALSE
B	4	Arhgap4	ENSMUSG00000031389.19	ENSMUST00000064376.14	GENCODE	full-splice_match	FALSE	-0.1934	ENSMUST00000114407.10	0.1144	TRUE	TRUE	TRUE	TRUE	0.021387683016544284	FALSE	FALSE	-0.26495015947967915	0.8594179002592983	FALSE
B	4	Rad54b	ENSMUSG00000078773.13	ENSMUST00000070755.14	GENCODE	full-splice_match	FALSE	0.1859	ENSMUST00000095145.13	-0.1189	TRUE	TRUE	TRUE	TRUE	-0.05721813968884475	FALSE	FALSE	0.3540813905046374	0.7410897981169566	FALSE
B	4	Vamp8	ENSMUSG00000050732.11	ENSMUST00000059983.10	GENCODE	full-splice_match	FALSE	0.1776	ENSMUST00000142613.2	-0.1445	TRUE	TRUE	TRUE	FALSE	0.09809666631371439	TRUE	FALSE	0.6633926896201954	0.3453330914621184	FALSE
B	4	Gse1	ENSMUSG00000031822.22	ENSMUST00000118136.3	GENCODE	full-splice_match	FALSE	0.1708	ENSMUST00000034279.17	-0.07809	TRUE	TRUE	TRUE	TRUE	-0.0026871750391483096	FALSE	FALSE	0.12478678503125656	0.9513534859616952	FALSE
B	4	Rsph3b	ENSMUSG00000023806.12	ENSMUST00000232602.2	GENCODE	full-splice_match	NA	0.1622	ENSMUST00000024572.11	-0.07392	TRUE	TRUE	TRUE	TRUE	0.04109372735453004	FALSE	FALSE	-0.6304043320330116	0.1824435585410438	FALSE
B	4	Rhot1	ENSMUSG00000017686.19	ENSMUST00000092857.14	GENCODE	full-splice_match	FALSE	0.1615	ENSMUST00000017831.17	-0.09584	TRUE	TRUE	TRUE	TRUE	0.01178451538010604	FALSE	FALSE	0.31016288833261013	0.7499085367513838	FALSE
B	4	Bbs12	ENSMUSG00000051444.11	ENSMUST00000108121.5	GENCODE	full-splice_match	FALSE	0.1566	ENSMUST00000057975.9	-0.1552	TRUE	TRUE	TRUE	TRUE	0.017820090331214455	FALSE	FALSE	0.08415962770253128	0.9741170415936116	FALSE
B	4	Lsm7	ENSMUSG00000035215.11	ENSMUST00000218931.2	GENCODE	full-splice_match	FALSE	-0.1509	ENSMUST00000035775.10	0.2591	TRUE	TRUE	TRUE	TRUE	0.006908652956379772	FALSE	FALSE	1.5139781911814525	0.05950423404397983	FALSE
B	4	Setd5	ENSMUSG00000034269.14	ENSMUST00000113157.9	GENCODE	full-splice_match	FALSE	0.1417	ESPRESSO:chr6:1616:92	-0.06202	TRUE	FALSE	TRUE	NA	0.16320055352822532	TRUE	TRUE	0.05663499223168478	0.9609780401746648	FALSE
B	4	Tcf12	ENSMUSG00000032228.18	ENSMUST00000034755.14	GENCODE	full-splice_match	FALSE	0.1315	ENSMUST00000183404.8	-0.1081	TRUE	TRUE	TRUE	TRUE	-0.037313587112701135	FALSE	FALSE	0.26811746032892125	0.7968207639734094	FALSE
B	4	Zfp809	ENSMUSG00000057982.10	ENSMUST00000445069.1	GENCODE	full-splice_match	FALSE	0.1205	ENSMUST00000215618.3	-0.116	TRUE	TRUE	TRUE	TRUE	0.003107397920282755	FALSE	FALSE	0.3909880647728384	0.7635729964145824	FALSE
B	4	Mettl8	ENSMUSG00000041975.19	ENSMUST00000521148.1	GENCODE	full-splice_match	FALSE	-0.1094	ENSMUST00000112186.10	0.1077	TRUE	TRUE	TRUE	TRUE	-0.04168185462654405	FALSE	FALSE	-0.04606591738358154	0.9741170415936116	FALSE
B	3	Ubn1	ENSMUSG00000039473.10	ENSMUST00000230703.3	GENCODE	full-splice_match	FALSE	0.2678	ENSMUST00000525337.1	-0.1739	TRUE	FALSE	TRUE	TRUE	0.043464685098167775	FALSE	FALSE	0.6614326475574122	0.3774154971522449	FALSE
B	3	Nfix	ENSMUSG00000001911.18	ENSMUST00000536969.1	GENCODE	full-splice_match	FALSE	-0.2383	ENSMUST00000099070.11	0.2024	TRUE	FALSE	TRUE	TRUE	-0.015136058026296806	FALSE	FALSE	-0.3818426237455755	0.9041734100578408	FALSE
B	3	Ppp1r13l	ENSMUSG00000040734.16	ENSMUST00000471709.1	GENCODE	full-splice_match	FALSE	-0.1898	ESPRESSO:chr7:611:19	0.1546	TRUE	TRUE	FALSE	TRUE	0.03517230850922609	FALSE	FALSE	0.04494844713798088	0.9851023800354044	FALSE
B	3	Ubr3	ENSMUSG00000044308.20	ENSMUST00000525384.1	GENCODE	full-splice_match	FALSE	0.1833	ENSMUST00000525381.1	-0.1666	TRUE	FALSE	TRUE	NA	0.06345587249518153	TRUE	FALSE	0.27012595455545935	0.8155017379650152	FALSE
C	5	Ndufa5	ENSMUSG00000023089.14	ENSMUST00000023851.10	GENCODE	full-splice_match	FALSE	0.2475	ESPRESSO:chr6:214:1	-0.1439	FALSE	TRUE	TRUE	TRUE	0.10530616143926155	TRUE	TRUE	1.9863398511739463	0.02513329275159671	TRUE
C	5	Ubox5	ENSMUSG00000027300.12	ESPRESSO:chr2:1839:17	novel	novel_in_catalog	FALSE	0.2015	ENSMUST00000435086.1	-0.07521	FALSE	TRUE	TRUE	TRUE	0.1688670050064051	TRUE	TRUE	-0.5330634360325889	0.4974216211794056	FALSE
C	5	Ralgapa1	ENSMUSG00000021027.20	ENSMUST00000085385.8	GENCODE	full-splice_match	FALSE	-0.1819	ENSMUST00000220367.2	0.1254	FALSE	TRUE	TRUE	TRUE	-0.2211433012048516	TRUE	TRUE	0.07778776920400453	0.9627739357675263	FALSE
C	5	Mrpl14	ENSMUSG00000023939.9	ENSMUST00000024734.9	GENCODE	full-splice_match	FALSE	0.1787	ENSMUST00000432592.1	-0.1638	FALSE	TRUE	TRUE	TRUE	0.20314256982238338	TRUE	TRUE	0.9773961921189356	0.40981120270159194	FALSE
C	5	Ccdc107	ENSMUSG00000028461.14	ENSMUST00000030181.13	GENCODE	full-splice_match	FALSE	-0.1594	ESPRESSO:chr4:455:36	0.1133	FALSE	TRUE	TRUE	TRUE	-0.21172882157477468	TRUE	TRUE	0.3518851193613483	0.7887348269244892	FALSE
C	5	Ccdc77	ENSMUSG00000030177.16	ENSMUST00000112703.9	GENCODE	full-splice_match	FALSE	0.1246	ENSMUST00000032283.13	-0.1392	FALSE	TRUE	TRUE	TRUE	0.30958623227306875	TRUE	TRUE	0.0995367087262778	0.946983597542565	FALSE
C	5	Mfge8	ENSMUSG00000030605.17	ENSMUST00000032825.15	GENCODE	full-splice_match	FALSE	-0.1184	ENSMUST00000107409.6	0.1133	FALSE	TRUE	TRUE	TRUE	-0.09809906664142964	TRUE	TRUE	0.2174899945159882	0.8176060342246907	FALSE
C	5	Traf3ip3	ENSMUSG00000037318.12	ENSMUST00000043550.12	GENCODE	full-splice_match	FALSE	-0.1105	ESPRESSO:chr1:2375:54	0.07517	FALSE	TRUE	TRUE	TRUE	-0.18163127720892125	TRUE	TRUE	-0.2158303586586744	0.9106015128196532	FALSE
C	5	Ero1b	ENSMUSG00000057069.9	ENSMUST00000071973.9	GENCODE	full-splice_match	FALSE	-0.1088	ENSMUST00000516626.1	0.07631	FALSE	TRUE	TRUE	TRUE	-0.42409447805493183	TRUE	TRUE	0.20974310230590076	0.9229101535807728	FALSE
C	5	Tmem40	ENSMUSG00000059900.16	ENSMUST00000072933.14	GENCODE	full-splice_match	FALSE	-0.1045	ENSMUST00000543748.1	0.07111	FALSE	TRUE	TRUE	TRUE	-0.2641490428816333	TRUE	TRUE	0.11040824504523636	0.9537433244374288	FALSE
C	4	Tiam1	ENSMUSG00000002489.18	ENSMUST00000430732.1	GENCODE	full-splice_match	FALSE	-0.3745	ESPRESSO:chr16:1083:5	0.2459	FALSE	FALSE	TRUE	TRUE	-0.3170398906532409	TRUE	TRUE	-0.724153634184131	0.6088471055042648	FALSE
C	4	Atp5mf	ENSMUSG00000038690.17	ENSMUST00000161741.8	GENCODE	full-splice_match	NA	0.3388	ENSMUST00000200584.2	-0.3166	TRUE	TRUE	TRUE	FALSE	0.048959533365918295	FALSE	TRUE	1.320729914239258	0.06394455972031785	FALSE
C	4	Gm49387	ENSMUSG00000115022.2	ESPRESSO:chr14:352:42	novel	novel_in_catalog	FALSE	-0.2763	ESPRESSO:chr14:352:43	0.1553	FALSE	TRUE	TRUE	TRUE	-0.21181902795873325	TRUE	FALSE	NA	NA	FALSE
C	4	Ocrl	ENSMUSG00000001173.17	ENSMUST00000001202.16	GENCODE	full-splice_match	FALSE	0.2566	ENSMUST00000492055.1	-0.1464	FALSE	TRUE	TRUE	TRUE	0.191890585324464	TRUE	FALSE	0.3533544208029156	0.7741789827301241	FALSE
C	4	Foxn2	ENSMUSG00000034998.20	ENSMUST00000112238.10	GENCODE	full-splice_match	FALSE	-0.252	ENSMUST00000134107.2	0.2449	FALSE	TRUE	TRUE	TRUE	-0.05797342263615529	TRUE	FALSE	-0.6388295565138439	0.8719334418622499	FALSE
C	4	Tmem150b	ENSMUSG00000046456.16	ENSMUST00000086363.6	GENCODE	full-splice_match	FALSE	-0.2493	ESPRESSO:chr7:63:4	0.2899	FALSE	TRUE	TRUE	TRUE	-0.08669076501071793	TRUE	FALSE	-0.9794939071728622	0.6478182798522705	FALSE
C	4	Ccdc102a	ENSMUSG00000063605.7	ENSMUST00000077955.6	GENCODE	full-splice_match	FALSE	0.2089	ESPRESSO:chr8:1238:0	-0.1961	FALSE	TRUE	TRUE	TRUE	0.3368351085108511	TRUE	FALSE	0.29992951294261894	0.9260354800061285	FALSE
C	4	Bcor	ENSMUSG00000040363.17	ENSMUST00000124033.9	GENCODE	full-splice_match	FALSE	0.2018	ENSMUST00000115513.10	-0.1234	FALSE	TRUE	TRUE	TRUE	0.0689684607105292	TRUE	FALSE	0.07469546115662776	0.9529058497360882	FALSE
C	4	Rps24	ENSMUSG00000025290.19	ENSMUST00000225023.3	GENCODE	full-splice_match	FALSE	0.1991	ENSMUST00000223939.2	-0.121	FALSE	TRUE	TRUE	TRUE	0.014842309095082114	FALSE	TRUE	1.1700798635007263	0.04264103474017907	TRUE
C	4	Fzd6	ENSMUSG00000022297.17	ENSMUST00000179165.10	GENCODE	full-splice_match	FALSE	0.199	ENSMUST00000022906.9	-0.05767	FALSE	TRUE	TRUE	NA	0.24872622101069555	TRUE	TRUE	0.3362862310015544	0.9140039280313456	FALSE
C	4	Ndufa12	ENSMUSG00000020022.19	ENSMUST00000125379.2	GENCODE	full-splice_match	NA	-0.1967	ENSMUST00000020209.17	0.1033	TRUE	TRUE	TRUE	NA	-0.0434207521140153	FALSE	TRUE	0.949189792134324	0.12463657809336973	FALSE
C	4	Cox17	ENSMUSG00000046516.12	ENSMUST00000050273.9	GENCODE	full-splice_match	NA	0.1956	ENSMUST00000144812.2	-0.1418	FALSE	TRUE	TRUE	TRUE	0.07345368037894912	TRUE	FALSE	1.1851469689859124	0.164963537421631	FALSE
C	4	Mtmr3	ENSMUSG00000034354.20	ENSMUST00000109943.11	GENCODE	full-splice_match	FALSE	0.189	ENSMUST00000123506.10	-0.1152	FALSE	TRUE	TRUE	TRUE	0.1569450890165829	TRUE	FALSE	0.4628380573072284	0.4070432262982424	FALSE
C	4	Grcc10	ENSMUSG00000072772.5	ENSMUST00000004389.7	GENCODE	full-splice_match	FALSE	0.1863	ENSMUST00000140423.2	-0.1799	FALSE	TRUE	TRUE	TRUE	0.024704384627675657	FALSE	TRUE	1.180271910604045	0.2915905912698805	FALSE
C	4	Haghl	ENSMUSG00000061046.11	ENSMUST00000077938.10	GENCODE	full-splice_match	FALSE	-0.1848	ESPRESSO:chr17:431:8	0.07313	FALSE	TRUE	TRUE	NA	-0.2796667534587797	TRUE	TRUE	-0.5717121334611713	0.60298852878684706	FALSE
C	4	Mir223hg	ENSMUSG00000078122.7	ENSMUST00000147681.4	GENCODE	full-splice_match	NA	0.1848	ENSMUST00000133125.5	-0.06783	FALSE	TRUE	TRUE	TRUE	0.16831796641903718	TRUE	FALSE	-0.33958239797955336	0.926204413001659	FALSE
C	4	Ralgds	ENSMUSG00000026821.18	ENSMUST00000028170.16	GENCODE	full-splice_match	FALSE	0.1831	ENSMUST00000100241.11	-0.1096	FALSE	TRUE	TRUE	TRUE	0.09470740482895484	TRUE	FALSE	0.18952051812812865	0.9337633298412096	FALSE
C	4	Lamtor2	ENSMUSG00000028062.17	ENSMUST00000029698.15	GENCODE	full-splice_match	FALSE	0.1749	ENSMUST00000145172.2	-0.1087	FALSE	FALSE	TRUE	TRUE	0.10173521396969287	TRUE	TRUE	1.3602077816045948	0.03962279915990488	TRUE
C	4	Bbc3	ENSMUSG00000002083.15	ENSMUST00000002152.14	GENCODE	full-splice_match	FALSE	0.1704	ESPRESSO:chr7:494:4	-0.1187	FALSE	TRUE	TRUE	TRUE	0.08060186532941352	TRUE	FALSE	0.30013697246382526	0.9136587804799592	FALSE
C	4	Rpl35a	ENSMUSG00000060636.16	ENSMUST00000115079.9	GENCODE	full-splice_match	FALSE	0.169	ESPRESSO:chr16:472:8	-0.05525	FALSE	TRUE	TRUE	TRUE	0.09530904638126336	TRUE	FALSE	1.8026026112725668	0.02513329275159671	TRUE
C	4	Fyn	ENSMUSG00000019843.16	ENSMUST00000063091.14	GENCODE	full-splice_match	FALSE	-0.1664	ENSMUST00000136659.3	0.07208	FALSE	TRUE	TRUE	TRUE	-0.08946102995023691	TRUE	FALSE	0.5863688185513979	0.7173273275693116	FALSE
C	4	Card9	ENSMUSG00000026928.16	ENSMUST00000028294.8	GENCODE	full-splice_match	FALSE	-0.1661	ESPRESSO:chr2:278:43	0.05235	FALSE	TRUE	TRUE	TRUE	-0.15995208804108138	TRUE	FALSE	-0.3992507199833043	0.863875591000879	FALSE
C	4	Slc36a1	ENSMUSG00000020261.17	ENSMUST00000108872.10	GENCODE	full-splice_match	FALSE	-0.164	ENSMUST00000020499.15	0.08327	FALSE	TRUE	TRUE	TRUE	-0.2518239647123729	TRUE	FALSE	-0.17910964870041204	0.9553441940608728	FALSE
C	4	Ppargc1b	ENSMUSG00000033871.16	ENSMUST00000419944.1	GENCODE	full-splice_match	FALSE	0.1567	ENSMUST00000075299.14	-0.1572	FALSE	TRUE	TRUE	TRUE	0.15298194945848376	TRUE	FALSE	-0.2653064256848863	0.8780308662049552	FALSE
C	4	Angel1	ENSMUSG00000021257.17	ENSMUST00000021682.9	GENCODE	full-splice_match	FALSE	0.1513	ESPRESSO:chr12:1074:0	-0.1324	FALSE	TRUE	TRUE	TRUE	0.29333067955652425	TRUE	FALSE	0.04142778404354409	0.985542174086416	FALSE
C	4	Rbm26	ENSMUSG00000022119.17	ENSMUST00000100327.11	GENCODE	full-splice_match	FALSE	0.151	ENSMUST00000022715.15	-0.157	FALSE	TRUE	TRUE	TRUE	0.08706805621824179	TRUE	FALSE	0.20284509847407808	0.8833554207172618	FALSE
C	4	Cox19	ENSMUSG00000045438.14	ENSMUST00000049630.14	GENCODE	full-splice_match	FALSE	0.1509	ENSMUST00000152715.2	-0.1345	FALSE	TRUE	TRUE	TRUE	0.12920568404052973	TRUE	FALSE	0.06556264466172285	0.97560488999976	FALSE
C	4	Usp1	ENSMUSG00000028560.13	ESPRESSO:chr4:1127:16	novel	novel_in_catalog	FALSE	0.1497	ENSMUST00000091358.12	-0.1372	FALSE	FALSE	TRUE	TRUE	0.17642716307022824	TRUE	TRUE	0.2693671504371861	0.6572088591946235	FALSE
C	4	Zfp280d	ENSMUSG00000038535.19	ENSMUST00000098576.11	GENCODE	full-splice_match	FALSE	-0.1475	ENSMUST00000183410.9	0.114	FALSE	TRUE	TRUE	TRUE	-0.16216260892610676	TRUE	FALSE	0.4080861137433613	0.7278977222133447	FALSE
C	4	Mettl26	ENSMUSG00000025731.18	ENSMUST00000169308.9	GENCODE	full-splice_match	FALSE	-0.1461	ENSMUST00000026827.16	0.135	FALSE	TRUE	TRUE	TRUE	-0.22428153534700213	TRUE	FALSE	-0.03760101486092977	0.986555394286664	FALSE
C	4	Slfn3	ENSMUSG00000018986.12	ENSMUST00000019130.9	GENCODE	full-splice_match	FALSE	0.1453	ENSMUST00000214041.3	-0.1192	FALSE	TRUE	TRUE	TRUE	0.11998056941174118	TRUE	FALSE	0.21381796761630828	0.9185033611150136	FALSE
C	4	Ndufc1	ENSMUSG00000037152.13	ENSMUST00000038108.13	GENCODE	full-splice_match	FALSE	0.1449	ENSMUST00000145572.3	-0.1051	FALSE	TRUE	TRUE	TRUE	0.07297099760282788	TRUE	FALSE	1.9498691102492784	0.03235063795916464	TRUE
C	4	Zfp839	ENSMUSG00000021271.7	ENSMUST00000222460.2	GENCODE	full-splice_match	FALSE	0.1445	ENSMUST00000550980.1	-0.0588	FALSE	TRUE	TRUE	TRUE	0.061021189621910055	TRUE	FALSE	0.15819420345911753	0.9513534859616952	FALSE
C	4	Cyb5r1	ENSMUSG00000026456.20	ENSMUST00000027726.14	GENCODE	full-splice_match	FALSE	0.1432	ENSMUST00000154237.8	-0.0738	FALSE	TRUE	TRUE	TRUE	0.053764651053994666	TRUE	FALSE	-0.12894007424478948	0.929008839027585	FALSE
C	4	Armcx5	ENSMUSG00000072969.4	ENSMUST00000486118.1	GENCODE	full-splice_match	FALSE	0.1425	ENSMUST00000096321.4	-0.1553	FALSE	TRUE	TRUE	TRUE	0.08942383563271972	TRUE	FALSE	0.00436715472760124	0.9986874550349408	FALSE
C	4	Usp40	ENSMUSG00000005501.16	ENSMUST00000453986.1	GENCODE	full-splice_match	FALSE	0.1399	ENSMUST00000187758.8	-0.1255	FALSE	TRUE	TRUE	TRUE	0.059244136149292706	TRUE	FALSE	0.14189340302984266	0.9326916094134964	FALSE
C	4	Cxxc5	ENSMUSG00000046668.11	ENSMUST00000060722.9	GENCODE	full-splice_match	FALSE	-0.1391	ENSMUST00000235169.2	0.06476	FALSE	TRUE	TRUE	TRUE	-0.10027916699415446	TRUE	FALSE	0.04166656372152692	0.9847219323512992	FALSE
C	4	Foxj3	ENSMUSG00000032998.18	ENSMUST00000044564.16	GENCODE	full-splice_match	FALSE	-0.1383	ENSMUST00000106310.10	0.1265	FALSE	TRUE	TRUE	TRUE	-0.17143741659994668	TRUE	FALSE	0.10069495062326372	0.9741170415936116	FALSE
C	4	Map4	ENSMUSG00000032479.17	ENSMUST00000165876.9	GENCODE	full-splice_match	FALSE	-0.1341	ENSMUST00000035055.16	0.1629	FALSE	TRUE	TRUE	NA	-0.24237916561892536	TRUE	TRUE	0.4031875515888917	0.7664226017214184	FALSE
C	4	AI987944	ENSMUSG00000056383.12	ENSMUST00000071804.11	GENCODE	full-splice_match	FALSE	0.1263	ENSMUST00000205338.2	-0.1195	FALSE	FALSE	TRUE	TRUE	0.1774510865286577	TRUE	TRUE	-0.3180812187591709	0.7887348269244892	FALSE
C	4	Rpgr	ENSMUSG00000031174.20	ENSMUST00000073392.12	GENCODE	full-splice_match	FALSE	-0.126	ENSMUST00000115533.9	0.1438	FALSE	TRUE	TRUE	TRUE	-0.23438101477712356	TRUE	FALSE	0.13590542702310454	0.9410674739545598	FALSE
C	4	Ankrd12	ENSMUSG00000034647.17	ENSMUST00000150766.2	GENCODE	full-splice_match	FALSE	0.1231	ESPRESSO:chr17:1321:31	-0.0378	FALSE	TRUE	TRUE	TRUE	0.05539005362308888	TRUE	FALSE	0.37604023148100263	0.8305117472139495	FALSE
C	4	Dhx36	ENSMUSG00000027770.7	ENSMUST00000029336.7	GENCODE	full-splice_match	FALSE	-0.12	ESPRESSO:chr3:627:3	0.05825	FALSE	TRUE	TRUE	TRUE	-0.05791026467096294	TRUE	FALSE	-0.36710463427560314	0.705280187330665	FALSE
C	4	Trmt44	ENSMUSG00000029097.13	ENSMUST00000030980.13	GENCODE	full-splice_match	FALSE	0.1162	ENSMUST00000145930.2	-0.07822	FALSE	TRUE	TRUE	TRUE	0.21596621677354097	TRUE	FALSE	0.4555359841798477	0.6156333252126066	FALSE
C	4	Pym1	ENSMUSG00000064030.17	ENSMUST00000163377.11	GENCODE	full-splice_match	FALSE	-0.1158	ENSMUST00000065210.11	0.1231	FALSE	TRUE	TRUE	TRUE	-0.13360350264548726	TRUE	FALSE	-0.5140461833533244	0.7664226017214184	FALSE
C	4	Hps5	ENSMUSG00000014418.18	ENSMUST00000014562.15	GENCODE	full-splice_match	FALSE	0.1153	ESPRESSO:chr7:1500:14	-0.1314	FALSE	TRUE	TRUE	TRUE	0.15373554712703877	TRUE	FALSE	0.1922529416831891	0.9184821265832304	FALSE
C	4	Arl5a	ENSMUSG00000036093.9	ENSMUST00000036541.9	GENCODE	full-splice_match	FALSE	0.1138	ENSMUST00000130357.2	-0.1138	FALSE	TRUE	TRUE	TRUE	0.00699783695830114	FALSE	TRUE	1.2496101724774376	0.7664226017214184	FALSE
C	4	Mdm4	ENSMUSG00000054387.15	ENSMUST00000188090.7	GENCODE	full-splice_match	FALSE	-0.1131	ENSMUST00000191212.7	0.05101	FALSE	TRUE	TRUE	TRUE	-0.10001391175275398	TRUE	FALSE	-0.20707840257547455	0.9106015128196532	FALSE
C	4	Rnf144a	ENSMUSG00000020642.15	ENSMUST00000020971.15	GENCODE	full-splice_match	FALSE	-0.113	ENSMUST00000062149.7	0.109	FALSE	TRUE	TRUE	TRUE	-0.15150530257195527	TRUE	FALSE	0.3671187311669354	0.7832645667833729	FALSE
C	4	Rnls	ENSMUSG00000071573.16	ENSMUST00000096114.13	GENCODE	full-splice_match	FALSE	0.1122	ESPRESSO:chr19:601:8	-0.1062	FALSE	TRUE	TRUE	TRUE	0.09847442680776008	TRUE	FALSE	0.2046399675597713	0.906309188189705	FALSE
C	4	Kif24	ENSMUSG00000028438.18	ENSMUST00000108055.10	GENCODE	full-splice_match	FALSE	-0.1105	ENSMUST00000131532.2	0.0882	FALSE	TRUE	TRUE	TRUE	-0.19787719245642188	TRUE	FALSE	0.07284814679056943	0.9628025960030724	FALSE
C	4	Galnt7	ENSMUSG00000031608.15	ENSMUST00000034021.13	GENCODE	full-splice_match	FALSE	0.1105	ENSMUST00000110316.4	-0.1037	FALSE	TRUE	TRUE	TRUE	0.09180967114106048	TRUE	FALSE	0.691634739740935	0.19003336404189464	FALSE
C	4	Cebpg	ENSMUSG00000056216.11	ENSMUST00000130491.4	GENCODE	full-splice_match	FALSE	0.1104	ENSMUST00000205752.2	-0.1238	FALSE	TRUE	TRUE	FALSE	0.11006355789270761	TRUE	TRUE	0.6730660411654193	0.7523288819366841	FALSE
C	4	Zfp346	ENSMUSG00000021481.13	ENSMUST00000021937.13	GENCODE	full-splice_match	FALSE	-0.1101	ESPRESSO:chr13:880:6	0.05462	FALSE	TRUE	TRUE	TRUE	-0.07338633644337632	TRUE	FALSE	-0.03306501769828376	0.984774436270924	FALSE
C	4	Lrrc45	ENSMUSG00000025145.15	ENSMUST00000026139.14	GENCODE	full-splice_match	FALSE	-0.1087	ESPRESSO:chr11:2148:58	0.02748	FALSE	TRUE	TRUE	TRUE	-0.12551864761806655	TRUE	FALSE	-0.32547676043651874	0.7027162003185177	FALSE
C	4	Rbbp5	ENSMUSG00000026439.16	ESPRESSO:chr1:1496:15	novel	incomplete-splice_match	FALSE	-0.1075	ENSMUST00000190997.8	0.09326	FALSE	TRUE	TRUE	NA	-0.23656219973557596	TRUE	TRUE	0.0921429159733481	0.9513534859616952	FALSE
C	4	Zdhhc24	ENSMUSG00000006463.15	ENSMUST00000006632.8	GENCODE	full-splice_match	FALSE	0.1074	ENSMUST00000162134.2	-0.0885	FALSE	TRUE	TRUE	TRUE	0.1640950363733047	TRUE	FALSE	0.10903627191009664	0.9481688474479044	FALSE
C	4	Zc3h8	ENSMUSG00000027387.13	ENSMUST00000028866.10	GENCODE	full-splice_match	FALSE	-0.1067	ESPRESSO:chr2:1794:7	0.0616	FALSE	TRUE	TRUE	TRUE	-0.07418165733282116	TRUE	FALSE	-0.29476292989410946	0.8088171231746034	FALSE
C	4	Gm2629	ENSMUSG00000117613.4	ENSMUST00000350697.1	GENCODE	full-splice_match	NA	0.1067	ESPRESSO:chr18:167:69	-0.05849	FALSE	TRUE	TRUE	TRUE	0.1023458859251955	TRUE	FALSE	-0.5007615708955321	0.6478182798522705	FALSE
C	4	Mrpl39	ENSMUSG00000022889.9	ENSMUST00000480569.1	GENCODE	full-splice_match	FALSE	0.1049	ENSMUST00000116584.3	-0.1171	FALSE	TRUE	TRUE	NA	0.15866602746895403	TRUE	TRUE	-0.4373916405531417	0.5666345139978266	FALSE
C	4	Ice2	ENSMUSG00000032235.17	ENSMUST00000034761.16	GENCODE	full-splice_match	FALSE	0.1045	ESPRESSO:chr9:1059:0	-0.0244	FALSE	TRUE	TRUE	TRUE	0.10751355996016884	TRUE	FALSE	0.529372629789194	0.579483907948408	FALSE
C	4	Pomgnt2	ENSMUSG00000066235.9	ENSMUST00000084743.8	GENCODE	full-splice_match	FALSE	0.1043	ENSMUST00000217610.3	-0.0755	FALSE	TRUE	TRUE	TRUE	0.1087043126767202	TRUE	FALSE	0.18817774012570035	0.908898645697767	FALSE
C	4	Slc12a6	ENSMUSG00000027130.17	ENSMUST00000028549.15	GENCODE	full-splice_match	FALSE	-0.104	ENSMUST00000137896.2	0.05554	FALSE	TRUE	TRUE	TRUE	-0.12952059476878786	TRUE	FALSE	0.19976206265012836	0.9136587804799592	FALSE
C	4	Trim13	ENSMUSG00000035235.15	ENSMUST00000039562.9	GENCODE	full-splice_match	FALSE	-0.1036	ENSMUST00000165015.10	0.08457	FALSE	TRUE	TRUE	TRUE	-0.07291913789062221	TRUE	FALSE	-0.00333737845051225	0.9986874550349408	FALSE
C	4	Kiz	ENSMUSG00000074749.12	ENSMUST00000099278.10	GENCODE	full-splice_match	FALSE	-0.1027	ESPRESSO:chr2:1984:2	0.06468	FALSE	TRUE	TRUE	TRUE	-0.1316266681904748	TRUE	FALSE	-0.32497790796071135	0.7034088076960004	FALSE
C	4	Kif23	ENSMUSG00000032254.12	ENSMUST00000034815.10	GENCODE	full-splice_match	FALSE	0.1016	ESPRESSO:chr9:955:21	-0.0961	FALSE	TRUE	TRUE	TRUE	0.09707915644161924	TRUE	FALSE	0.1372008400646393	0.9198664685694016	FALSE
C	4	Sapcd2	ENSMUSG00000026955.15	ENSMUST00000028329.14	GENCODE	full-splice_match	FALSE	-0.1009	ENSMUST00000114293.10	0.0779	FALSE	TRUE	TRUE	TRUE	-0.21261241710511125	TRUE	FALSE	-0.2348471987170207	0.8783409136621808	FALSE
C	4	Dedd2	ENSMUSG00000054499.11	ENSMUST00000553376.1	GENCODE	full-splice_match	FALSE	0.1003	ENSMUST00000206750.2	-0.04355	FALSE	TRUE	TRUE	NA	0.1043871527153225	TRUE	TRUE	0.0941288815135138	0.9553441940608728	FALSE
C	3	Ppp1r12b	ENSMUSG00000073557.14	ENSMUST00000132025.2	GENCODE	full-splice_match	TRUE	0.5854	ESPRESSO:chr1:1559:4	-0.45	FALSE	TRUE	TRUE	TRUE	-0.026976606049667673	FALSE	FALSE	-0.16393113044687105	0.9513534859616952	FALSE
C	3	Gm40630	ENSMUSG00000120201.2	ENSMUST00000360185.1	GENCODE	full-splice_match	NA	-0.5778	ENSMUST00000241848.2	0.6889	FALSE	NA	FALSE	TRUE	-0.15789147147212246	TRUE	TRUE	NA	NA	FALSE
C	3	Tns3	ENSMUSG00000020422.16	ENSMUST00000020695.14	GENCODE	full-splice_match	FALSE	-0.5042	ENSMUST00000239111.3	0.4867	FALSE	TRUE	TRUE	TRUE	0.04370961148265762	FALSE	FALSE	-0.10910636835117173	0.9741170415936116	FALSE
C	3	Etfbl	ENSMUSG00000107482.3	ESPRESSO:chr7:1370:17	novel	novel_in_catalog	FALSE	0.4725	ESPRESSO:chr7:1370:14	-0.3669	FALSE	TRUE	TRUE	NA	0.026757913699830604	FALSE	TRUE	NA	NA	FALSE
C	3	Tmem245	ENSMUSG00000055296.16	ENSMUST00000068792.14	GENCODE	full-splice_match	FALSE	-0.4035	ENSMUST00000565453.1	0.27	TRUE	TRUE	TRUE	FALSE	-0.015034997005713868	FALSE	FALSE	0.16801209428663066	0.9513534859616952	FALSE
C	3	1700102H20Rik	ENSMUSG00000116852.4	ENSMUST00000241894.2	GENCODE	full-splice_match	NA	0.3967	ENSMUST00000243728.2	-0.3967	FALSE	TRUE	FALSE	FALSE	0.49211597222222225	TRUE	TRUE	0.2846355333380796	0.9513534859616952	FALSE
C	3	Fnip1	ENSMUSG00000035992.17	ENSMUST00000384551.1	GENCODE	full-splice_match	FALSE	-0.3906	ENSMUST00000573025.1	0.2915	FALSE	TRUE	TRUE	TRUE	-0.048126306713078826	FALSE	FALSE	-1.584209053761081	0.31054259364079306	FALSE
C	3	ENSMUSG00000074166.9	ESPRESSO:chr7:1317	ESPRESSO:chr7:1317:0	novel	novel_not_in_catalog	NA	-0.3871	ESPRESSO:chr7:1317:2	0.2838	FALSE	TRUE	FALSE	TRUE	-0.10131563503552594	TRUE	FALSE	NA	NA	FALSE
C	3	Nf1	ENSMUSG00000020716.18	ENSMUST00000131800.2	GENCODE	full-splice_match	FALSE	-0.3807	ENSMUST00000137997.2	0.2173	FALSE	TRUE	TRUE	TRUE	-0.021203272885166685	FALSE	FALSE	-0.518068388945151	0.8278260226553934	FALSE
C	3	Ralgapa2	ENSMUSG00000037110.22	ENSMUST00000568273.1	GENCODE	full-splice_match	FALSE	-0.3539	ENSMUST00000124709.2	0.1142	FALSE	TRUE	FALSE	TRUE	-0.05552342037284819	TRUE	FALSE	-0.3013702517440687	0.9136587804799592	FALSE
C	3	Hivep1	ENSMUSG00000021366.10	ESPRESSO:chr13:670:4	novel	novel_not_in_catalog	FALSE	0.3428	ESPRESSO:chr13:670:5	-0.1749	FALSE	TRUE	TRUE	NA	0.05571070451545323	TRUE	FALSE	0.08179874349716942	0.9741170415936116	FALSE
C	3	Naa20	ENSMUSG00000002728.16	ENSMUST00000110000.9	GENCODE	full-splice_match	FALSE	-0.3179	ENSMUST00000134759.4	0.2073	FALSE	TRUE	TRUE	TRUE	0.01412697453141265	FALSE	FALSE	-2.0437091492641892	0.163973623230681	FALSE
C	3	Rttn	ENSMUSG00000023066.12	ENSMUST00000235272.2	GENCODE	full-splice_match	FALSE	0.3148	ESPRESSO:chr18:1066:4	-0.3024	FALSE	TRUE	TRUE	TRUE	-0.043144520604638414	FALSE	FALSE	-0.8646743322260625	0.43794845523372905	FALSE
C	3	Macrod2	ENSMUSG00000068205.16	ENSMUST00000110062.9	GENCODE	full-splice_match	FALSE	-0.3144	ENSMUST00000043836.8	0.3253	TRUE	TRUE	TRUE	NA	0	FALSE	FALSE	-0.5307696038580165	0.6813364917740855	FALSE
C	3	Epb41l4aos	ENSMUSG00000087590.5	ENSMUST00000146010.5	GENCODE	full-splice_match	NA	0.3109	ENSMUST00000241923.2	-0.2258	FALSE	TRUE	FALSE	TRUE	0.1469389325838517	TRUE	FALSE	0.6928140169740955	0.7523288819366841	FALSE
C	3	Il15ra	ENSMUSG00000023206.18	ENSMUST00000130245.2	GENCODE	full-splice_match	NA	0.3057	ENSMUST00000128156.10	-0.1911	FALSE	TRUE	TRUE	TRUE	-0.028958833619210977	FALSE	FALSE	-1.018368247083703	0.7404573828971799	FALSE
C	3	Zfp516	ENSMUSG00000058881.15	ENSMUST00000171238.9	GENCODE	full-splice_match	FALSE	0.2967	ENSMUST00000387802.1	-0.1827	FALSE	FALSE	TRUE	TRUE	0.15642023466974525	TRUE	FALSE	0.14862629731081073	0.9741170415936116	FALSE
C	3	Pvr	ENSMUSG00000040511.16	ENSMUST00000043517.8	GENCODE	full-splice_match	FALSE	-0.296	ENSMUST00000159261.2	0.2787	FALSE	TRUE	TRUE	TRUE	0.008930495838239239	FALSE	FALSE	-1.2579645836272928	0.726453561171298	FALSE
C	3	Sgsm2	ENSMUSG00000038351.16	ENSMUST00000057631.13	GENCODE	full-splice_match	FALSE	-0.2956	ENSMUST00000081799.7	0.1295	FALSE	TRUE	TRUE	TRUE	0	FALSE	FALSE	0.6620539055061776	0.5548753625228999	FALSE
C	3	Uxt	ENSMUSG00000001134.11	ENSMUST00000123836.3	GENCODE	full-splice_match	FALSE	0.2955	ESPRESSO:chrX:268:9	-0.1436	FALSE	TRUE	TRUE	TRUE	0.042203065134099625	FALSE	FALSE	0.6902998103649848	0.7027162003185177	FALSE
C	3	Zfp579	ENSMUSG00000051550.12	ENSMUST00000108572.2	GENCODE	full-splice_match	FALSE	-0.2849	ENSMUST00000162731.2	0.2272	FALSE	FALSE	TRUE	TRUE	-0.22507098921884855	TRUE	FALSE	0.02843772929437947	0.9931331674321768	FALSE
C	3	Marveld2	ENSMUSG00000021636.18	ENSMUST00000225754.3	GENCODE	full-splice_match	FALSE	-0.2794	ENSMUST00000022137.15	0.2724	FALSE	FALSE	TRUE	TRUE	-0.10212337092149604	TRUE	FALSE	0.37358927231124217	0.9326916094134964	FALSE
C	3	Rps13	ENSMUSG00000090862.5	ENSMUST00000170953.3	GENCODE	full-splice_match	FALSE	0.276	ENSMUST00000384564.1	-0.06383	FALSE	TRUE	TRUE	TRUE	0.007727490413944937	FALSE	FALSE	1.2965558748260406	0.164963537421631	FALSE
C	3	Atp5mj	ENSMUSG00000021290.8	ENSMUST00000021719.8	GENCODE	full-splice_match	FALSE	0.2692	ENSMUST00000223435.2	-0.1998	FALSE	TRUE	TRUE	TRUE	0.04001404501835493	FALSE	FALSE	1.7047711495876945	0.02836512722220898	TRUE
C	3	Rps12	ENSMUSG00000061983.8	ENSMUST00000218107.2	GENCODE	full-splice_match	FALSE	0.2627	ENSMUST00000219783.2	-0.1528	FALSE	TRUE	TRUE	NA	0.005084970029346714	FALSE	TRUE	0.8277037118692939	0.6128639592376479	FALSE
C	3	Hint2	ENSMUSG00000028470.12	ENSMUST00000030192.6	GENCODE	full-splice_match	FALSE	0.2602	ENSMUST00000155985.2	-0.07678	FALSE	TRUE	TRUE	NA	0.13175852288032797	TRUE	FALSE	0.8568157713194751	0.5690422753295746	FALSE
C	3	Fndc3b	ENSMUSG00000039286.14	ENSMUST00000403682.1	GENCODE	full-splice_match	FALSE	0.2567	ENSMUST00000046157.11	-0.3654	FALSE	FALSE	TRUE	TRUE	0.08456400232480321	TRUE	FALSE	0.07670445904005016	0.9748298670206182	FALSE
C	3	Lin9	ENSMUSG00000058729.15	ENSMUST00000192561.7	GENCODE	full-splice_match	FALSE	-0.2559	ENSMUST00000191744.6	0.348	FALSE	FALSE	TRUE	TRUE	-0.18219489745711087	TRUE	FALSE	-0.8933047568471063	0.7109417553526801	FALSE
C	3	Arglu1	ENSMUSG00000040459.13	ENSMUST00000208252.2	GENCODE	full-splice_match	TRUE	-0.25	ENSMUST00000048545.11	0.1895	FALSE	FALSE	TRUE	NA	-0.21942994798614146	TRUE	TRUE	-0.96858312723499	0.24021386193804584	FALSE
C	3	S100a13	ENSMUSG00000042312.13	ENSMUST00000508924.1	GENCODE	full-splice_match	FALSE	-0.2453	ENSMUST00000575085.1	0.2363	FALSE	TRUE	FALSE	TRUE	-0.05017669587576881	TRUE	FALSE	1.2455881066507533	0.40981120270159194	FALSE
C	3	Dcun1d2	ENSMUSG00000038506.15	ENSMUST00000110840.9	GENCODE	full-splice_match	FALSE	0.2418	ENSMUST00000045366.11	-0.1557	TRUE	TRUE	TRUE	NA	-0.03686117041014489	FALSE	FALSE	-0.10661070291586922	0.9682557091671306	FALSE
C	3	Sos2	ENSMUSG00000034801.15	ENSMUST00000462599.1	GENCODE	full-splice_match	FALSE	0.2367	ENSMUST00000183277.9	-0.2018	FALSE	TRUE	TRUE	NA	0.11153972772794019	TRUE	FALSE	0.2740434955006498	0.863875591000879	FALSE
C	3	Atp5f1e	ENSMUSG00000016252.9	ENSMUST00000016396.9	GENCODE	full-splice_match	NA	0.233	ENSMUST00000149191.2	-0.233	FALSE	TRUE	TRUE	FALSE	0.031562020341864616	FALSE	TRUE	1.6362319190934418	0.03739181776937257	TRUE
C	3	Slc25a42	ENSMUSG00000002346.19	ENSMUST00000110127.9	GENCODE	full-splice_match	FALSE	-0.2266	ENSMUST00000134596.2	0.1192	FALSE	TRUE	TRUE	NA	-0.26223920389869093	TRUE	FALSE	-1.0112275506831083	0.4696843838064525	FALSE
C	3	Il1rap	ENSMUSG00000022514.16	ENSMUST00000174202.9	GENCODE	full-splice_match	FALSE	0.2263	ENSMUST00000023156.14	-0.2022	FALSE	TRUE	TRUE	TRUE	0.010278133709543794	FALSE	FALSE	-1.4126039066957998	0.30451334936348207	FALSE
C	3	Cbx3	ENSMUSG00000029836.17	ENSMUST00000153699.2	GENCODE	full-splice_match	NA	0.2259	ENSMUST00000203404.2	-0.1352	TRUE	TRUE	TRUE	FALSE	2.2154394174961258e-4	FALSE	FALSE	0.6874281825725753	0.3722926111295833	FALSE
C	3	Rab12	ENSMUSG00000023460.16	ENSMUST00000070538.13	GENCODE	full-splice_match	FALSE	0.2243	ESPRESSO:chr17:1336:1	-0.135	FALSE	TRUE	TRUE	TRUE	-0.030447096235092563	FALSE	FALSE	0.42777979655708925	0.8439061644673073	FALSE
C	3	Dgkq	ENSMUSG00000004815.14	ENSMUST00000053913.14	GENCODE	full-splice_match	FALSE	-0.2211	ENSMUST00000501522.1	0.1347	FALSE	TRUE	TRUE	NA	-0.061839404622013316	TRUE	FALSE	-0.33595843042639273	0.8176060342246907	FALSE
C	3	Snhg20	ENSMUSG00000086859.7	ENSMUST00000182811.4	GENCODE	full-splice_match	NA	-0.221	ENSMUST00000149822.5	0.2129	FALSE	TRUE	TRUE	NA	-0.1209716555993488	TRUE	FALSE	0.8333463245784322	0.5495971767161596	FALSE
C	3	Ppp2cb	ENSMUSG00000009630.12	ENSMUST00000009774.12	GENCODE	full-splice_match	FALSE	-0.2207	ESPRESSO:chr8:436:2	0.2207	FALSE	TRUE	TRUE	TRUE	0.04362403544979643	FALSE	FALSE	-2.2272598325396733	0.06988833520134291	FALSE
C	3	Phf14	ENSMUSG00000029629.19	ESPRESSO:chr6:102:14	novel	novel_in_catalog	FALSE	-0.2202	ESPRESSO:chr6:102:6	0.1555	FALSE	TRUE	TRUE	TRUE	0.013510814409145476	FALSE	FALSE	-0.09265119941592528	0.9517145584497472	FALSE
C	3	Pcm1	ENSMUSG00000031592.12	ENSMUST00000045218.10	GENCODE	full-splice_match	FALSE	-0.2181	ENSMUST00000211247.3	0.08202	FALSE	TRUE	TRUE	NA	-0.16676609788148622	TRUE	FALSE	-0.04647824076243891	0.9741170415936116	FALSE
C	3	1810073O08Rik	ENSMUSG00000117442.3	ENSMUST00000234364.3	GENCODE	full-splice_match	NA	0.2161	ESPRESSO:chr17:1532:7	-0.1185	FALSE	TRUE	TRUE	TRUE	0.03270278076670613	FALSE	FALSE	-0.01147646985164824	0.9970761413245012	FALSE
C	3	Fastkd1	ENSMUSG00000027086.18	ENSMUST00000073152.14	GENCODE	full-splice_match	FALSE	-0.2095	ENSMUST00000140776.2	0.2092	FALSE	TRUE	TRUE	TRUE	0.11378174726183155	FALSE	FALSE	-1.0109254638291776	0.5548753625228999	FALSE
C	3	Bcl9	ENSMUSG00000038256.17	ESPRESSO:chr3:1243:5	novel	novel_in_catalog	FALSE	-0.2073	ENSMUST00000046521.15	0.1082	FALSE	FALSE	TRUE	TRUE	-0.1669459183511246	TRUE	FALSE	0.20406275522518913	0.9201156332110032	FALSE
C	3	Cdv3	ENSMUSG00000032803.17	ENSMUST00000035484.11	GENCODE	full-splice_match	FALSE	0.2067	ENSMUST00000190127.2	-0.1671	FALSE	TRUE	TRUE	TRUE	0.0032457250374400004	FALSE	FALSE	0.4316248578437003	0.8293667139283545	FALSE
C	3	Rpl22	ENSMUSG00000028936.17	ENSMUST00000103191.12	GENCODE	full-splice_match	FALSE	0.2021	ENSMUST00000139685.9	-0.1903	FALSE	TRUE	TRUE	TRUE	0	FALSE	FALSE	0.1066207721983857	0.9315921286364522	FALSE
C	3	Rpp21	ENSMUSG00000024446.15	ENSMUST00000025319.8	GENCODE	full-splice_match	FALSE	0.1991	ESPRESSO:chr17:771:2	-0.1187	FALSE	TRUE	TRUE	NA	0.08074308136131808	TRUE	FALSE	1.0803284870214542	0.21260374199267665	FALSE
C	3	Zfas1	ENSMUSG00000074578.17	ENSMUST00000247522.2	GENCODE	full-splice_match	NA	-0.1945	ENSMUST00000189909.9	0.1487	FALSE	TRUE	TRUE	NA	-0.08101377647929753	TRUE	FALSE	-0.7118348919217183	0.6058770834064511	FALSE
C	3	Cops7a	ENSMUSG00000030127.17	ENSMUST00000112439.10	GENCODE	full-splice_match	FALSE	0.1912	ENSMUST00000577516.1	-0.168	TRUE	TRUE	TRUE	NA	-0.005607602640852645	FALSE	FALSE	-0.49070143599853205	0.6378898655085247	FALSE
C	3	Atp5pf	ENSMUSG00000022890.15	ENSMUST00000411871.1	GENCODE	full-splice_match	FALSE	0.1896	ENSMUST00000023608.15	-0.09983	TRUE	TRUE	TRUE	NA	0	FALSE	FALSE	1.1294862095425648	0.0613743587896079	FALSE
C	3	Dpy19l1	ENSMUSG00000043067.17	ENSMUST00000170356.3	GENCODE	full-splice_match	FALSE	-0.1881	ENSMUST00000142064.9	0.1748	FALSE	TRUE	TRUE	TRUE	0.10187731002284717	FALSE	FALSE	-0.8686496659958313	0.4187695419800326	FALSE
C	3	Eef2kmt	ENSMUSG00000022544.16	ENSMUST00000064635.13	GENCODE	full-splice_match	FALSE	-0.188	ENSMUST00000139584.2	0.1503	FALSE	TRUE	TRUE	TRUE	0.10941199613096524	FALSE	FALSE	-0.5889616546477533	0.5410707482649109	FALSE
C	3	Rpl34	ENSMUSG00000062006.14	ENSMUST00000079085.12	GENCODE	full-splice_match	FALSE	0.1879	ENSMUST00000062601.15	-0.1381	FALSE	TRUE	TRUE	TRUE	-0.0608960877623716	FALSE	FALSE	1.7408050229664431	0.02513329275159671	TRUE
C	3	Ndufa6	ENSMUSG00000022450.8	ENSMUST00000230589.2	GENCODE	full-splice_match	FALSE	-0.184	ENSMUST00000023085.7	0.2152	FALSE	TRUE	TRUE	TRUE	-7.677961624993354e-4	FALSE	FALSE	1.33438342371827	0.06243104323637567	FALSE
C	3	Atp5pd	ENSMUSG00000034566.12	ENSMUST00000043931.10	GENCODE	full-splice_match	FALSE	0.1805	ENSMUST00000137563.8	-0.1168	FALSE	TRUE	TRUE	TRUE	0.0408183173302894	FALSE	FALSE	0.7590720144642883	0.22412106444975471	FALSE
C	3	Slc7a7	ENSMUSG00000000958.12	ENSMUST00000439777.1	GENCODE	full-splice_match	FALSE	0.1796	ENSMUST00000195970.6	-0.0438	FALSE	TRUE	TRUE	TRUE	0	FALSE	FALSE	-0.4258947535094118	0.8073567026171939	FALSE
C	3	Ndufa11	ENSMUSG00000002379.9	ENSMUST00000002452.9	GENCODE	full-splice_match	FALSE	0.1777	ENSMUST00000233233.3	-0.1083	FALSE	TRUE	TRUE	TRUE	-0.03644808965690005	FALSE	FALSE	1.3803137668097187	0.14211495483830203	FALSE
C	3	Fbrsl1	ENSMUSG00000043323.19	ENSMUST00000200293.2	GENCODE	full-splice_match	FALSE	0.1775	ENSMUST00000198768.4	-0.1295	FALSE	FALSE	TRUE	NA	0.053438903405937155	TRUE	TRUE	0.2262928622882934	0.913374696375456	FALSE
C	3	St3gal3	ENSMUSG00000028538.14	ENSMUST00000030263.10	GENCODE	full-splice_match	FALSE	0.175	ENSMUST00000106410.9	-0.1675	FALSE	TRUE	TRUE	TRUE	0.022028734181565035	FALSE	FALSE	-0.01585230524604725	0.995760268197854	FALSE
C	3	Zfp438	ENSMUSG00000050945.10	ENSMUST00000234241.3	GENCODE	full-splice_match	FALSE	0.1746	ENSMUST00000063989.8	-0.1348	FALSE	TRUE	TRUE	TRUE	-0.08698286791348592	FALSE	FALSE	-0.3846240842237437	0.7878706746065406	FALSE
C	3	Cchcr1	ENSMUSG00000040312.16	ENSMUST00000164242.10	GENCODE	full-splice_match	FALSE	-0.1745	ESPRESSO:chr17:728:10	0.076550000000000007	FALSE	TRUE	TRUE	TRUE	-0.030442605062240224	FALSE	FALSE	-0.01116397162919816	0.9959250234577408	FALSE
C	3	Nsd3	ENSMUSG00000054823.19	ENSMUST00000136107.10	GENCODE	full-splice_match	FALSE	-0.1714	ENSMUST00000146919.9	0.05283	FALSE	TRUE	TRUE	TRUE	0	FALSE	FALSE	-0.4900819347319534	0.7410897981169566	FALSE
C	3	Ndufab1	ENSMUSG00000030869.13	ENSMUST00000123296.9	GENCODE	full-splice_match	FALSE	0.1713	ENSMUST00000033157.11	-0.08004	FALSE	TRUE	TRUE	TRUE	0.011236234314960084	FALSE	FALSE	0.511831237541308	0.3207199259880263	FALSE
C	3	Wfs1	ENSMUSG00000039474.15	ENSMUST00000043964.13	GENCODE	full-splice_match	FALSE	-0.1712	ENSMUST00000419902.1	0.1896	FALSE	FALSE	TRUE	TRUE	-0.1076184411228581	TRUE	FALSE	0.2635726413026523	0.9323866483560684	FALSE
C	3	Crebzf	ENSMUSG00000051451.8	ENSMUST00000143408.3	GENCODE	full-splice_match	TRUE	-0.1699	ENSMUST00000207252.2	0.2407	FALSE	TRUE	TRUE	TRUE	-0.0101927345190298	FALSE	FALSE	-0.8125101769414699	0.4506009288936405	FALSE
C	3	Zbtb1	ENSMUSG00000033454.8	ENSMUST00000042779.4	GENCODE	full-splice_match	FALSE	-0.1671	ESPRESSO:chr12:924:5	0.1538	FALSE	TRUE	TRUE	TRUE	-0.030881264344493037	FALSE	FALSE	-0.4432478431792541	0.9136587804799592	FALSE
C	3	Agk	ENSMUSG00000029916.13	ENSMUST00000202949.2	GENCODE	full-splice_match	FALSE	0.1663	ENSMUST00000031977.13	-0.2544	FALSE	TRUE	TRUE	TRUE	-0.014728849423270067	FALSE	FALSE	-2.0435143617596476	0.15261390241742093	FALSE
C	3	Xpr1	ENSMUSG00000026469.16	ENSMUST00000027741.13	GENCODE	full-splice_match	FALSE	-0.1651	ENSMUST00000111774.3	0.1267	FALSE	TRUE	TRUE	TRUE	-0.016044775756394514	FALSE	FALSE	0.01099580994653924	0.996274442660582	FALSE
C	3	Camk2g	ENSMUSG00000021820.20	ENSMUST00000080440.15	GENCODE	full-splice_match	FALSE	-0.1637	ENSMUST00000100837.12	0.1501	FALSE	FALSE	TRUE	TRUE	-0.0720639132908808	TRUE	FALSE	0.04356597357105669	0.980377074496227	FALSE
C	3	Tchp	ENSMUSG00000002486.17	ENSMUST00000094441.12	GENCODE	full-splice_match	FALSE	-0.1628	ESPRESSO:chr5:1407:10	0.06143	FALSE	TRUE	TRUE	TRUE	-0.011663363799779385	FALSE	FALSE	0.16735653781909943	0.929008839027585	FALSE
C	3	Ap1s2	ENSMUSG00000031367.17	ENSMUST00000033734.15	GENCODE	full-splice_match	FALSE	0.1617	ENSMUST00000569030.1	-0.09786	FALSE	TRUE	TRUE	TRUE	-0.01041957671957672	FALSE	FALSE	-0.42079629868794105	0.908898645697767	FALSE
C	3	Kdm2a	ENSMUSG00000054611.19	ENSMUST00000430540.1	GENCODE	full-splice_match	FALSE	0.1601	ENSMUST00000047898.14	-0.2419	FALSE	TRUE	TRUE	NA	0.13564266410349074	TRUE	FALSE	0.4420580528022927	0.6142490565347524	FALSE
C	3	Espl1	ENSMUSG00000058290.6	ENSMUST00000064924.7	GENCODE	full-splice_match	FALSE	-0.1599	ENSMUST00000229050.3	0.118	FALSE	TRUE	TRUE	TRUE	0.012346848975075986	FALSE	FALSE	0.17480426629060047	0.9201156332110032	FALSE
C	3	Ccdc191	ENSMUSG00000022701.20	ESPRESSO:chr16:597:2	novel	novel_not_in_catalog	FALSE	-0.1594	ENSMUST00000178400.9	0.3335	FALSE	TRUE	FALSE	TRUE	-0.09045161021535253	TRUE	FALSE	-0.16008156678392113	0.9326916094134964	FALSE
C	3	Chchd1	ENSMUSG00000063787.6	ENSMUST00000224132.2	GENCODE	full-splice_match	NA	-0.1585	ENSMUST00000071215.5	0.171	FALSE	TRUE	TRUE	TRUE	5.671207744015281e-5	FALSE	FALSE	0.6499595071588412	0.5036475925410479	FALSE
C	3	Hook1	ENSMUSG00000028572.15	ENSMUST00000125627.8	GENCODE	full-splice_match	FALSE	0.1574	ENSMUST00000030306.15	-0.15	FALSE	TRUE	TRUE	TRUE	-0.009704313762821881	FALSE	FALSE	0.07757238278700042	0.9748298670206182	FALSE
C	3	Jade1	ENSMUSG00000025764.16	ENSMUST00000168086.8	GENCODE	full-splice_match	FALSE	-0.1567	ENSMUST00000163764.9	0.1501	FALSE	TRUE	TRUE	TRUE	0.014393171836683982	FALSE	FALSE	0.29543982183562434	0.7741789827301241	FALSE
C	3	Bltp1	ENSMUSG00000037270.20	ESPRESSO:chr3:325:10	novel	novel_in_catalog	FALSE	-0.1563	ESPRESSO:chr3:325:2	0.004699	FALSE	FALSE	TRUE	NA	-0.08918331628825282	TRUE	TRUE	0.07161074154898713	0.9682557091671306	FALSE
C	3	Atrx	ENSMUSG00000031229.18	ESPRESSO:chrX:1412:82	novel	novel_in_catalog	FALSE	0.1557	ESPRESSO:chrX:1412:85	-0.1394	TRUE	TRUE	TRUE	NA	-0.009407662275851991	FALSE	FALSE	0.14061767458379532	0.8783409136621808	FALSE
C	3	Ttll4	ENSMUSG00000033257.16	ENSMUST00000449258.1	GENCODE	full-splice_match	FALSE	0.1557	ENSMUST00000042125.16	-0.08113	FALSE	TRUE	TRUE	NA	0.09511795942285527	TRUE	FALSE	-0.15105928149100378	0.942682747591764	FALSE
C	3	Xaf1	ENSMUSG00000040483.17	ENSMUST00000146233.9	GENCODE	full-splice_match	FALSE	-0.1552	ENSMUST00000140842.10	0.217	FALSE	FALSE	TRUE	TRUE	-0.08301789389043329	TRUE	FALSE	-0.8968305173015959	0.7499085367513838	FALSE
C	3	Acrbp	ENSMUSG00000072770.10	ESPRESSO:chr6:1838:34	novel	novel_in_catalog	TRUE	-0.1543	ESPRESSO:chr6:1838:39	0.07949	FALSE	TRUE	TRUE	NA	-0.05852049253028468	TRUE	FALSE	0.15293679334745702	0.9634910196227248	FALSE
C	3	Ndufb2	ENSMUSG00000002416.15	ENSMUST00000135671.9	GENCODE	full-splice_match	NA	0.1541	ENSMUST00000489725.1	-0.0915	FALSE	FALSE	TRUE	TRUE	0.024283330092224387	FALSE	TRUE	1.4591278839803004	0.03235063795916464	TRUE
C	3	C2cd5	ENSMUSG00000030279.17	ENSMUST00000171349.9	GENCODE	full-splice_match	FALSE	0.1527	ENSMUST00000426471.1	-0.08271	FALSE	TRUE	TRUE	TRUE	-0.04001381091570003	FALSE	FALSE	-0.8627517779812431	0.7635729964145824	FALSE
C	3	Arid1b	ENSMUSG00000069729.15	ESPRESSO:chr17:23:10	novel	novel_not_in_catalog	FALSE	0.1526	ENSMUST00000115797.10	-0.08883	TRUE	TRUE	TRUE	FALSE	-0.0053579359771854795	FALSE	FALSE	-0.39980905453923576	0.8305117472139495	FALSE
C	3	Eps15l1	ENSMUSG00000006276.13	ENSMUST00000212590.4	GENCODE	full-splice_match	FALSE	0.1523	ENSMUST00000163643.4	-0.05744	FALSE	TRUE	TRUE	TRUE	6.346617499501384e-4	FALSE	FALSE	-0.5566193254485646	0.7664226017214184	FALSE
C	3	Atp13a3	ENSMUSG00000022533.16	ENSMUST00000100013.10	GENCODE	full-splice_match	FALSE	-0.1521	ENSMUST00000061350.14	0.1519	FALSE	TRUE	TRUE	NA	-0.21449080231488468	TRUE	FALSE	-0.36246734403962105	0.861672231883351	FALSE
C	3	Phactr2	ENSMUSG00000062866.18	ESPRESSO:chr10:100:6	novel	novel_in_catalog	FALSE	0.152	ESPRESSO:chr10:100:9	-0.09887	FALSE	TRUE	TRUE	TRUE	-0.019639429726566657	FALSE	FALSE	-0.05494931107217781	0.9800523366917374	FALSE
C	3	Slc7a8	ENSMUSG00000022180.9	ENSMUST00000022787.9	GENCODE	full-splice_match	FALSE	-0.1511	ESPRESSO:chr14:965:1	0.07822	FALSE	TRUE	TRUE	TRUE	0.09685651738422324	FALSE	FALSE	0.31456373698409945	0.929008839027585	FALSE
C	3	Hspe1	ENSMUSG00000073676.6	ENSMUST00000075242.7	GENCODE	full-splice_match	FALSE	0.1509	ENSMUST00000134628.2	-0.1092	FALSE	TRUE	TRUE	FALSE	0.07048328949596983	TRUE	FALSE	1.1447390766136434	0.04897280293312311	TRUE
C	3	Gm44597	ENSMUSG00000108037.3	ESPRESSO:chr6:1838:34	novel	novel_in_catalog	TRUE	-0.1491	ESPRESSO:chr6:1838:39	0.08304	FALSE	TRUE	TRUE	NA	-0.05852049253028468	TRUE	FALSE	-0.1720044632424821	0.9123144083285212	FALSE
C	3	Sdhaf3	ENSMUSG00000042505.8	ENSMUST00000040826.7	GENCODE	full-splice_match	FALSE	0.1488	ENSMUST00000511432.1	-0.07616	FALSE	TRUE	TRUE	TRUE	0.006407896606664187	FALSE	FALSE	-0.12138709486111234	0.9537433244374288	FALSE
C	3	Stau2	ENSMUSG00000025920.21	ENSMUST00000128957.9	GENCODE	full-splice_match	FALSE	-0.1458	ENSMUST00000162007.9	0.09726	FALSE	TRUE	TRUE	NA	-0.051482499989108796	TRUE	FALSE	-0.07949062512793036	0.9741170415936116	FALSE
C	3	Rragb	ENSMUSG00000041658.14	ENSMUST00000039720.12	GENCODE	full-splice_match	FALSE	-0.1456	ENSMUST00000402941.1	0.0949	FALSE	TRUE	FALSE	NA	-0.22217296567447925	TRUE	TRUE	-0.01344422482329676	0.9949308490851988	FALSE
C	3	Ythdf3	ENSMUSG00000047213.16	ENSMUST00000108345.10	GENCODE	full-splice_match	FALSE	0.1456	ENSMUST00000108346.6	-0.1351	FALSE	FALSE	TRUE	NA	0.14662078986085147	TRUE	TRUE	0.01576309949272021	0.9931331674321768	FALSE
C	3	Slc35b3	ENSMUSG00000021432.17	ENSMUST00000225432.3	GENCODE	full-splice_match	FALSE	-0.145	ESPRESSO:chr13:623:11	0.05038	FALSE	TRUE	TRUE	TRUE	0.005032863849765258	FALSE	FALSE	-0.6809597193036718	0.3036937828030541	FALSE
C	3	Rps14	ENSMUSG00000024608.13	ENSMUST00000025511.12	GENCODE	full-splice_match	FALSE	0.1439	ENSMUST00000122279.3	-0.09955	TRUE	TRUE	TRUE	NA	0.002673251540449395	FALSE	FALSE	1.691863919825812	0.03235063795916464	TRUE
C	3	Ndufaf8	ENSMUSG00000078572.5	ENSMUST00000106223.5	GENCODE	full-splice_match	FALSE	0.1428	ENSMUST00000186913.2	-0.1467	FALSE	TRUE	TRUE	TRUE	0.03766118757573511	FALSE	FALSE	0.8843576468899208	0.4547003220574683	FALSE
C	3	Slc36a4	ENSMUSG00000043885.16	ENSMUST00000061568.10	GENCODE	full-splice_match	FALSE	0.1413	ENSMUST00000383427.1	-0.07422	FALSE	TRUE	TRUE	NA	0.07496787927964216	TRUE	FALSE	-0.2736166305524737	0.9207397086995482	FALSE
C	3	Myo18a	ENSMUSG00000000631.22	ENSMUST00000100794.11	GENCODE	full-splice_match	FALSE	-0.14	ESPRESSO:chr11:1182:7	0.1483	FALSE	TRUE	TRUE	NA	-0.08220821376725737	TRUE	FALSE	0.06711299174946071	0.9741170415936116	FALSE
C	3	Zfp953	ENSMUSG00000098905.4	ENSMUST00000081582.9	GENCODE	full-splice_match	FALSE	-0.1383	ESPRESSO:chr13:1124:3	0.1383	FALSE	TRUE	TRUE	TRUE	0	FALSE	FALSE	-0.36266409960587753	0.9048566577830878	FALSE
C	3	Zfp217	ENSMUSG00000052056.16	ENSMUST00000063710.13	GENCODE	full-splice_match	FALSE	0.1374	ESPRESSO:chr2:2484:5	-0.1706	FALSE	FALSE	TRUE	TRUE	0.11778256578294055	TRUE	FALSE	0.28728628969371334	0.8409731295191649	FALSE
C	3	Gm12940	ENSMUSG00000085334.8	ESPRESSO:chr4:1605:13	novel	fusion	TRUE	-0.137	ESPRESSO:chr4:1605:36	0.09804	FALSE	FALSE	TRUE	NA	-0.1027995339893179	TRUE	TRUE	-0.18536672316961805	0.9457437705193664	FALSE
C	3	Trdmt1	ENSMUSG00000026723.12	ENSMUST00000124488.8	GENCODE	full-splice_match	FALSE	-0.1352	ESPRESSO:chr2:114:3	0.09437	FALSE	TRUE	TRUE	TRUE	-0.0034535690353920123	FALSE	FALSE	-0.8714910474485721	0.5410707482649109	FALSE
C	3	Zkscan5	ENSMUSG00000055991.17	ENSMUST00000085671.11	GENCODE	full-splice_match	FALSE	-0.1334	ENSMUST00000031601.9	0.05828	FALSE	FALSE	TRUE	TRUE	-0.3556859622215499	TRUE	FALSE	0.04676727754810049	0.9776916549909992	FALSE
C	3	Rps17	ENSMUSG00000061787.17	ENSMUST00000138936.2	GENCODE	full-splice_match	NA	-0.1334	ENSMUST00000080813.6	0.1794	TRUE	TRUE	TRUE	NA	0.0018588575586694568	FALSE	FALSE	1.7803152347255915	0.02191570083769201	TRUE
C	3	Tmem65	ENSMUSG00000062373.10	ENSMUST00000072113.7	GENCODE	full-splice_match	FALSE	0.1334	ENSMUST00000226578.2	-0.08455	FALSE	TRUE	TRUE	TRUE	0.04639723979290189	FALSE	FALSE	0.1491580073721081	0.9590113641742792	FALSE
C	3	Dapk1	ENSMUSG00000021559.16	ENSMUST00000226059.3	GENCODE	full-splice_match	FALSE	0.1333	ENSMUST00000077453.14	-0.1119	FALSE	FALSE	TRUE	TRUE	0.05774173509208047	TRUE	FALSE	0.10608620826500184	0.9610379806633556	FALSE
C	3	Cdk8	ENSMUSG00000029635.17	ENSMUST00000489840.1	GENCODE	full-splice_match	FALSE	0.1327	ESPRESSO:chr5:2026:12	-0.0554	FALSE	TRUE	TRUE	TRUE	0	FALSE	FALSE	-0.16767700185662418	0.9260354800061285	FALSE
C	3	Epg5	ENSMUSG00000039840.10	ENSMUST00000044622.8	GENCODE	full-splice_match	FALSE	-0.1324	ESPRESSO:chr18:914:2	0.09427	FALSE	TRUE	TRUE	TRUE	0.010495442912218711	FALSE	FALSE	0.00787603237342231	0.9985661959069364	FALSE
C	3	Ctla2a	ENSMUSG00000044258.12	ENSMUST00000021880.10	GENCODE	full-splice_match	FALSE	0.1318	ENSMUST00000225856.2	-0.1178	FALSE	FALSE	TRUE	TRUE	0.05972317210051031	TRUE	FALSE	0.6478087141501521	0.6058770834064511	FALSE
C	3	Nin	ENSMUSG00000021068.19	ENSMUST00000428515.1	GENCODE	full-splice_match	FALSE	0.1294	ENSMUST00000095666.14	-0.117	FALSE	TRUE	TRUE	TRUE	-0.01720832648145293	FALSE	FALSE	0.15774179110788092	0.9285584227508604	FALSE
C	3	Dalrd3	ENSMUSG00000019039.16	ENSMUST00000019183.15	GENCODE	full-splice_match	FALSE	-0.1289	ESPRESSO:chr9:1647:33	0.02556	FALSE	TRUE	TRUE	NA	-0.22037559956256564	TRUE	FALSE	-0.29867051639648423	0.7541458039721104	FALSE
C	3	Klhl26	ENSMUSG00000055707.15	ENSMUST00000066597.13	GENCODE	full-splice_match	FALSE	0.1287	ENSMUST00000166976.4	-0.08055	FALSE	TRUE	TRUE	TRUE	-0.22659294662211077	FALSE	FALSE	-0.25580543347699625	0.8372581517180601	FALSE
C	3	Anln	ENSMUSG00000036777.10	ESPRESSO:chr9:271:12	novel	novel_in_catalog	FALSE	-0.1281	ENSMUST00000040912.10	0.074	FALSE	TRUE	TRUE	TRUE	0.057551922373843545	FALSE	FALSE	-0.1381218679178138	0.9741170415936116	FALSE
C	3	Gpcpd1	ENSMUSG00000027346.17	ENSMUST00000149854.8	GENCODE	full-splice_match	FALSE	0.1265	ENSMUST00000060955.13	-0.1633	FALSE	FALSE	TRUE	TRUE	0.08337967179430328	TRUE	FALSE	-0.3123701536586686	0.8123695748118992	FALSE
C	3	Micos10	ENSMUSG00000050608.13	ENSMUST00000143971.3	GENCODE	full-splice_match	NA	0.1265	ESPRESSO:chr4:1934:6	-0.02721	FALSE	TRUE	TRUE	TRUE	0.037199750532420695	FALSE	FALSE	0.9157971795850132	0.1532581818526579	FALSE
C	3	Exoc3l2	ENSMUSG00000011263.19	ENSMUST00000524256.1	GENCODE	full-splice_match	FALSE	0.1254	ENSMUST00000524257.1	-0.1254	FALSE	FALSE	TRUE	TRUE	0.06237379768656803	TRUE	FALSE	0.21359260092264257	0.9399612575486084	FALSE
C	3	Mov10	ENSMUSG00000002227.17	ENSMUST00000168015.9	GENCODE	full-splice_match	FALSE	-0.1247	ENSMUST00000500837.1	0.09905	FALSE	TRUE	TRUE	NA	-0.48051893204076157	TRUE	FALSE	0.21509368457731304	0.904062225847976	FALSE
C	3	Mon2	ENSMUSG00000034602.17	ENSMUST00000037557.10	GENCODE	full-splice_match	FALSE	-0.1247	ENSMUST00000507582.1	0.088	FALSE	TRUE	TRUE	TRUE	-0.021159472788513906	FALSE	FALSE	0.10494921604926868	0.9407796405978126	FALSE
C	3	Mrpl53	ENSMUSG00000030037.11	ESPRESSO:chr6:1222:24	novel	fusion	TRUE	-0.1242	ENSMUST00000113938.5	0.1678	FALSE	TRUE	TRUE	TRUE	0	FALSE	FALSE	0.98251098642815	0.3164063377229929	FALSE
C	3	Zmiz1	ENSMUSG00000007817.17	ENSMUST00000162645.9	GENCODE	full-splice_match	FALSE	0.1238	ENSMUST00000007961.16	-0.09642	FALSE	TRUE	TRUE	TRUE	0.026588036747250632	FALSE	FALSE	0.0704869426292492	0.9741170415936116	FALSE
C	3	Thyn1	ENSMUSG00000035443.12	ENSMUST00000213770.3	GENCODE	full-splice_match	FALSE	0.1236	ENSMUST00000039161.11	-0.08374	FALSE	TRUE	TRUE	TRUE	0.005473612400475836	FALSE	FALSE	0.1723020211452988	0.9207397086995482	FALSE
C	3	Strn3	ENSMUSG00000020954.18	ENSMUST00000169503.5	GENCODE	full-splice_match	FALSE	0.1224	ENSMUST00000218212.2	-0.107	FALSE	FALSE	TRUE	TRUE	0.09834845128265957	TRUE	FALSE	-0.17831047008739168	0.9106015128196532	FALSE
C	3	Vps39	ENSMUSG00000027291.17	ENSMUST00000102501.11	GENCODE	full-splice_match	FALSE	-0.1218	ENSMUST00000028752.9	0.09115	FALSE	TRUE	TRUE	TRUE	0.00774153619184087	FALSE	FALSE	0.2964660629057299	0.7728219799283407	FALSE
C	3	Cenpi	ENSMUSG00000031262.14	ENSMUST00000101251.9	GENCODE	full-splice_match	FALSE	-0.1218	ENSMUST00000081064.13	0.04482	FALSE	TRUE	TRUE	TRUE	0.0463864754753807	FALSE	FALSE	-0.2573891762826382	0.8305117472139495	FALSE
C	3	Ankrd26	ENSMUSG00000007827.12	ENSMUST00000527839.1	GENCODE	full-splice_match	FALSE	0.1198	ENSMUST00000112830.4	-0.1037	FALSE	FALSE	TRUE	NA	0.300397895492295	TRUE	TRUE	0.3853148523112639	0.7996836091143015	FALSE
C	3	Trmt61a	ENSMUSG00000060950.14	ESPRESSO:chr12:1516:3	novel	novel_in_catalog	FALSE	0.1184	ENSMUST00000084947.11	-0.1052	FALSE	TRUE	TRUE	TRUE	-0.3220725818051195	FALSE	FALSE	-0.23896193165573187	0.8088171231746034	FALSE
C	3	Romo1	ENSMUSG00000067847.15	ENSMUST00000109597.11	GENCODE	full-splice_match	NA	0.1184	ENSMUST00000088610.12	-0.1455	FALSE	TRUE	TRUE	TRUE	-0.12252052567513542	FALSE	FALSE	2.580788817704191	0.02513329275159671	TRUE
C	3	Synrg	ENSMUSG00000034940.18	ENSMUST00000492399.1	GENCODE	full-splice_match	FALSE	0.1167	ENSMUST00000492401.1	-0.2107	FALSE	TRUE	FALSE	NA	0.23251572926147895	TRUE	TRUE	-0.10495997425217564	0.9553441940608728	FALSE
C	3	Ifi27	ENSMUSG00000064215.15	ENSMUST00000085065.13	GENCODE	full-splice_match	FALSE	-0.1167	ESPRESSO:chr12:1316:2	0.04344	FALSE	TRUE	TRUE	TRUE	0.03622001908219845	FALSE	FALSE	-0.05722762108508589	0.9741170415936116	FALSE
C	3	Bdp1	ENSMUSG00000049658.15	ESPRESSO:chr13:1515:14	novel	novel_not_in_catalog	FALSE	-0.1153	ENSMUST00000482730.1	0.05371	FALSE	TRUE	TRUE	NA	-0.12178505582780474	TRUE	FALSE	-0.08721335084642756	0.9741170415936116	FALSE
C	3	Eif2s3y	ENSMUSG00000069049.13	ENSMUST00000091197.5	GENCODE	full-splice_match	FALSE	-0.115	ENSMUST00000154556.8	0.08942	FALSE	TRUE	TRUE	TRUE	0.03494604767879548	FALSE	FALSE	-0.2042623954532352	0.984182811594754	FALSE
C	3	Tyw5	ENSMUSG00000048495.18	ENSMUST00000162686.9	GENCODE	full-splice_match	FALSE	-0.1148	ENSMUST00000079998.13	0.04033	FALSE	TRUE	TRUE	TRUE	0.050214460227931315	FALSE	FALSE	-0.2437246212357765	0.8341853980813375	FALSE
C	3	4931406C07Rik	ENSMUSG00000031938.17	ENSMUST00000178977.10	GENCODE	full-splice_match	FALSE	-0.1145	ENSMUST00000466168.1	0.09301	FALSE	FALSE	TRUE	TRUE	-0.08888205375080405	TRUE	FALSE	-0.02051449782586642	0.9919069737030825	FALSE
C	3	Itga6	ENSMUSG00000027111.18	ENSMUST00000028522.11	GENCODE	full-splice_match	FALSE	0.1143	ENSMUST00000523389.1	-0.1235	FALSE	TRUE	TRUE	FALSE	0.07663001282890755	TRUE	FALSE	0.5709657900691336	0.4176982598979877	FALSE
C	3	Rbm15	ENSMUSG00000048109.12	ENSMUST00000061772.12	GENCODE	full-splice_match	FALSE	0.112	ENSMUST00000197769.2	-0.08863	FALSE	TRUE	TRUE	TRUE	-0.06584140295991942	FALSE	FALSE	0.449926781210752	0.7693042566171036	FALSE
C	3	Sfmbt1	ENSMUSG00000006527.18	ENSMUST00000054230.13	GENCODE	full-splice_match	FALSE	0.1117	ENSMUST00000438114.1	-0.109	FALSE	FALSE	TRUE	TRUE	0.12636139274184593	TRUE	FALSE	-0.05568112096601192	0.9741170415936116	FALSE
C	3	Rps18	ENSMUSG00000008668.17	ENSMUST00000008812.9	GENCODE	full-splice_match	FALSE	0.1116	ENSMUST00000174758.8	-0.04252	FALSE	TRUE	TRUE	TRUE	-0.05604972108584616	FALSE	FALSE	1.3566313630212057	0.02513329275159671	TRUE
C	3	Rplp2	ENSMUSG00000025508.15	ENSMUST00000134636.2	GENCODE	full-splice_match	NA	-0.1112	ENSMUST00000084434.12	0.09873	TRUE	TRUE	TRUE	NA	6.672336846824065e-4	FALSE	FALSE	1.9510549161081336	0.02513329275159671	TRUE
C	3	Chka	ENSMUSG00000024843.17	ENSMUST00000072055.14	GENCODE	full-splice_match	FALSE	0.1095	ENSMUST00000025760.13	-0.08	FALSE	TRUE	TRUE	TRUE	0.044976420974561115	FALSE	FALSE	0.20694311936319085	0.906871908616782	FALSE
C	3	Nae1	ENSMUSG00000031878.20	ENSMUST00000034349.11	GENCODE	full-splice_match	FALSE	-0.1095	ENSMUST00000162466.9	0.07942	FALSE	TRUE	TRUE	NA	-0.13786255787037036	TRUE	FALSE	-0.2891660931400497	0.7044438713565908	FALSE
C	3	Cenpa	ENSMUSG00000029177.11	ENSMUST00000133316.8	GENCODE	full-splice_match	FALSE	-0.1086	ENSMUST00000144742.6	0.0507	TRUE	TRUE	TRUE	NA	-0.019990774231831487	FALSE	FALSE	-0.3843108242483722	0.7245393407714261	FALSE
C	3	Ndufb7	ENSMUSG00000033938.7	ENSMUST00000036996.6	GENCODE	full-splice_match	FALSE	0.1074	ENSMUST00000127162.2	-0.08017	FALSE	TRUE	TRUE	TRUE	0.038906597611047644	FALSE	FALSE	1.7210517469616686	0.03235063795916464	TRUE
C	3	Zfp426	ENSMUSG00000059475.15	ENSMUST00000115562.9	GENCODE	full-splice_match	FALSE	0.1067	ESPRESSO:chr9:220:33	-0.07222	FALSE	TRUE	TRUE	NA	0.11305667077266987	TRUE	FALSE	0.41986680896381856	0.7698478053198162	FALSE
C	3	Srgap2	ENSMUSG00000026425.17	ENSMUST00000186543.8	GENCODE	full-splice_match	FALSE	-0.1066	ENSMUST00000450688.1	0.04704	FALSE	TRUE	TRUE	TRUE	-0.020891942398011537	FALSE	FALSE	-0.2928362611558336	0.8305117472139495	FALSE
C	3	5730480H06Rik	ENSMUSG00000029089.10	ENSMUST00000200566.5	GENCODE	full-splice_match	TRUE	0.1063	ESPRESSO:chr5:511:16	-0.06287	FALSE	TRUE	TRUE	TRUE	-0.015327108207756693	FALSE	FALSE	-0.14101627341931924	0.9206001945984004	FALSE
C	3	Prorsd1	ENSMUSG00000032673.7	ENSMUST00000133103.3	GENCODE	full-splice_match	FALSE	-0.1046	ENSMUST00000039900.5	0.1118	FALSE	TRUE	TRUE	TRUE	-0.024741334396490913	FALSE	FALSE	-0.3952666827928146	0.7523992121913691	FALSE
C	3	Prxl2a	ENSMUSG00000021792.17	ENSMUST00000022317.16	GENCODE	full-splice_match	FALSE	0.1045	ENSMUST00000118466.9	-0.1032	FALSE	TRUE	TRUE	TRUE	-0.01149716963379216	FALSE	FALSE	-0.211421800905523	0.9198664685694016	FALSE
C	3	Psma8	ENSMUSG00000036743.6	ENSMUST00000040860.4	GENCODE	full-splice_match	FALSE	0.1039	ENSMUST00000234680.3	-0.08339	FALSE	TRUE	TRUE	TRUE	0.0400852228300036	FALSE	FALSE	-0.6164717765415574	0.5683726104180195	FALSE
C	3	Zfp959	ENSMUSG00000003198.12	ENSMUST00000224379.2	GENCODE	full-splice_match	FALSE	0.1029	ENSMUST00000432445.1	-0.06521	FALSE	TRUE	TRUE	TRUE	-0.009627809758865756	FALSE	FALSE	-0.4329262594817875	0.8404290061517238	FALSE
C	3	Med15	ENSMUSG00000012114.19	ENSMUST00000012259.10	GENCODE	full-splice_match	FALSE	-0.1023	ENSMUST00000080936.15	0.02861	FALSE	TRUE	TRUE	TRUE	0	FALSE	FALSE	-0.2102323045838864	0.8560254219252563	FALSE
C	3	Mrpl15	ENSMUSG00000033845.15	ENSMUST00000130201.9	GENCODE	full-splice_match	FALSE	0.1023	ENSMUST00000156816.7	-0.09475	FALSE	TRUE	TRUE	TRUE	0.02458123100698502	FALSE	FALSE	3.858742369915686e-4	0.9994688140747026	FALSE
C	3	Rnf20	ENSMUSG00000028309.16	ENSMUST00000167496.9	GENCODE	full-splice_match	FALSE	0.102	ENSMUST00000029989.12	-0.07265	FALSE	FALSE	TRUE	TRUE	0.12043460126419654	TRUE	FALSE	0.3378248530378979	0.6514428967080359	FALSE
C	3	Bbs9	ENSMUSG00000035919.18	ENSMUST00000039798.17	GENCODE	full-splice_match	FALSE	0.1015	ENSMUST00000150395.9	-0.02693	FALSE	TRUE	TRUE	NA	0.10881465220692982	TRUE	FALSE	0.10557604569401362	0.9410674739545598	FALSE
C	2	Ifit1bl1	ENSMUSG00000079339.8	ENSMUST00000112467.2	GENCODE	full-splice_match	FALSE	-0.6944	ENSMUST00000168254.3	0.6944	FALSE	TRUE	FALSE	TRUE	0.2068333333333333	FALSE	FALSE	NA	NA	FALSE
C	2	Gm53692	ENSMUSG00000120024.2	ENSMUST00000241065.2	GENCODE	full-splice_match	NA	-0.6869	ENSMUST00000246004.1	0.5444	FALSE	TRUE	FALSE	NA	-0.24901551718814063	TRUE	FALSE	NA	NA	FALSE
C	2	Carmil1	ENSMUSG00000021338.19	ESPRESSO:chr13:416:1	novel	novel_in_catalog	FALSE	-0.6444	ESPRESSO:chr13:416:0	0.6444	FALSE	TRUE	FALSE	TRUE	0.028882629107981218	FALSE	FALSE	NA	NA	FALSE
C	2	Cabyr	ENSMUSG00000024430.16	ENSMUST00000080415.11	GENCODE	full-splice_match	TRUE	-0.5583	ENSMUST00000426677.1	0.5167	FALSE	TRUE	FALSE	NA	-0.27416004784688985	TRUE	FALSE	NA	NA	FALSE
C	2	Cd59b	ENSMUSG00000068686.15	ENSMUST00000129749.9	GENCODE	full-splice_match	FALSE	0.4556	ESPRESSO:chr2:1481:34	-0.4389	FALSE	TRUE	FALSE	TRUE	-0.2829128046406502	FALSE	FALSE	NA	NA	FALSE
C	2	Relch	ENSMUSG00000026319.15	ENSMUST00000086721.11	GENCODE	full-splice_match	FALSE	-0.4433	ESPRESSO:chr1:1239:12	0.1983	FALSE	TRUE	TRUE	NA	0.03528721152672465	FALSE	FALSE	-0.743554627867521	0.5410707482649109	FALSE
C	2	Dnhd1	ENSMUSG00000030882.21	ESPRESSO:chr7:2370:4	novel	novel_not_in_catalog	FALSE	-0.4272	ESPRESSO:chr7:2370:3	0.2029	FALSE	TRUE	FALSE	NA	-0.05870120975872048	TRUE	FALSE	NA	NA	FALSE
C	2	Gm45799	ENSMUSG00000110234.3	ESPRESSO:chr7:2370:4	novel	novel_not_in_catalog	FALSE	-0.4043	ENSMUST00000142363.8	0.08258	FALSE	TRUE	FALSE	NA	-0.05870120975872048	TRUE	FALSE	NA	NA	FALSE
C	2	Gm5134	ENSMUSG00000033255.11	ENSMUST00000249883.2	GENCODE	full-splice_match	FALSE	-0.3944	ESPRESSO:chr10:828:1	0.4667	FALSE	TRUE	FALSE	TRUE	-0.03759203980099502	FALSE	FALSE	NA	NA	FALSE
C	2	4930549G23Rik	ENSMUSG00000118134.4	ENSMUST00000291265.1	GENCODE	full-splice_match	NA	-0.3889	ENSMUST00000241116.2	0.375	FALSE	TRUE	FALSE	TRUE	-0.030120833333333333	FALSE	FALSE	NA	NA	FALSE
C	2	Caap1	ENSMUSG00000028578.10	ENSMUST00000030313.10	GENCODE	full-splice_match	FALSE	-0.381	ENSMUST00000153294.2	0.3527	FALSE	FALSE	TRUE	TRUE	-0.03657663750221318	FALSE	FALSE	-1.5206704687991908	0.2339095145988414	FALSE
C	2	2610020C07Rik	ENSMUSG00000097537.5	ENSMUST00000244248.2	GENCODE	full-splice_match	FALSE	-0.375	ENSMUST00000229756.3	0.2718	FALSE	TRUE	FALSE	TRUE	0.18127083333333335	FALSE	FALSE	NA	NA	FALSE
C	2	E230032D23Rik	ENSMUSG00000109251.3	ENSMUST00000207189.2	GENCODE	full-splice_match	NA	-0.3718	ENSMUST00000207959.4	0.2379	FALSE	TRUE	FALSE	TRUE	0.16817560174919766	FALSE	FALSE	-0.06977267313671065	0.987420181991646	FALSE
C	2	Tnpo2	ENSMUSG00000031691.16	ENSMUST00000397849.1	GENCODE	full-splice_match	FALSE	0.3683	ENSMUST00000397859.1	-0.1339	FALSE	TRUE	FALSE	TRUE	0.042090931845997576	FALSE	FALSE	0.1000524049871476	0.9741170415936116	FALSE
C	2	Insr	ENSMUSG00000005534.12	ENSMUST00000139504.2	GENCODE	full-splice_match	FALSE	0.3673	ENSMUST00000207295.2	-0.407	FALSE	TRUE	FALSE	TRUE	0.006484859360546567	FALSE	FALSE	-0.2546113024062979	0.9267784003715271	FALSE
C	2	Map3k2	ENSMUSG00000024383.11	ENSMUST00000096575.6	GENCODE	full-splice_match	FALSE	-0.3503	ENSMUST00000234576.2	0.3803	FALSE	TRUE	FALSE	TRUE	0.04235946722108097	FALSE	FALSE	-0.17302331808948784	0.9537433244374288	FALSE
C	2	Gm42715	ENSMUSG00000107023.3	ESPRESSO:chr7:2775:9	novel	incomplete-splice_match	FALSE	-0.3393	ESPRESSO:chr7:2775:6	0.1982	FALSE	TRUE	TRUE	NA	-0.0213137746665909	FALSE	FALSE	NA	NA	FALSE
C	2	Rcor1	ENSMUSG00000037896.19	ENSMUST00000084968.15	GENCODE	full-splice_match	FALSE	0.3379	ENSMUST00000116388.5	-0.3306	FALSE	FALSE	TRUE	NA	0.17896551677467787	TRUE	FALSE	0.4555372840459088	0.8560254219252563	FALSE
C	2	Arhgap33	ENSMUSG00000036882.9	ENSMUST00000443622.1	GENCODE	full-splice_match	TRUE	-0.3234	ENSMUST00000443621.1	0.2597	FALSE	FALSE	TRUE	TRUE	0.33288192740816475	FALSE	FALSE	-0.5515935527562644	0.8174812763630072	FALSE
C	2	Frs2	ENSMUSG00000020170.6	ENSMUST00000020381.6	GENCODE	full-splice_match	FALSE	0.3091	ENSMUST00000219483.2	-0.2991	FALSE	TRUE	TRUE	NA	-0.015208488688868038	FALSE	FALSE	-0.32002520005999113	0.9136587804799592	FALSE
C	2	Myl6b	ENSMUSG00000039824.6	ENSMUST00000440207.1	GENCODE	full-splice_match	FALSE	0.2995	ENSMUST00000218250.2	-0.2851	FALSE	TRUE	FALSE	TRUE	-0.03250302016384449	FALSE	FALSE	0.0960239652967261	0.9741170415936116	FALSE
C	2	Baz2a	ENSMUSG00000040054.19	ENSMUST00000220049.2	GENCODE	full-splice_match	FALSE	-0.2844	ENSMUST00000045621.9	0.2514	FALSE	TRUE	TRUE	NA	0.12953552499580775	FALSE	FALSE	0.10215943043132676	0.9475883261569452	FALSE
C	2	Pde3b	ENSMUSG00000030671.11	ENSMUST00000032909.10	GENCODE	full-splice_match	FALSE	0.2822	ESPRESSO:chr7:2567:2	-0.219	FALSE	FALSE	TRUE	NA	0.2962282814593914	TRUE	FALSE	0.04914024663833163	0.980377074496227	FALSE
C	2	Zfp560	ENSMUSG00000045519.17	ENSMUST00000143992.3	GENCODE	full-splice_match	NA	0.2763	ENSMUST00000068079.14	-0.1983	FALSE	FALSE	FALSE	TRUE	0.0614488846217191	TRUE	FALSE	-0.11606667172340898	0.9741170415936116	FALSE
C	2	Ercc6	ENSMUSG00000054051.9	ENSMUST00000066807.9	GENCODE	full-splice_match	FALSE	0.2763	ENSMUST00000383643.1	-0.2198	FALSE	FALSE	TRUE	NA	0.06955263157894737	TRUE	FALSE	-0.7624127967598882	0.7664226017214184	FALSE
C	2	Ggact	ENSMUSG00000041625.17	ENSMUST00000227890.2	GENCODE	full-splice_match	NA	0.2761	ENSMUST00000038075.13	-0.2513	FALSE	TRUE	FALSE	TRUE	-0.0479411461037938	FALSE	FALSE	-0.7899797981185667	0.7664226017214184	FALSE
C	2	Dock10	ENSMUSG00000038608.17	ENSMUST00000077946.12	GENCODE	full-splice_match	FALSE	-0.2678	ESPRESSO:chr1:908:45	0.2256	FALSE	FALSE	TRUE	TRUE	0.10800900778562322	FALSE	FALSE	0.06585491511477005	0.9553599400330272	FALSE
C	2	Pkd1	ENSMUSG00000032855.7	ESPRESSO:chr17:384:26	novel	incomplete-splice_match	FALSE	-0.2607	ESPRESSO:chr17:384:19	0.2025	FALSE	TRUE	TRUE	NA	0.06929752783748944	FALSE	FALSE	-1.6275519085426433e-4	0.9994688140747026	FALSE
C	2	Asdurf	ENSMUSG00000117809.2	ESPRESSO:chr1:564:19	novel	novel_in_catalog	TRUE	0.2498	ESPRESSO:chr1:564:4	-0.1262	FALSE	TRUE	TRUE	NA	-0.03485441105864138	FALSE	FALSE	-0.301273762675868	0.9337633298412096	FALSE
C	2	Emcn	ENSMUSG00000054690.19	ENSMUST00000119475.7	GENCODE	full-splice_match	FALSE	-0.2487	ENSMUST00000122064.9	0.2069	FALSE	TRUE	FALSE	TRUE	0.1630244156773487	FALSE	FALSE	-0.6993765132682479	0.8377106837760565	FALSE
C	2	Cd163	ENSMUSG00000008845.11	ENSMUST00000032234.6	GENCODE	full-splice_match	FALSE	0.244	ESPRESSO:chr6:1814:23	-0.251	FALSE	FALSE	TRUE	TRUE	-0.1995080790960452	FALSE	FALSE	0.4851750692533829	0.7027162003185177	FALSE
C	2	Mrpl52	ENSMUSG00000010406.14	ENSMUST00000010550.13	GENCODE	full-splice_match	FALSE	0.2419	ENSMUST00000199195.4	-0.08537	FALSE	TRUE	TRUE	FALSE	0.04725397624763683	FALSE	FALSE	1.1409435368729717	0.3648212839941522	FALSE
C	2	Plekhm2	ENSMUSG00000028917.16	ENSMUST00000084203.12	GENCODE	full-splice_match	FALSE	-0.2411	ENSMUST00000487650.1	0.2377	FALSE	FALSE	TRUE	TRUE	-0.027455988602663017	FALSE	FALSE	-0.01601320781484841	0.9933718370767556	FALSE
C	2	Nlrc5	ENSMUSG00000074151.15	ENSMUST00000211816.2	GENCODE	full-splice_match	FALSE	-0.2384	ESPRESSO:chr8:1224:19	0.3813	FALSE	FALSE	TRUE	FALSE	-0.17769173087484533	TRUE	FALSE	0.37707869243953623	0.8698020273360699	FALSE
C	2	Rpl36a	ENSMUSG00000079435.11	ENSMUST00000113211.9	GENCODE	full-splice_match	FALSE	0.2375	ENSMUST00000152266.2	-0.09023	FALSE	TRUE	TRUE	NA	0.0074990478435572605	FALSE	FALSE	1.430343208816765	0.04174775172773596	TRUE
C	2	Fbxl19	ENSMUSG00000030811.16	ESPRESSO:chr7:2780:4	novel	novel_in_catalog	FALSE	-0.2371	ENSMUST00000206893.2	0.1062	FALSE	TRUE	TRUE	NA	0	FALSE	FALSE	-0.00641080651282067	0.9980902827443394	FALSE
C	2	Vps13a	ENSMUSG00000046230.13	ENSMUST00000510472.1	GENCODE	full-splice_match	FALSE	-0.2368	ENSMUST00000223667.2	0.1427	FALSE	TRUE	TRUE	NA	0.009993038537890487	FALSE	FALSE	0.18704550477597165	0.9489451661736517	FALSE
C	2	Efcab7	ENSMUSG00000073791.15	ESPRESSO:chr4:1145:48	novel	novel_in_catalog	FALSE	-0.2367	ESPRESSO:chr4:1145:44	0.1458	FALSE	FALSE	TRUE	NA	-0.2522642859191415	TRUE	FALSE	-2.1121919431139995	0.08003343235783379	FALSE
C	2	Hmmr	ENSMUSG00000020330.18	ENSMUST00000020579.10	GENCODE	full-splice_match	FALSE	-0.225	ENSMUST00000543700.1	0.2024	FALSE	TRUE	TRUE	NA	-0.00169383563398251	FALSE	FALSE	-0.6638955408353082	0.164963537421631	FALSE
C	2	Arid1a	ENSMUSG00000007880.18	ENSMUST00000008024.8	GENCODE	full-splice_match	FALSE	0.2223	ENSMUST00000145664.9	-0.2219	FALSE	FALSE	TRUE	TRUE	-0.0017117218800962375	FALSE	FALSE	0.26875021176180297	0.7552347529608956	FALSE
C	2	Odf2l	ENSMUSG00000028256.18	ENSMUST00000106192.10	GENCODE	full-splice_match	FALSE	-0.2213	ENSMUST00000199307.5	0.183	FALSE	TRUE	TRUE	NA	0	FALSE	FALSE	-1.71029799739664	0.0807800297358674	FALSE
C	2	Dop1a	ENSMUSG00000034973.18	ESPRESSO:chr9:1310:18	novel	incomplete-splice_match	FALSE	-0.2198	ENSMUST00000190834.2	0.1093	FALSE	TRUE	TRUE	NA	-0.011817522258654956	FALSE	FALSE	-0.6508427180138551	0.453665993791736	FALSE
C	2	Abcc10	ENSMUSG00000032842.15	ENSMUST00000095261.11	GENCODE	full-splice_match	FALSE	0.2142	ENSMUST00000165733.2	-0.2419	FALSE	TRUE	FALSE	NA	0.06823321595034797	TRUE	FALSE	-0.31353679600608114	0.9041734100578408	FALSE
C	2	Crip1	ENSMUSG00000006360.13	ENSMUST00000006523.13	GENCODE	full-splice_match	NA	0.2083	ENSMUST00000196932.2	-0.1778	FALSE	TRUE	TRUE	NA	0.036797549724086775	FALSE	FALSE	1.9355236261119464	0.04468212345259453	TRUE
C	2	Lnpep	ENSMUSG00000023845.8	ENSMUST00000232462.2	GENCODE	full-splice_match	FALSE	0.2076	ENSMUST00000041047.4	-0.2122	FALSE	FALSE	TRUE	TRUE	-0.009890815482309953	FALSE	FALSE	-0.4112921501564486	0.8053910690833652	FALSE
C	2	Slc2a4rg-ps	ENSMUSG00000121871.2	ESPRESSO:chr2:2752:40	novel	fusion	TRUE	-0.2076	ENSMUST00000246979.2	0.2258	FALSE	FALSE	FALSE	NA	-0.06265878910527568	TRUE	TRUE	NA	NA	FALSE
C	2	Zfp507	ENSMUSG00000044452.12	ENSMUST00000061586.12	GENCODE	full-splice_match	FALSE	0.2069	ENSMUST00000538342.1	-0.141	FALSE	FALSE	TRUE	TRUE	-0.059989180369601214	FALSE	FALSE	0.25693110516648454	0.9207397086995482	FALSE
C	2	Arhgap21	ENSMUSG00000036591.18	ESPRESSO:chr2:170:11	novel	novel_in_catalog	FALSE	-0.2064	ESPRESSO:chr2:170:10	0.1187	FALSE	FALSE	TRUE	NA	-0.06638280414843079	TRUE	FALSE	0.4537640140476156	0.8176060342246907	FALSE
C	2	Med12l	ENSMUSG00000056476.15	ENSMUST00000040846.16	GENCODE	full-splice_match	FALSE	0.2044	ESPRESSO:chr3:593:14	-0.1627	FALSE	FALSE	TRUE	TRUE	-0.0758908583195344	FALSE	FALSE	0.3602043478505386	0.8921268882970996	FALSE
C	2	Snhg3	ENSMUSG00000085241.8	ENSMUST00000152943.8	GENCODE	full-splice_match	NA	0.2026	ENSMUST00000141090.8	-0.151	FALSE	FALSE	TRUE	TRUE	-0.022216541572857462	FALSE	FALSE	1.572163290585183	0.15318125205978608	FALSE
C	2	Inpp4a	ENSMUSG00000026113.19	ENSMUST00000193024.2	GENCODE	full-splice_match	NA	-0.2016	ESPRESSO:chr1:357:1	0.1271	FALSE	TRUE	TRUE	NA	-0.012501068785325947	FALSE	FALSE	-0.7940899847973941	0.7348647872451898	FALSE
C	2	Rnasek	ENSMUSG00000093989.3	ENSMUST00000040428.5	GENCODE	full-splice_match	FALSE	0.1995	ESPRESSO:chr11:990:20	-0.09111	FALSE	TRUE	TRUE	FALSE	0.03279734514369104	FALSE	FALSE	0.8456184709021164	0.5036475925410479	FALSE
C	2	Ptpn21	ENSMUSG00000021009.17	ENSMUST00000559847.1	GENCODE	full-splice_match	FALSE	-0.1973	ENSMUST00000085116.5	0.1917	FALSE	TRUE	FALSE	NA	-0.2513788107062673	TRUE	FALSE	-0.290234617975499	0.8797994743780342	FALSE
C	2	Cdk2ap1	ENSMUSG00000029394.13	ENSMUST00000031341.12	GENCODE	full-splice_match	FALSE	0.1932	ENSMUST00000111473.9	-0.1642	FALSE	FALSE	TRUE	TRUE	-0.014149216210497084	FALSE	FALSE	1.0501949504918668	0.7523288819366841	FALSE
C	2	Kif13a	ENSMUSG00000021375.13	ENSMUST00000056978.9	GENCODE	full-splice_match	FALSE	0.1906	ESPRESSO:chr13:734:3	-0.1487	FALSE	TRUE	TRUE	NA	0.0021674849804631524	FALSE	FALSE	-0.4097530595589211	0.7410897981169566	FALSE
C	2	Npl	ENSMUSG00000042684.10	ENSMUST00000402902.1	GENCODE	full-splice_match	FALSE	0.1903	ENSMUST00000041874.10	-0.181	FALSE	TRUE	FALSE	TRUE	-0.06585265246449458	FALSE	FALSE	-1.499426376155188	0.5611750550583631	FALSE
C	2	Ly86	ENSMUSG00000021423.8	ENSMUST00000021860.7	GENCODE	full-splice_match	FALSE	-0.1902	ENSMUST00000225716.2	0.1902	FALSE	FALSE	TRUE	TRUE	0.09508188858782707	FALSE	FALSE	-0.3964956643547125	0.935884833487098	FALSE
C	2	Naa30	ENSMUSG00000036282.17	ENSMUST00000153488.10	GENCODE	full-splice_match	FALSE	0.1896	ENSMUST00000480918.1	-0.1559	FALSE	FALSE	TRUE	TRUE	0	FALSE	FALSE	0.7707088063146158	0.5410707482649109	FALSE
C	2	Slc20a1	ENSMUSG00000027397.16	ENSMUST00000028880.11	GENCODE	full-splice_match	FALSE	-0.1878	ESPRESSO:chr2:1804:4	0.1095	FALSE	TRUE	TRUE	NA	0.08603394100219117	FALSE	FALSE	-0.2308402927509902	0.888222258380456	FALSE
C	2	Ptpn3	ENSMUSG00000038764.16	ESPRESSO:chr4:676:1	novel	novel_in_catalog	FALSE	-0.1817	ENSMUST00000514112.1	0.03478	FALSE	FALSE	TRUE	NA	-0.07466488378752562	TRUE	FALSE	0.03096692570458708	0.9931331674321768	FALSE
C	2	Trmt13	ENSMUSG00000033439.14	ENSMUST00000184963.8	GENCODE	full-splice_match	TRUE	0.181	ENSMUST00000509496.1	-0.05243	FALSE	FALSE	TRUE	NA	0.15330575052566894	TRUE	FALSE	-0.16125518162872532	0.9337633298412096	FALSE
C	2	AI854703	ENSMUSG00000053297.16	ESPRESSO:chr6:585:2	novel	novel_in_catalog	TRUE	0.1781	ENSMUST00000095938.11	-0.2124	FALSE	TRUE	FALSE	NA	0.232739896920095	TRUE	FALSE	-0.13498053972684912	0.9590113641742792	FALSE
C	2	Ankzf1	ENSMUSG00000026199.20	ENSMUST00000152233.10	GENCODE	full-splice_match	FALSE	-0.1747	ESPRESSO:chr1:836:148	0.04076	FALSE	TRUE	TRUE	NA	-0.028575568594806075	FALSE	FALSE	-0.28952025256968256	0.8031806070929252	FALSE
C	2	Fhod1	ENSMUSG00000014778.12	ENSMUST00000014922.6	GENCODE	full-splice_match	FALSE	-0.172	ESPRESSO:chr8:1361:12	0.08092	FALSE	TRUE	TRUE	FALSE	0.028802402826789364	FALSE	FALSE	0.04169002974515318	0.9856028924410332	FALSE
C	2	Pdcd5	ENSMUSG00000030417.17	ENSMUST00000118501.8	GENCODE	full-splice_match	FALSE	0.1717	ESPRESSO:chr7:1245:2	-0.1474	FALSE	FALSE	TRUE	TRUE	0.0012727645160743872	FALSE	FALSE	0.7913042000259588	0.3564265677348324	FALSE
C	2	Set	ENSMUSG00000054766.15	ENSMUST00000067996.7	GENCODE	full-splice_match	FALSE	0.1647	ENSMUST00000102866.11	-0.1566	FALSE	FALSE	TRUE	TRUE	-0.020079569474480086	FALSE	FALSE	0.5029686340187814	0.7886261462932612	FALSE
C	2	Mocs2	ENSMUSG00000015536.16	ENSMUST00000166104.10	GENCODE	full-splice_match	FALSE	-0.1643	ENSMUST00000015680.12	0.1052	FALSE	FALSE	TRUE	FALSE	-0.0676784786558805	TRUE	FALSE	-0.08784231572245381	0.9524824693486876	FALSE
C	2	Usp19	ENSMUSG00000006676.19	ENSMUST00000178075.9	GENCODE	full-splice_match	FALSE	-0.1636	ESPRESSO:chr9:1643:39	0.1141	FALSE	TRUE	TRUE	NA	0.0014701371455110857	FALSE	FALSE	-0.566370581864423	0.7348647872451898	FALSE
C	2	Acp5	ENSMUSG00000001348.17	ENSMUST00000213815.3	GENCODE	full-splice_match	FALSE	-0.162	ENSMUST00000069330.15	0.0555	FALSE	FALSE	TRUE	TRUE	0.07211781725104885	FALSE	FALSE	-0.309249464205513	0.9077013008392044	FALSE
C	2	Tubgcp5	ENSMUSG00000033790.13	ENSMUST00000549073.1	GENCODE	full-splice_match	FALSE	0.1615	ENSMUST00000032627.6	-0.2615	FALSE	FALSE	TRUE	TRUE	0.040421536752016096	FALSE	FALSE	-1.0210046371011048	0.6680487438881348	FALSE
C	2	Tnfsf13	ENSMUSG00000089669.9	ENSMUST00000018896.15	GENCODE	full-splice_match	FALSE	0.161	ESPRESSO:chr11:946:35	-0.07045	FALSE	TRUE	TRUE	NA	-0.02304000086947533	FALSE	FALSE	-0.1896202822282108	0.9326916094134964	FALSE
C	2	Zfp512b	ENSMUSG00000000823.18	ENSMUST00000514435.1	GENCODE	full-splice_match	FALSE	-0.1609	ESPRESSO:chr2:2753:65	0.08275	FALSE	TRUE	FALSE	TRUE	0	FALSE	FALSE	0.00336972382515934	0.9988358499247544	FALSE
C	2	Trerf1	ENSMUSG00000064043.17	ENSMUST00000540436.1	GENCODE	full-splice_match	FALSE	-0.1603	ENSMUST00000540442.1	0.09566	FALSE	TRUE	FALSE	NA	-0.10252327290543851	TRUE	FALSE	0.477312897212989	0.8031806070929252	FALSE
C	2	Tarbp1	ENSMUSG00000090290.4	ENSMUST00000170518.3	GENCODE	full-splice_match	FALSE	-0.1601	ENSMUST00000441574.1	0.1846	FALSE	FALSE	TRUE	TRUE	0.15120549045027343	FALSE	FALSE	-0.26167498608892464	0.9136587804799592	FALSE
C	2	Gtpbp6	ENSMUSG00000033434.17	ENSMUST00000077220.15	GENCODE	full-splice_match	FALSE	-0.16	ENSMUST00000127628.6	0.0713	FALSE	TRUE	TRUE	NA	0.047705529979600425	FALSE	FALSE	-0.11626826968898486	0.9475883261569452	FALSE
C	2	Dennd4b	ENSMUSG00000042404.17	ENSMUST00000129564.8	GENCODE	full-splice_match	FALSE	-0.16	ENSMUST00000098914.11	0.1547	FALSE	FALSE	TRUE	TRUE	0.10313194808385973	FALSE	FALSE	-0.08009084631918918	0.9634910196227248	FALSE
C	2	Nsd1	ENSMUSG00000021488.10	ESPRESSO:chr13:885:74	novel	novel_in_catalog	FALSE	0.1586	ESPRESSO:chr13:885:76	-0.08839	FALSE	FALSE	TRUE	NA	0.19152984793894323	TRUE	FALSE	0.2032157084669194	0.8305117472139495	FALSE
C	2	Zfp78	ENSMUSG00000055150.17	ENSMUST00000207347.3	GENCODE	full-splice_match	FALSE	0.1559	ENSMUST00000208390.3	-0.1702	FALSE	TRUE	TRUE	NA	-0.06900444444444444	FALSE	FALSE	-0.26839524257075137	0.9136587804799592	FALSE
C	2	Rnf138	ENSMUSG00000024317.17	ENSMUST00000234536.3	GENCODE	full-splice_match	FALSE	-0.1549	ENSMUST00000052396.8	0.07678	TRUE	FALSE	TRUE	NA	0.020426330381467836	FALSE	FALSE	-0.2938948024282927	0.8487603765159569	FALSE
C	2	Clpx	ENSMUSG00000015357.12	ENSMUST00000113824.9	GENCODE	full-splice_match	FALSE	0.153	ENSMUST00000015501.12	-0.1484	FALSE	TRUE	TRUE	NA	0	FALSE	FALSE	-0.1269808358126022	0.906871908616782	FALSE
C	2	Ankrd28	ENSMUSG00000014496.10	ENSMUST00000227863.2	GENCODE	full-splice_match	FALSE	-0.1527	ENSMUST00000014640.10	0.1352	FALSE	FALSE	TRUE	TRUE	-0.029024603313655917	FALSE	FALSE	0.04437965562150324	0.9801382151104971	FALSE
C	2	Rcsd1	ENSMUSG00000040723.16	ENSMUST00000040357.12	GENCODE	full-splice_match	FALSE	-0.152	ENSMUST00000097474.10	0.1384	FALSE	TRUE	TRUE	NA	0	FALSE	FALSE	0.09176733285728346	0.970751724777298	FALSE
C	2	BC028528	ENSMUSG00000038543.15	ENSMUST00000145949.8	GENCODE	full-splice_match	FALSE	0.1518	ENSMUST00000090476.10	-0.1385	FALSE	FALSE	TRUE	TRUE	-0.08065036114638456	FALSE	FALSE	-0.11070710459135472	0.9741170415936116	FALSE
C	2	Gnl3l	ENSMUSG00000025266.13	ENSMUST00000112691.9	GENCODE	full-splice_match	FALSE	-0.1509	ESPRESSO:chrX:1975:5	0.1226	FALSE	FALSE	TRUE	TRUE	0.05792709667236229	FALSE	FALSE	-0.4213784464705216	0.766987621363142	FALSE
C	2	Snrpe	ENSMUSG00000090553.10	ENSMUST00000166915.9	GENCODE	full-splice_match	FALSE	0.1509	ENSMUST00000164096.3	-0.1006	FALSE	TRUE	TRUE	NA	0.04207459481404763	FALSE	FALSE	1.391138365060887	0.07021668187213959	FALSE
C	2	Atp11b	ENSMUSG00000037400.19	ENSMUST00000029257.16	GENCODE	full-splice_match	FALSE	-0.1507	ENSMUST00000200351.2	0.1026	FALSE	FALSE	TRUE	TRUE	0.10129937174805143	FALSE	FALSE	-0.6937286460299241	0.5548753625228999	FALSE
C	2	Bora	ENSMUSG00000022070.9	ENSMUST00000022656.9	GENCODE	full-splice_match	FALSE	-0.1506	ESPRESSO:chr14:1508:58	0.086	FALSE	FALSE	TRUE	NA	-0.2754679551464812	TRUE	FALSE	-0.3416760979596236	0.7832645667833729	FALSE
C	2	Rpl12	ENSMUSG00000038900.19	ENSMUST00000126610.3	GENCODE	full-splice_match	FALSE	0.1502	ENSMUST00000502078.1	-0.04677	FALSE	TRUE	TRUE	NA	0.03028410978304895	FALSE	FALSE	0.3195414087385794	0.8439061644673073	FALSE
C	2	Cep164	ENSMUSG00000043987.20	ESPRESSO:chr9:705:6	novel	novel_in_catalog	FALSE	-0.1502	ENSMUST00000558949.1	0.09105	FALSE	FALSE	TRUE	TRUE	-0.018430770074255014	FALSE	FALSE	0.05648887705511039	0.97703770993431	FALSE
C	2	Gpr146	ENSMUSG00000044197.10	ENSMUST00000051293.8	GENCODE	full-splice_match	FALSE	0.1501	ENSMUST00000137254.2	-0.05647	FALSE	FALSE	TRUE	TRUE	0.04454098711555532	FALSE	FALSE	-0.14905830301779843	0.939352264712714	FALSE
C	2	Reps1	ENSMUSG00000019854.19	ENSMUST00000150029.8	GENCODE	full-splice_match	FALSE	0.1493	ESPRESSO:chr10:150:2	-0.06997	FALSE	FALSE	TRUE	TRUE	0.009707902458583773	FALSE	FALSE	-0.06043190801931117	0.9741170415936116	FALSE
C	2	Lacc1	ENSMUSG00000044350.16	ENSMUST00000062789.16	GENCODE	full-splice_match	FALSE	0.1489	ESPRESSO:chr14:1347:8	-0.07162	FALSE	FALSE	TRUE	FALSE	0.31019047749686224	TRUE	FALSE	0.11436416874239022	0.9497255064469604	FALSE
C	2	Itpr1	ENSMUSG00000030102.13	ESPRESSO:chr6:1572:15	novel	novel_in_catalog	FALSE	0.1486	ESPRESSO:chr6:1572:16	-0.1172	FALSE	FALSE	TRUE	NA	0.05066676023327793	TRUE	FALSE	0.4406274276859363	0.6058770834064511	FALSE
C	2	Etv6	ENSMUSG00000030199.18	ENSMUST00000081028.14	GENCODE	full-splice_match	FALSE	0.1482	ENSMUST00000111963.8	-0.1175	FALSE	TRUE	TRUE	NA	0.01867595681207343	FALSE	FALSE	-0.6507392686724769	0.6176682333059236	FALSE
C	2	Nktr	ENSMUSG00000032525.17	ENSMUST00000035112.13	GENCODE	full-splice_match	FALSE	0.1482	ENSMUST00000405536.1	-0.07159	FALSE	TRUE	TRUE	NA	0	FALSE	FALSE	0.48909319771609694	0.3904455971197968	FALSE
C	2	Lrp8	ENSMUSG00000028613.17	ENSMUST00000429513.1	GENCODE	full-splice_match	FALSE	0.1481	ENSMUST00000429523.1	-0.2248	FALSE	TRUE	TRUE	NA	-0.15113154235757126	FALSE	FALSE	0.9070144847820084	0.2827601543833102	FALSE
C	2	Rpl28	ENSMUSG00000030432.14	ENSMUST00000032597.13	GENCODE	full-splice_match	NA	0.148	ENSMUST00000078432.6	-0.07021	FALSE	TRUE	TRUE	NA	0.023823024699632822	FALSE	FALSE	0.9123655699296735	0.4176982598979877	FALSE
C	2	Cox20	ENSMUSG00000026500.8	ENSMUST00000027781.8	GENCODE	full-splice_match	FALSE	0.1448	ENSMUST00000154437.2	-0.1272	FALSE	FALSE	TRUE	NA	0.07491289663752276	TRUE	FALSE	1.1876737620898383	0.22340549057180115	FALSE
C	2	Nbas	ENSMUSG00000020576.12	ENSMUST00000457656.1	GENCODE	full-splice_match	FALSE	0.1444	ENSMUST00000042953.11	-0.1144	FALSE	FALSE	TRUE	TRUE	0.04646375772096567	FALSE	FALSE	0.00718146070865483	0.9982978501158694	FALSE
C	2	Zfp644	ENSMUSG00000049606.18	ENSMUST00000112698.9	GENCODE	full-splice_match	FALSE	-0.1435	ENSMUST00000112696.9	0.142	FALSE	FALSE	TRUE	NA	-0.05192790182555185	TRUE	FALSE	0.3207002190841263	0.8031806070929252	FALSE
C	2	Matcap2	ENSMUSG00000036411.12	ESPRESSO:chr9:272:1	novel	novel_not_in_catalog	FALSE	-0.1402	ESPRESSO:chr9:272:8	0.1771	FALSE	TRUE	FALSE	NA	-0.12254761904761903	TRUE	FALSE	-0.3749661577436039	0.875545191461656	FALSE
C	2	Erdr1y	ENSMUSG00000096768.11	ENSMUST00000364346.1	GENCODE	full-splice_match	NA	-0.1396	ESPRESSO:chrY:1656:3	0.065	FALSE	FALSE	TRUE	TRUE	0.006107823242207047	FALSE	FALSE	0.2906502183696637	0.8649089594601584	FALSE
C	2	Rcc2	ENSMUSG00000040945.15	ENSMUST00000395170.1	GENCODE	full-splice_match	FALSE	-0.1393	ENSMUST00000038893.7	0.1478	FALSE	FALSE	TRUE	TRUE	0.011797170327191395	FALSE	FALSE	0.11795076254412933	0.9260354800061285	FALSE
C	2	Zfp846	ENSMUSG00000058192.18	ENSMUST00000407341.1	GENCODE	full-splice_match	FALSE	0.1386	ENSMUST00000115557.11	-0.0702	FALSE	FALSE	TRUE	NA	0.21173861531214472	TRUE	FALSE	-0.0464072602286078	0.985542174086416	FALSE
C	2	Map7d3	ENSMUSG00000067878.15	ENSMUST00000114766.9	GENCODE	full-splice_match	FALSE	-0.1378	ENSMUST00000520247.1	0.08736	FALSE	TRUE	TRUE	FALSE	-0.040721568436750344	FALSE	FALSE	0.23147221802356704	0.9199068037203358	FALSE
C	2	Rps27	ENSMUSG00000090733.8	ENSMUST00000170122.5	GENCODE	full-splice_match	NA	0.1376	ENSMUST00000199031.5	-0.06744	FALSE	TRUE	TRUE	NA	8.66095846902809e-4	FALSE	FALSE	2.5795037338537368	0.02513329275159671	TRUE
C	2	Marchf7	ENSMUSG00000026977.19	ENSMUST00000102748.12	GENCODE	full-splice_match	FALSE	-0.1375	ENSMUST00000410354.1	0.03408	FALSE	FALSE	TRUE	TRUE	0	FALSE	FALSE	-1.021038725749054	0.25256127163629993	FALSE
C	2	Prtn3	ENSMUSG00000057729.14	ENSMUST00000165982.2	GENCODE	full-splice_match	FALSE	0.1365	ENSMUST00000006679.15	-0.1157	FALSE	TRUE	TRUE	NA	0.04116127281787274	FALSE	FALSE	0.1636319573275345	0.9634910196227248	FALSE
C	2	Siglecf	ENSMUSG00000039013.18	ENSMUST00000012798.15	GENCODE	full-splice_match	FALSE	-0.1354	ENSMUST00000122423.9	0.09723	FALSE	TRUE	TRUE	NA	0.05522429402054607	FALSE	FALSE	-0.1783686155858508	0.9392630247395924	FALSE
C	2	Ptpra	ENSMUSG00000027303.20	ESPRESSO:chr2:1836:14	novel	novel_not_in_catalog	FALSE	-0.1349	ENSMUST00000028769.15	0.1282	FALSE	FALSE	TRUE	TRUE	-5.030893182280415e-4	FALSE	FALSE	0.25121738715171615	0.9273278314145104	FALSE
C	2	Ubp1	ENSMUSG00000009741.18	ENSMUST00000009885.15	GENCODE	full-splice_match	FALSE	0.1343	ENSMUST00000084885.13	-0.1056	FALSE	TRUE	TRUE	NA	0	FALSE	FALSE	0.5950272872231399	0.453665993791736	FALSE
C	2	Prdm10	ENSMUSG00000042496.20	ENSMUST00000487465.1	GENCODE	full-splice_match	FALSE	-0.1343	ENSMUST00000487471.1	0.09488	FALSE	TRUE	FALSE	TRUE	-0.021580937139356673	FALSE	FALSE	-0.29086889390922316	0.9201156332110032	FALSE
C	2	Ift46	ENSMUSG00000002031.14	ENSMUST00000002099.11	GENCODE	full-splice_match	FALSE	0.1335	ENSMUST00000238800.2	-0.1588	FALSE	FALSE	TRUE	NA	0.05721653195602486	TRUE	FALSE	-0.2969072398491467	0.8176060342246907	FALSE
C	2	Ndst2	ENSMUSG00000039308.8	ENSMUST00000223679.3	GENCODE	full-splice_match	FALSE	0.1332	ENSMUST00000047490.7	-0.1354	FALSE	FALSE	TRUE	TRUE	-0.09488837352067925	FALSE	FALSE	0.3862850836535744	0.8723083038322046	FALSE
C	2	Ehbp1	ENSMUSG00000042302.16	ENSMUST00000549751.1	GENCODE	full-splice_match	FALSE	-0.1327	ENSMUST00000549752.1	0.1319	FALSE	FALSE	FALSE	TRUE	-0.10487135787340524	TRUE	FALSE	-0.08677721979812289	0.97703770993431	FALSE
C	2	Zfp783	ENSMUSG00000072653.17	ESPRESSO:chr6:570:25	novel	novel_in_catalog	FALSE	0.1325	ESPRESSO:chr6:570:49	-0.08364	FALSE	TRUE	FALSE	NA	0.14205085873128329	TRUE	FALSE	NA	NA	FALSE
C	2	Usp37	ENSMUSG00000033364.15	ENSMUST00000044260.12	GENCODE	full-splice_match	FALSE	0.1319	ENSMUST00000538371.1	-0.07924	FALSE	FALSE	TRUE	NA	0.1174101514591473	TRUE	FALSE	0.04880148243459799	0.9821303947258286	FALSE
C	2	Rpl36al	ENSMUSG00000049751.8	ENSMUST00000054544.8	GENCODE	full-splice_match	FALSE	0.1315	ENSMUST00000110619.2	-0.13	FALSE	TRUE	TRUE	NA	0.01756303465900899	FALSE	FALSE	1.4579165528464222	0.03962279915990488	TRUE
C	2	1810009A15Rik	ENSMUSG00000071653.10	ENSMUST00000096251.10	GENCODE	full-splice_match	FALSE	0.1315	ESPRESSO:chr19:200:9	-0.08711	FALSE	TRUE	TRUE	NA	-0.04905812188608605	FALSE	FALSE	0.6349441105027275	0.5410707482649109	FALSE
C	2	Helq	ENSMUSG00000035266.18	ENSMUST00000510940.1	GENCODE	full-splice_match	FALSE	0.1309	ENSMUST00000044684.15	-0.2468	FALSE	TRUE	FALSE	NA	0.09875889976522423	TRUE	FALSE	-1.330272084728839	0.15076290213601518	FALSE
C	2	Trim33	ENSMUSG00000033014.14	ENSMUST00000106860.6	GENCODE	full-splice_match	FALSE	0.1286	ENSMUST00000029444.14	-0.1248	FALSE	FALSE	TRUE	TRUE	-0.0013884941404960216	FALSE	FALSE	0.05174391714103684	0.9741170415936116	FALSE
C	2	Dgka	ENSMUSG00000025357.10	ENSMUST00000026414.10	GENCODE	full-splice_match	FALSE	-0.1281	ENSMUST00000501127.1	0.04376	FALSE	TRUE	TRUE	FALSE	0	FALSE	FALSE	-0.06325949502118768	0.9776916549909992	FALSE
C	2	Kctd9	ENSMUSG00000034327.19	ENSMUST00000249619.1	GENCODE	full-splice_match	FALSE	0.1277	ESPRESSO:chr14:1212:21	-0.07785	FALSE	FALSE	TRUE	FALSE	0.11151854569100719	TRUE	FALSE	0.33322971872711854	0.7664226017214184	FALSE
C	2	Cab39	ENSMUSG00000036707.18	ENSMUST00000113360.9	GENCODE	full-splice_match	FALSE	0.1261	ESPRESSO:chr1:972:0	-0.0814	FALSE	FALSE	TRUE	TRUE	-0.07895821445199103	FALSE	FALSE	0.49038804181705514	0.7027162003185177	FALSE
C	2	Taf1d	ENSMUSG00000031939.18	ENSMUST00000213763.2	GENCODE	full-splice_match	TRUE	-0.1256	ENSMUST00000164079.10	0.07705	FALSE	FALSE	TRUE	TRUE	-0.001996116570598304	FALSE	FALSE	-0.7585939043054802	0.15564509337878624	FALSE
C	2	Chac2	ENSMUSG00000020309.8	ENSMUST00000020553.6	GENCODE	full-splice_match	FALSE	0.1254	ENSMUST00000101394.6	-0.1202	FALSE	TRUE	TRUE	FALSE	-0.46334346882532007	FALSE	FALSE	-0.3588239618873474	0.8073567026171939	FALSE
C	2	Gm57848	ENSMUSG00000144222.1	ENSMUST00000100540.10	GENCODE	full-splice_match	FALSE	0.1242	ESPRESSO:chr5:1848:5	-0.09802	FALSE	FALSE	TRUE	TRUE	0.018947444519874575	FALSE	FALSE	-0.03766994132760262	0.9931416147608088	FALSE
C	2	Gm9805	ENSMUSG00000140910.1	ESPRESSO:chr17:318:8	novel	novel_in_catalog	FALSE	0.1233	ENSMUST00000361852.1	-0.09578	FALSE	FALSE	TRUE	TRUE	0.03023860930724105	FALSE	FALSE	0.6139436169722434	0.7027162003185177	FALSE
C	2	Slc39a3	ENSMUSG00000046822.16	ENSMUST00000059551.8	GENCODE	full-splice_match	FALSE	-0.123	ENSMUST00000117276.11	0.0961	FALSE	TRUE	TRUE	NA	0.12841494060231462	FALSE	FALSE	-0.06024102844183598	0.9741170415936116	FALSE
C	2	Atp6v0a1	ENSMUSG00000019302.19	ESPRESSO:chr11:1723:6	novel	novel_in_catalog	FALSE	-0.1227	ENSMUST00000103110.11	0.08963	FALSE	TRUE	TRUE	NA	0.04323200654474457	FALSE	FALSE	0.35152049752075687	0.7499085367513838	FALSE
C	2	Ctcf	ENSMUSG00000005698.17	ENSMUST00000005841.17	GENCODE	full-splice_match	FALSE	0.1226	ESPRESSO:chr8:1370:55	-0.1052	FALSE	FALSE	TRUE	TRUE	0	FALSE	FALSE	0.19288799765119777	0.8921268882970996	FALSE
C	2	Eri2	ENSMUSG00000030929.19	ENSMUST00000150844.4	GENCODE	full-splice_match	FALSE	-0.1224	ESPRESSO:chr7:2644:46	0.03351	FALSE	FALSE	TRUE	FALSE	-0.17153866862333964	TRUE	FALSE	-0.12090375899891125	0.9529256450435896	FALSE
C	2	Tbcel	ENSMUSG00000037287.17	ENSMUST00000066148.13	GENCODE	full-splice_match	FALSE	0.1207	ENSMUST00000142775.2	-0.05658	FALSE	FALSE	TRUE	TRUE	0.034767117349599586	FALSE	FALSE	0.5331484434941844	0.8313658762055647	FALSE
C	2	Plekhg5	ENSMUSG00000039713.19	ENSMUST00000105661.10	GENCODE	full-splice_match	FALSE	-0.1205	ENSMUST00000118648.9	0.06205	FALSE	FALSE	FALSE	TRUE	-0.06941222418850626	TRUE	FALSE	0.25889644286777713	0.9260354800061285	FALSE
C	2	2900076A07Rik	ENSMUSG00000097277.10	ENSMUST00000321398.1	GENCODE	full-splice_match	NA	0.1172	ENSMUST00000181903.10	-0.1398	FALSE	TRUE	FALSE	TRUE	-0.23687528147656126	FALSE	FALSE	-0.571740334559624	0.800946926422799	FALSE
C	2	Huwe1	ENSMUSG00000025261.20	ESPRESSO:chrX:1990:16	novel	novel_in_catalog	FALSE	-0.117	ESPRESSO:chrX:1990:1	0.05349	FALSE	TRUE	TRUE	NA	-0.007211724784389782	FALSE	FALSE	-0.2491259836567953	0.8305117472139495	FALSE
C	2	Ptpn12	ENSMUSG00000028771.15	ENSMUST00000030556.9	GENCODE	full-splice_match	FALSE	0.116	ESPRESSO:chr5:160:10	-0.06776	FALSE	FALSE	TRUE	TRUE	-0.2728917379529895	FALSE	FALSE	-0.00675003590334368	0.9973149037518088	FALSE
C	2	Thoc2	ENSMUSG00000037475.17	ESPRESSO:chrX:532:15	novel	novel_in_catalog	FALSE	0.1155	ENSMUST00000124458.8	-0.07904	FALSE	TRUE	TRUE	NA	-0.014364416130872942	FALSE	FALSE	0.28184421103938334	0.8309451394137736	FALSE
C	2	Evl	ENSMUSG00000021262.17	ESPRESSO:chr12:1434:10	novel	novel_in_catalog	FALSE	-0.1154	ESPRESSO:chr12:1434:9	0.03428	FALSE	FALSE	TRUE	TRUE	0.06945949309653682	FALSE	FALSE	0.07459589557419043	0.980377074496227	FALSE
C	2	Pip5k1b	ENSMUSG00000024867.16	ENSMUST00000025800.16	GENCODE	full-splice_match	FALSE	-0.1154	ENSMUST00000455348.1	0.0467	FALSE	FALSE	TRUE	TRUE	0.18942673677522948	FALSE	FALSE	-0.9716667396721866	0.32950970183742534	FALSE
C	2	Incenp	ENSMUSG00000024660.11	ENSMUST00000025562.10	GENCODE	full-splice_match	FALSE	0.115	ESPRESSO:chr19:224:38	-0.1097	FALSE	TRUE	TRUE	NA	0	FALSE	FALSE	0.2307891441155819	0.8032079483646296	FALSE
C	2	Jup	ENSMUSG00000001552.16	ENSMUST00000524996.1	GENCODE	full-splice_match	FALSE	-0.1142	ENSMUST00000001592.16	0.1239	FALSE	FALSE	TRUE	TRUE	0	FALSE	FALSE	0.18270533429418212	0.931819109403512	FALSE
C	2	Rpl10a	ENSMUSG00000037805.17	ENSMUST00000042334.17	GENCODE	full-splice_match	FALSE	0.114	ESPRESSO:chr17:496:2	-0.02341	FALSE	TRUE	TRUE	NA	0.0062315575864617945	FALSE	FALSE	0.1630195587163571	0.8833554207172618	FALSE
C	2	Rnf220	ENSMUSG00000028677.21	ENSMUST00000221654.3	GENCODE	full-splice_match	FALSE	0.1139	ENSMUST00000030439.16	-0.06929	FALSE	FALSE	TRUE	TRUE	0.001074113749475858	FALSE	FALSE	0.3913240252904108	0.7348647872451898	FALSE
C	2	Cd200r1	ENSMUSG00000022667.20	ENSMUST00000057488.16	GENCODE	full-splice_match	FALSE	-0.113	ENSMUST00000442800.1	0.0781	FALSE	FALSE	TRUE	TRUE	-0.04718157542258755	FALSE	FALSE	0.01487079846773168	0.9943208514884936	FALSE
C	2	Taf4	ENSMUSG00000039117.18	ENSMUST00000227325.2	GENCODE	full-splice_match	FALSE	0.1125	ESPRESSO:chr2:2704:3	-0.1264	FALSE	FALSE	TRUE	NA	0.08107116812092646	TRUE	FALSE	-0.3955683421236591	0.8176060342246907	FALSE
C	2	Myc	ENSMUSG00000022346.19	ENSMUST00000022971.9	GENCODE	full-splice_match	FALSE	0.1121	ENSMUST00000161976.9	-0.1003	FALSE	FALSE	TRUE	TRUE	-0.1895810442899184	FALSE	FALSE	-0.48271134429713497	0.8677342064407804	FALSE
C	2	Rpl27	ENSMUSG00000063316.15	ENSMUST00000077856.14	GENCODE	full-splice_match	FALSE	0.1115	ENSMUST00000107249.9	-0.09827	FALSE	TRUE	TRUE	NA	-0.08864432514567921	FALSE	FALSE	1.1042137420668354	0.2495865065909019	FALSE
C	2	Tbk1	ENSMUSG00000020115.5	ENSMUST00000020316.5	GENCODE	full-splice_match	FALSE	-0.1101	ENSMUST00000526845.1	0.1159	FALSE	TRUE	TRUE	NA	-0.044982513514670086	FALSE	FALSE	-2.4603006940204324	0.11269860682192258	FALSE
C	2	Rbm25	ENSMUSG00000010608.17	ENSMUST00000048155.17	GENCODE	full-splice_match	FALSE	-0.1098	ESPRESSO:chr12:1016:46	0.05081	FALSE	TRUE	TRUE	NA	-0.046852771455905384	FALSE	FALSE	0.04253574174151431	0.9800523366917374	FALSE
C	2	4930523C07Rik	ENSMUSG00000090394.9	ENSMUST00000191933.2	GENCODE	full-splice_match	NA	0.1097	ENSMUST00000163892.8	-0.09315	FALSE	TRUE	TRUE	NA	0.03998266473522066	FALSE	FALSE	0.03705232829055673	0.980377074496227	FALSE
C	2	Phactr4	ENSMUSG00000066043.15	ENSMUST00000084170.13	GENCODE	full-splice_match	FALSE	0.10780000000000001	ENSMUST00000102568.11	-0.09773	FALSE	FALSE	TRUE	TRUE	0.04826693701456772	FALSE	FALSE	0.25827015935197273	0.9236148359027816	FALSE
C	2	Nfkbil1	ENSMUSG00000042419.10	ESPRESSO:chr17:706:5	novel	novel_not_in_catalog	FALSE	-0.1076	ENSMUST00000048994.8	0.08617	FALSE	TRUE	FALSE	TRUE	0	FALSE	FALSE	-0.48304766444775155	0.7723823480323132	FALSE
C	2	Clasp2	ENSMUSG00000033392.18	ESPRESSO:chr9:1751:24	novel	novel_in_catalog	FALSE	0.1075	ESPRESSO:chr9:1751:23	-0.0802	FALSE	FALSE	TRUE	NA	0.13194801576231446	TRUE	FALSE	0.01869292266899924	0.9931331674321768	FALSE
C	2	Suco	ENSMUSG00000040297.14	ESPRESSO:chr1:1884:9	novel	novel_in_catalog	FALSE	0.1075	ESPRESSO:chr1:1884:11	-0.06076	FALSE	FALSE	TRUE	NA	0.0902862811194195	TRUE	FALSE	0.11593957812954345	0.9323866483560684	FALSE
C	2	Gdi1	ENSMUSG00000015291.12	ENSMUST00000015435.12	GENCODE	full-splice_match	FALSE	-0.1067	ESPRESSO:chrX:955:22	0.09422	FALSE	FALSE	TRUE	TRUE	-0.034662071485332596	FALSE	FALSE	-0.16174434943677057	0.8747138809251277	FALSE
C	2	Tasp1	ENSMUSG00000039033.13	ENSMUST00000110079.10	GENCODE	full-splice_match	FALSE	0.1066	ENSMUST00000388145.1	-0.08479	FALSE	TRUE	TRUE	NA	-0.013603366264178558	FALSE	FALSE	-0.5534817207771185	0.5492679739773688	FALSE
C	2	Spag9	ENSMUSG00000020859.19	ESPRESSO:chr11:1446:6	novel	novel_in_catalog	FALSE	0.1064	ENSMUST00000041956.15	-0.119	FALSE	TRUE	TRUE	NA	0.03374169686477799	FALSE	FALSE	-0.15720482480579182	0.9337633298412096	FALSE
C	2	Cant1	ENSMUSG00000025575.16	ENSMUST00000106288.9	GENCODE	full-splice_match	FALSE	-0.1063	ENSMUST00000017620.11	0.0978	FALSE	TRUE	TRUE	NA	-0.012374415271425883	FALSE	FALSE	-0.10831497546586252	0.9410674739545598	FALSE
C	2	Tmco4	ENSMUSG00000041143.18	ESPRESSO:chr4:1929:13	novel	novel_in_catalog	FALSE	-0.1063	ENSMUST00000050949.10	0.03974	FALSE	FALSE	TRUE	TRUE	0.07250814107711623	FALSE	FALSE	0.25270718407367226	0.8031806070929252	FALSE
C	2	Zfp825	ENSMUSG00000069208.11	ENSMUST00000221173.3	GENCODE	full-splice_match	FALSE	-0.106	ENSMUST00000202645.5	0.103	FALSE	FALSE	TRUE	NA	-0.09655318282079489	TRUE	FALSE	-0.1978447778377213	0.8649089594601584	FALSE
C	2	Cnot3	ENSMUSG00000035632.18	ENSMUST00000038913.17	GENCODE	full-splice_match	FALSE	-0.1057	ENSMUST00000206331.2	0.1054	FALSE	TRUE	TRUE	NA	0	FALSE	FALSE	-0.29313024878594307	0.7787684195802934	FALSE
C	2	Taf1	ENSMUSG00000031314.21	ENSMUST00000518424.1	GENCODE	full-splice_match	FALSE	0.1055	ESPRESSO:chrX:1313:10	-0.03494	FALSE	FALSE	TRUE	TRUE	0.01689427429847977	FALSE	FALSE	-0.06218742680985851	0.9705982741208709	FALSE
C	2	Pnkd	ENSMUSG00000026179.16	ENSMUST00000113805.9	GENCODE	full-splice_match	FALSE	0.1053	ENSMUST00000129219.2	-0.07513	FALSE	FALSE	TRUE	TRUE	-0.0433044754106966	FALSE	FALSE	0.28792619270304215	0.8580405045258431	FALSE
C	2	Ssbp2	ENSMUSG00000003992.17	ENSMUST00000004094.16	GENCODE	full-splice_match	FALSE	-0.1045	ENSMUST00000042122.16	0.09028	FALSE	TRUE	TRUE	NA	0	FALSE	FALSE	0.1410590817783587	0.9136587804799592	FALSE
C	2	Trappc13	ENSMUSG00000021711.19	ENSMUST00000144060.9	GENCODE	full-splice_match	FALSE	0.1045	ENSMUST00000022224.17	-0.1035	FALSE	TRUE	TRUE	NA	-0.024155778385381	FALSE	FALSE	0.31038341658449525	0.8032079483646296	FALSE
C	2	Cuta	ENSMUSG00000024194.18	ENSMUST00000025027.11	GENCODE	full-splice_match	FALSE	0.104	ESPRESSO:chr17:465:36	-0.07501	FALSE	TRUE	TRUE	NA	0.011322325312060214	FALSE	FALSE	0.4868822303561219	0.7109417553526801	FALSE
C	2	Zcwpw1	ENSMUSG00000037108.15	ENSMUST00000035852.15	GENCODE	full-splice_match	FALSE	-0.1039	ESPRESSO:chr5:1850:3	0.1109	FALSE	FALSE	TRUE	TRUE	0.11401447602236459	FALSE	FALSE	-0.3373960679925457	0.8439061644673073	FALSE
C	2	Vgll4	ENSMUSG00000030315.16	ENSMUST00000204693.2	GENCODE	full-splice_match	NA	-0.1026	ENSMUST00000032459.15	0.09864	FALSE	FALSE	TRUE	TRUE	-0.03835924002239129	FALSE	FALSE	-0.10610976552995442	0.935884833487098	FALSE
C	2	Tlk2	ENSMUSG00000020694.19	ENSMUST00000106941.10	GENCODE	full-splice_match	FALSE	-0.102	ENSMUST00000496768.1	0.02829	FALSE	TRUE	TRUE	FALSE	-0.01602196461090769	FALSE	FALSE	0.3842311132709316	0.7646426582269945	FALSE
C	2	Stag2	ENSMUSG00000025862.16	ENSMUST00000115072.9	GENCODE	full-splice_match	FALSE	0.1014	ENSMUST00000069619.15	-0.08076	FALSE	TRUE	TRUE	NA	0.00434343566021568	FALSE	FALSE	0.13863968147741396	0.9198664685694016	FALSE
C	2	Pgap6	ENSMUSG00000024180.16	ENSMUST00000128597.4	GENCODE	full-splice_match	FALSE	-0.1004	ENSMUST00000025010.15	0.144	FALSE	FALSE	TRUE	TRUE	0.22026450350316168	FALSE	FALSE	-0.4057440167113449	0.9201156332110032	FALSE
C	2	Ccdc82	ENSMUSG00000079084.14	ENSMUST00000217444.5	GENCODE	full-splice_match	FALSE	-0.1001	ENSMUST00000215735.2	0.03505	FALSE	TRUE	TRUE	NA	0.026373018448586902	FALSE	FALSE	-0.15724720858877922	0.937527912106792	FALSE
C	2	Tmem39a	ENSMUSG00000002845.16	ENSMUST00000441796.1	GENCODE	full-splice_match	FALSE	0.09581	ENSMUST00000441790.1	-0.03884	FALSE	TRUE	TRUE	NA	0	FALSE	FALSE	-0.2537080621863349	0.9260354800061285	FALSE
C	2	U2surp	ENSMUSG00000032407.16	ENSMUST00000530434.1	GENCODE	full-splice_match	FALSE	0.09362	ENSMUST00000079659.13	-0.0713	FALSE	TRUE	TRUE	NA	-0.06788295867283302	FALSE	FALSE	0.07214115621572884	0.959649699976039	FALSE
C	2	Pcyt2	ENSMUSG00000025137.17	ENSMUST00000106188.5	GENCODE	full-splice_match	FALSE	0.08337	ESPRESSO:chr11:2144:40	-0.0376	FALSE	TRUE	TRUE	NA	0	FALSE	FALSE	-0.04101494085173343	0.9741170415936116	FALSE
C	1	Gm37240	ENSMUSG00000102805.6	ESPRESSO:chr3:869:12	novel	novel_in_catalog	FALSE	-0.5385	ESPRESSO:chr3:869:8	0.3416	FALSE	TRUE	FALSE	NA	0.04582042860216723	FALSE	FALSE	NA	NA	FALSE
C	1	Tagap1	ENSMUSG00000052031.10	ENSMUST00000449942.1	GENCODE	full-splice_match	FALSE	-0.4924	ESPRESSO:chr17:52:3	0.4924	FALSE	FALSE	TRUE	NA	0.011404170868553692	FALSE	FALSE	-0.5998298117341215	0.7543599413497823	FALSE
C	1	Samd13	ENSMUSG00000048652.14	ESPRESSO:chr3:1895:5	novel	fusion	NA	0.4777	ENSMUST00000585478.1	-0.3193	FALSE	FALSE	FALSE	NA	0.44929530688583313	TRUE	FALSE	NA	NA	FALSE
C	1	Gm28417	ENSMUSG00000100280.5	ENSMUST00000357564.1	GENCODE	full-splice_match	NA	-0.4556	ENSMUST00000185881.4	0.3111	FALSE	TRUE	FALSE	NA	0	FALSE	FALSE	NA	NA	FALSE
C	1	Gm42878	ENSMUSG00000105340.6	ESPRESSO:chr5:1569:30	novel	novel_in_catalog	FALSE	0.4264	ESPRESSO:chr5:1569:28	-0.2874	FALSE	TRUE	FALSE	NA	0.007925161353941279	FALSE	FALSE	NA	NA	FALSE
C	1	St6galnac3	ENSMUSG00000052544.11	ESPRESSO:chr3:1964:5	novel	novel_not_in_catalog	TRUE	-0.3825	ESPRESSO:chr3:1964:8	0.05738	FALSE	FALSE	TRUE	NA	0.27356363636363634	FALSE	FALSE	0.4078595174799152	0.8560254219252563	FALSE
C	1	Pcnx3	ENSMUSG00000054874.14	ENSMUST00000554059.1	GENCODE	full-splice_match	FALSE	0.3601	ENSMUST00000113615.10	-0.235	FALSE	FALSE	TRUE	NA	0.029789944409267965	FALSE	FALSE	-0.04419387169207742	0.980377074496227	FALSE
C	1	Dip2a	ENSMUSG00000020231.17	ENSMUST00000036033.15	GENCODE	full-splice_match	FALSE	0.3513	ENSMUST00000160048.9	-0.3359	FALSE	FALSE	TRUE	NA	-0.30306416232585787	FALSE	FALSE	0.00460963684712008	0.9986928089993516	FALSE
C	1	Inppl1	ENSMUSG00000032737.15	ENSMUST00000165052.9	GENCODE	full-splice_match	FALSE	-0.3413	ENSMUST00000419230.1	0.2431	FALSE	FALSE	FALSE	TRUE	0.2534782642050931	FALSE	FALSE	-0.5428032985579436	0.8142198648331771	FALSE
C	1	Zfp939	ENSMUSG00000121502.2	ENSMUST00000244123.1	GENCODE	full-splice_match	TRUE	0.322	ENSMUST00000247491.2	-0.2064	FALSE	TRUE	FALSE	NA	-0.07597650178175377	FALSE	FALSE	0.04804226317285686	0.9875521271670148	FALSE
C	1	Dock9	ENSMUSG00000025558.21	ESPRESSO:chr14:1737:9	novel	novel_not_in_catalog	FALSE	-0.3206	ESPRESSO:chr14:1737:12	0.2792	FALSE	FALSE	TRUE	FALSE	-0.03062727073625604	FALSE	FALSE	0.02665480945848098	0.9906360880833506	FALSE
C	1	Acot11	ENSMUSG00000034853.18	ENSMUST00000102762.11	GENCODE	full-splice_match	FALSE	-0.3155	ESPRESSO:chr4:1224:0	0.1601	FALSE	FALSE	FALSE	TRUE	-0.03041983078013729	FALSE	FALSE	0.3346647380017724	0.906309188189705	FALSE
C	1	Nr4a2	ENSMUSG00000026826.15	ENSMUST00000542152.1	GENCODE	full-splice_match	FALSE	0.3102	ENSMUST00000112629.9	-0.1562	FALSE	TRUE	FALSE	NA	0.0019570899809223663	FALSE	FALSE	NA	NA	FALSE
C	1	Septin10	ENSMUSG00000019917.12	ENSMUST00000432338.1	GENCODE	full-splice_match	FALSE	0.2989	ENSMUST00000165971.3	-0.2912	FALSE	TRUE	FALSE	NA	NA	NA	NA	NA	NA	FALSE
C	1	Nnt	ENSMUSG00000025453.20	ENSMUST00000099149.11	GENCODE	full-splice_match	FALSE	-0.2925	ENSMUST00000069902.14	0.05427	FALSE	FALSE	TRUE	FALSE	0.03314160449990804	FALSE	FALSE	0.2770338162369759	0.8649089594601584	FALSE
C	1	Urb2	ENSMUSG00000031976.16	ENSMUST00000430948.1	GENCODE	full-splice_match	FALSE	-0.2865	ENSMUST00000430949.1	0.2833	FALSE	FALSE	TRUE	NA	0.04724819751327402	FALSE	FALSE	-1.1683334823641065	0.1445467222209025	FALSE
C	1	Gm4189	ENSMUSG00000092384.10	ESPRESSO:chr10:1717:18	novel	fusion	TRUE	0.279	ESPRESSO:chr10:1717:11	-0.258	FALSE	TRUE	FALSE	NA	-0.003657747942003573	FALSE	FALSE	NA	NA	FALSE
C	1	Nbeal2	ENSMUSG00000056724.17	ENSMUST00000527883.1	GENCODE	full-splice_match	FALSE	-0.2708	ENSMUST00000167320.9	0.2706	FALSE	FALSE	TRUE	NA	0.15233389257443708	FALSE	FALSE	0.33815114192450846	0.8631348862610576	FALSE
C	1	Sox6	ENSMUSG00000051910.15	ENSMUST00000166207.4	GENCODE	full-splice_match	FALSE	0.2682	ESPRESSO:chr7:2588:18	-0.1449	FALSE	TRUE	FALSE	NA	0.012722692697635957	FALSE	FALSE	0.7157198878630252	0.7523288819366841	FALSE
C	1	Ccdc167	ENSMUSG00000024018.20	ENSMUST00000128751.3	GENCODE	full-splice_match	FALSE	0.2639	ENSMUST00000129091.10	-0.128	FALSE	FALSE	TRUE	FALSE	-2.296399576341701e-5	FALSE	FALSE	0.13245237366104778	0.942682747591764	FALSE
C	1	Fgfr1	ENSMUSG00000031565.21	ENSMUST00000084027.14	GENCODE	full-splice_match	FALSE	0.2626	ENSMUST00000119398.11	-0.1638	FALSE	TRUE	FALSE	NA	-0.11187934387790187	FALSE	FALSE	-0.0130116487725676	0.9970761413245012	FALSE
C	1	Bod1l	ENSMUSG00000061755.12	ENSMUST00000493872.1	GENCODE	full-splice_match	FALSE	0.2626	ESPRESSO:chr5:453:15	-0.1457	FALSE	FALSE	TRUE	NA	-0.01947901502825527	FALSE	FALSE	-0.3133183107070686	0.8756666761273322	FALSE
C	1	Ptpru	ENSMUSG00000028909.19	ENSMUST00000105987.10	GENCODE	full-splice_match	FALSE	0.2568	ENSMUST00000537417.1	-0.2314	FALSE	FALSE	TRUE	NA	-0.3333333333333333	FALSE	FALSE	0.05487327651484994	0.9866711711470252	FALSE
C	1	Cramp1	ENSMUSG00000038002.11	ENSMUST00000233774.3	GENCODE	full-splice_match	FALSE	-0.2518	ENSMUST00000472923.1	0.1985	FALSE	FALSE	TRUE	NA	0.07458466494368632	FALSE	FALSE	-0.0630648360813532	0.9811723309647415	FALSE
C	1	Kmt2c	ENSMUSG00000038056.17	ESPRESSO:chr5:215:9	novel	novel_in_catalog	FALSE	-0.2419	ENSMUST00000174734.8	0.2242	FALSE	FALSE	TRUE	NA	0.031434919232423586	FALSE	FALSE	-0.11932062545550856	0.9370630461084106	FALSE
C	1	Myo6	ENSMUSG00000033577.20	ESPRESSO:chr9:1240:2	novel	novel_in_catalog	FALSE	-0.22	ENSMUST00000035889.16	0.1643	FALSE	FALSE	FALSE	NA	-0.07269447540337648	TRUE	FALSE	0.5383109549938812	0.9039266442086666	FALSE
C	1	Vps54	ENSMUSG00000020128.17	ENSMUST00000109578.9	GENCODE	full-splice_match	FALSE	-0.2199	ENSMUST00000006221.15	0.1009	FALSE	FALSE	TRUE	NA	-0.005755214050493962	FALSE	FALSE	0.27897514214537467	0.8176060342246907	FALSE
C	1	Gm28551	ENSMUSG00000099913.2	ESPRESSO:chr1:564:4	novel	novel_not_in_catalog	FALSE	-0.2165	ESPRESSO:chr1:564:19	0.2726	FALSE	TRUE	FALSE	NA	0.014011481814380293	FALSE	FALSE	NA	NA	FALSE
C	1	Ahdc1	ENSMUSG00000037692.16	ENSMUST00000463973.1	GENCODE	full-splice_match	FALSE	-0.2154	ENSMUST00000463972.1	0.1819	FALSE	FALSE	TRUE	NA	0.010323019550059764	FALSE	FALSE	0.04003270505811861	0.990151821230636	FALSE
C	1	Gm61823	ENSMUSG00000133344.1	ESPRESSO:chrX:1235:0	novel	novel_not_in_catalog	NA	-0.215	ENSMUST00000317254.1	0.1205	FALSE	FALSE	FALSE	TRUE	0.20153899563724129	FALSE	FALSE	0.35050232747582677	0.9123144083285212	FALSE
C	1	Mterf3	ENSMUSG00000021519.13	ENSMUST00000174011.8	GENCODE	full-splice_match	FALSE	0.2138	ENSMUST00000021991.11	-0.211	FALSE	TRUE	FALSE	NA	-0.03371718462224935	FALSE	FALSE	-2.330148117874458	0.04541843956698127	TRUE
C	1	Sh3d19	ENSMUSG00000028082.16	ENSMUST00000238443.2	GENCODE	full-splice_match	FALSE	0.2115	ENSMUST00000107664.4	-0.1544	FALSE	FALSE	TRUE	FALSE	0.025687168529520077	FALSE	FALSE	0.04138053788018996	0.9821365298317366	FALSE
C	1	Kidins220	ENSMUSG00000036333.13	ESPRESSO:chr12:339:4	novel	novel_in_catalog	FALSE	-0.21	ESPRESSO:chr12:339:5	0.07661	FALSE	FALSE	TRUE	NA	0.07035068819872259	FALSE	FALSE	0.34680767439425	0.8416112509759321	FALSE
C	1	Dnaaf8	ENSMUSG00000022543.13	ENSMUST00000229669.3	GENCODE	full-splice_match	TRUE	-0.2065	ENSMUST00000231040.3	0.2314	FALSE	TRUE	FALSE	NA	0.1495764971475414	FALSE	FALSE	-0.6770806111314807	0.8073567026171939	FALSE
C	1	Ubn2	ENSMUSG00000038538.19	ENSMUST00000434372.1	GENCODE	full-splice_match	FALSE	-0.2049	ENSMUST00000434376.1	0.1099	FALSE	FALSE	TRUE	NA	-0.03170427189285013	FALSE	FALSE	0.5022313919672806	0.7635729964145824	FALSE
C	1	Smurf2	ENSMUSG00000018363.19	ENSMUST00000544553.1	GENCODE	full-splice_match	FALSE	0.2035	ENSMUST00000092517.10	-0.1317	FALSE	FALSE	TRUE	NA	-0.15196903196600048	FALSE	FALSE	0.3887263845134736	0.7838560804564709	FALSE
C	1	Tgfbr2	ENSMUSG00000032440.15	ENSMUST00000035014.9	GENCODE	full-splice_match	FALSE	0.1974	ENSMUST00000061101.13	-0.1946	FALSE	FALSE	TRUE	NA	0.044123132405964674	FALSE	FALSE	0.43471161792216795	0.8379338890050875	FALSE
C	1	Senp2	ENSMUSG00000022855.11	ENSMUST00000231408.2	GENCODE	full-splice_match	NA	0.1955	ENSMUST00000023561.9	-0.1587	FALSE	FALSE	TRUE	NA	0.0031008025190454175	FALSE	FALSE	-1.313940873427797	0.1308042526796799	FALSE
C	1	Gm12279	ENSMUSG00000087120.4	ENSMUST00000251151.1	GENCODE	full-splice_match	NA	-0.1902	ENSMUST00000241978.2	0.09782	FALSE	TRUE	FALSE	NA	0.46474405749032616	FALSE	FALSE	NA	NA	FALSE
C	1	Gm21988	ENSMUSG00000040904.11	ESPRESSO:chr11:990:20	novel	novel_in_catalog	FALSE	-0.19	ENSMUST00000176116.8	0.2453	FALSE	TRUE	FALSE	NA	7.58743818397854e-4	FALSE	FALSE	0.07932862587684195	0.9776916549909992	FALSE
C	1	Slirp	ENSMUSG00000021040.17	ENSMUST00000161023.9	GENCODE	full-splice_match	FALSE	0.1768	ENSMUST00000160488.9	-0.1358	FALSE	FALSE	TRUE	FALSE	-0.01977481639237233	FALSE	FALSE	1.3330381083282934	0.18098431905119172	FALSE
C	1	Dleu2	ENSMUSG00000097589.12	ENSMUST00000193208.2	GENCODE	full-splice_match	NA	-0.1742	ENSMUST00000182768.10	0.03742	FALSE	FALSE	TRUE	NA	-0.03067133135842562	FALSE	FALSE	0.6561484237842669	0.3564265677348324	FALSE
C	1	Nr2c2	ENSMUSG00000005893.16	ENSMUST00000527128.1	GENCODE	full-splice_match	FALSE	-0.1706	ENSMUST00000527119.1	0.07959	FALSE	FALSE	TRUE	NA	0.028729019699544497	FALSE	FALSE	0.29879055258514947	0.8677342064407804	FALSE
C	1	Psmd8	ENSMUSG00000030591.19	ENSMUST00000182328.8	GENCODE	full-splice_match	FALSE	0.1699	ENSMUST00000186182.3	-0.1773	FALSE	FALSE	TRUE	FALSE	0.014443295694569147	FALSE	FALSE	-0.06467319375137065	0.9609780401746648	FALSE
C	1	Sipa1l1	ENSMUSG00000042700.18	ENSMUST00000053969.8	GENCODE	full-splice_match	FALSE	-0.1622	ENSMUST00000166429.9	0.07127	FALSE	FALSE	TRUE	NA	0.009322513246292964	FALSE	FALSE	-0.0692944208159004	0.9741170415936116	FALSE
C	1	Pcsk4	ENSMUSG00000020131.16	ESPRESSO:chr10:961:10	novel	novel_in_catalog	NA	-0.1606	ESPRESSO:chr10:961:11	0.1075	FALSE	TRUE	FALSE	NA	0	FALSE	FALSE	-0.4520008493168259	0.8921030321301071	FALSE
C	1	Ccnc	ENSMUSG00000028252.22	ENSMUST00000102997.9	GENCODE	full-splice_match	FALSE	-0.1578	ENSMUST00000108240.4	0.1482	FALSE	FALSE	TRUE	NA	0.10563215915373375	FALSE	FALSE	-0.7956742048250321	0.31054259364079306	FALSE
C	1	Arsg	ENSMUSG00000020604.15	ESPRESSO:chr11:1904:41	novel	novel_not_in_catalog	FALSE	0.1549	ESPRESSO:chr11:1904:17	-0.1799	FALSE	FALSE	FALSE	TRUE	-0.07391194010912325	FALSE	FALSE	-0.13330181125366788	0.9627739357675263	FALSE
C	1	Mafg	ENSMUSG00000051510.15	ENSMUST00000106182.9	GENCODE	full-splice_match	FALSE	-0.1534	ENSMUST00000058162.15	0.08868	FALSE	FALSE	TRUE	NA	-0.018952147442828027	FALSE	FALSE	0.0985119749244048	0.9741170415936116	FALSE
C	1	Esr1	ENSMUSG00000019768.18	ENSMUST00000482252.1	GENCODE	full-splice_match	FALSE	0.1522	ENSMUST00000105590.9	-0.105	FALSE	FALSE	FALSE	NA	0.15422720709570956	TRUE	FALSE	0.1582119993665926	0.9590113641742792	FALSE
C	1	Gm56450	ENSMUSG00000115423.4	ENSMUST00000227806.3	GENCODE	full-splice_match	NA	-0.1521	ESPRESSO:chr2:1910:4	0.1166	FALSE	FALSE	TRUE	NA	0	FALSE	FALSE	-0.24579073189302128	0.8833554207172618	FALSE
C	1	Rinl	ENSMUSG00000051735.9	ENSMUST00000454228.1	GENCODE	full-splice_match	FALSE	0.1487	ENSMUST00000209035.3	-0.1254	FALSE	FALSE	TRUE	NA	0.015491191275052314	FALSE	FALSE	-0.5138714350773715	0.5206831876937372	FALSE
C	1	Aamdc	ENSMUSG00000035642.18	ENSMUST00000154779.8	GENCODE	full-splice_match	FALSE	-0.148	ENSMUST00000136757.8	0.09128	FALSE	TRUE	FALSE	NA	-0.013731455628849315	FALSE	FALSE	0.4757359586555225	0.825541189863093	FALSE
C	1	Phf3	ENSMUSG00000048874.17	ENSMUST00000186733.7	GENCODE	full-splice_match	FALSE	0.1471	ESPRESSO:chr1:255:17	-0.06334	FALSE	FALSE	TRUE	NA	-0.06892838104017067	FALSE	FALSE	0.2235885087279424	0.8497510450857975	FALSE
C	1	Rps10	ENSMUSG00000052146.18	ENSMUST00000114882.9	GENCODE	full-splice_match	FALSE	0.1457	ENSMUST00000145226.9	-0.06949	FALSE	FALSE	TRUE	FALSE	0.04907199868510809	FALSE	FALSE	1.0169192633731958	0.1526126650268548	FALSE
C	1	Satb1	ENSMUSG00000023927.17	ENSMUST00000144331.9	GENCODE	full-splice_match	FALSE	0.1456	ENSMUST00000152830.10	-0.05396	FALSE	FALSE	TRUE	NA	0.023540338726118576	FALSE	FALSE	0.8040683126376075	0.4313632583597161	FALSE
C	1	Trappc8	ENSMUSG00000033382.17	ENSMUST00000509194.1	GENCODE	full-splice_match	FALSE	-0.1451	ENSMUST00000509191.1	0.06087	FALSE	FALSE	TRUE	NA	0.05794513583280117	FALSE	FALSE	-0.4195141436382958	0.8379338890050875	FALSE
C	1	Alpk1	ENSMUSG00000028028.13	ESPRESSO:chr3:1663:7	novel	novel_in_catalog	TRUE	-0.1437	ENSMUST00000520827.1	0.08488	FALSE	TRUE	FALSE	NA	0.019024524766441814	FALSE	FALSE	-0.1697080407035805	0.9457437705193664	FALSE
C	1	St8sia4	ENSMUSG00000040710.12	ENSMUST00000189556.3	GENCODE	full-splice_match	FALSE	0.1435	ENSMUST00000043336.11	-0.1299	FALSE	FALSE	TRUE	NA	-0.026905417997334036	FALSE	FALSE	-1.0679606050973818	0.5933946345841343	FALSE
C	1	Tasor	ENSMUSG00000040651.11	ENSMUST00000503114.1	GENCODE	full-splice_match	FALSE	-0.1434	ENSMUST00000503116.1	0.08727	FALSE	FALSE	TRUE	NA	-0.015420819121193141	FALSE	FALSE	-0.13190561692005023	0.9196742839840468	FALSE
C	1	Lmbr1	ENSMUSG00000010721.17	ENSMUST00000196321.6	GENCODE	full-splice_match	FALSE	-0.1433	ENSMUST00000441600.1	0.03833	FALSE	TRUE	FALSE	NA	0.07392640152085561	FALSE	FALSE	0.6247298155881554	0.7664226017214184	FALSE
C	1	Fktn	ENSMUSG00000028414.19	ENSMUST00000543752.1	GENCODE	full-splice_match	FALSE	-0.1427	ENSMUST00000128667.8	0.1498	FALSE	FALSE	FALSE	TRUE	0	FALSE	FALSE	0.3339271402546767	0.8856705118917012	FALSE
C	1	Gm66963	ENSMUSG00000122440.1	ESPRESSO:chr3:941:18	novel	novel_in_catalog	FALSE	0.1413	ESPRESSO:chr3:941:23	-0.07827	FALSE	FALSE	TRUE	NA	-0.1766092385779333	FALSE	FALSE	NA	NA	FALSE
C	1	Rai14	ENSMUSG00000022246.16	ENSMUST00000413072.1	GENCODE	full-splice_match	FALSE	0.14	ENSMUST00000413071.1	-0.05862	FALSE	FALSE	TRUE	NA	-0.022106816809513492	FALSE	FALSE	0.7252454316154578	0.6378898655085247	FALSE
C	1	Herc2	ENSMUSG00000030451.18	ESPRESSO:chr7:1617:0	novel	novel_in_catalog	FALSE	-0.1399	ENSMUST00000206537.2	0.08088	FALSE	TRUE	FALSE	NA	-0.011312344944996108	FALSE	FALSE	0.08428081373161729	0.9741170415936116	FALSE
C	1	Gm28635	ENSMUSG00000101645.2	ESPRESSO:chr2:990:22	novel	novel_in_catalog	FALSE	0.1397	ESPRESSO:chr2:990:8	-0.06552	FALSE	FALSE	TRUE	NA	-0.01178750245039184	FALSE	FALSE	NA	NA	FALSE
C	1	Fam193a	ENSMUSG00000037210.18	ENSMUST00000180376.9	GENCODE	full-splice_match	FALSE	-0.1392	ESPRESSO:chr5:346:42	0.1023	FALSE	FALSE	TRUE	NA	-0.00896046037345577	FALSE	FALSE	-0.08953066293971922	0.980377074496227	FALSE
C	1	Arhgap23	ENSMUSG00000049807.18	ESPRESSO:chr11:1551:3	novel	novel_in_catalog	FALSE	0.1392	ESPRESSO:chr11:1551:1	-0.1601	FALSE	FALSE	TRUE	NA	0	FALSE	FALSE	0.9254825217261377	0.5690422753295746	FALSE
C	1	Ptp4a1	ENSMUSG00000144322.2	ENSMUST00000027232.16	GENCODE	full-splice_match	FALSE	-0.1388	ESPRESSO:chr1:257:5	0.00109	FALSE	FALSE	TRUE	NA	0.027515713647378814	FALSE	FALSE	0.05657830229778289	0.9748298670206182	FALSE
C	1	Jmjd1c	ENSMUSG00000037876.19	ENSMUST00000531652.1	GENCODE	full-splice_match	FALSE	0.1371	ENSMUST00000531654.1	-0.1209	FALSE	FALSE	TRUE	NA	-0.0332820582404692	FALSE	FALSE	-0.03085383673013906	0.986555394286664	FALSE
C	1	Zfp131	ENSMUSG00000094870.10	ENSMUST00000178271.4	GENCODE	full-splice_match	FALSE	-0.1356	ENSMUST00000223722.3	0.07438	FALSE	FALSE	TRUE	NA	0	FALSE	FALSE	0.14133185302880463	0.9198664685694016	FALSE
C	1	Slc25a21	ENSMUSG00000035472.15	ESPRESSO:chr12:679:10	novel	novel_not_in_catalog	FALSE	-0.1338	ESPRESSO:chr12:679:12	0.07116	FALSE	FALSE	TRUE	NA	NA	NA	NA	-0.935671761214625	0.7523288819366841	FALSE
C	1	N4bp2	ENSMUSG00000037795.16	ENSMUST00000565282.1	GENCODE	full-splice_match	FALSE	0.1335	ENSMUST00000565283.1	-0.09792	FALSE	FALSE	TRUE	NA	-0.12003067765654502	FALSE	FALSE	-0.00798155566344627	0.9970761413245012	FALSE
C	1	Zc3h13	ENSMUSG00000022000.13	ENSMUST00000463387.1	GENCODE	full-splice_match	FALSE	0.132	ENSMUST00000227049.3	-0.08382	FALSE	FALSE	TRUE	NA	-0.0710750854954687	FALSE	FALSE	-0.02647544356444564	0.984774436270924	FALSE
C	1	Arhgap17	ENSMUSG00000030766.17	ENSMUST00000207010.3	GENCODE	full-splice_match	FALSE	-0.1312	ENSMUST00000106442.10	0.1181	FALSE	FALSE	TRUE	NA	0.06259577454447335	FALSE	FALSE	-0.16169714039003807	0.9136587804799592	FALSE
C	1	Gm27029	ENSMUSG00000097239.8	ESPRESSO:chr11:1746:23	novel	novel_in_catalog	FALSE	0.1311	ESPRESSO:chr11:1746:22	-0.06733	FALSE	TRUE	FALSE	NA	0	FALSE	FALSE	NA	NA	FALSE
C	1	Qsox2	ENSMUSG00000036327.20	ENSMUST00000091263.12	GENCODE	full-splice_match	FALSE	-0.1289	ENSMUST00000502750.1	0.08454	FALSE	FALSE	TRUE	NA	0.020703801974143954	FALSE	FALSE	-0.1118699882725114	0.9517145584497472	FALSE
C	1	novelGene_511	ESPRESSO:chr18:804	ESPRESSO:chr18:804:3	novel	genic_intron	NA	-0.1269	ESPRESSO:chr18:804:0	0.09781	FALSE	FALSE	FALSE	TRUE	NA	NA	NA	NA	NA	FALSE
C	1	Zfp142	ENSMUSG00000026135.19	ENSMUST00000113737.9	GENCODE	full-splice_match	FALSE	0.1253	ENSMUST00000472939.1	-0.03881	FALSE	FALSE	TRUE	NA	-0.0063585695852136775	FALSE	FALSE	0.2082306702037431	0.9207397086995482	FALSE
C	1	Dyrk1a	ENSMUSG00000022897.17	ENSMUST00000544170.1	GENCODE	full-splice_match	FALSE	-0.1231	ENSMUST00000119878.9	0.06513	FALSE	FALSE	TRUE	NA	0	FALSE	FALSE	0.21985827846436276	0.8766547577957474	FALSE
C	1	Rsf1	ENSMUSG00000035623.16	ENSMUST00000107153.4	GENCODE	full-splice_match	FALSE	-0.1227	ENSMUST00000382295.1	0.1056	FALSE	FALSE	TRUE	NA	0.010290794902991673	FALSE	FALSE	0.15127416857500617	0.9201156332110032	FALSE
C	1	Ankrd13a	ENSMUSG00000041870.19	ENSMUST00000102578.11	GENCODE	full-splice_match	FALSE	0.1208	ESPRESSO:chr5:1408:17	-0.0414	FALSE	FALSE	TRUE	NA	-0.029661725018592322	FALSE	FALSE	0.33360788431491156	0.7952905302458093	FALSE
C	1	Mecom	ENSMUSG00000027684.18	ENSMUST00000463508.1	GENCODE	full-splice_match	FALSE	0.1201	ENSMUST00000463499.1	-0.1014	FALSE	TRUE	FALSE	NA	-0.0291784579646389	FALSE	FALSE	0.2166562279286877	0.9562290328218258	FALSE
C	1	Ptprs	ENSMUSG00000013236.19	ENSMUST00000391309.1	GENCODE	full-splice_match	FALSE	-0.1199	ENSMUST00000067538.7	0.06045	FALSE	FALSE	TRUE	NA	-0.035039434104219724	FALSE	FALSE	0.1818123705095677	0.8833554207172618	FALSE
C	1	Xpa	ENSMUSG00000028329.15	ESPRESSO:chr4:512:20	novel	novel_in_catalog	TRUE	-0.119	ENSMUST00000142380.2	0.07099	FALSE	TRUE	FALSE	NA	-0.04734650856389986	FALSE	FALSE	-0.2362582668914938	0.9136587804799592	FALSE
C	1	Gm14305	ENSMUSG00000078878.11	ENSMUST00000108980.10	GENCODE	full-splice_match	NA	-0.1188	ENSMUST00000108981.9	0.08248	FALSE	FALSE	TRUE	NA	-0.043535249428120176	FALSE	FALSE	-0.1575514518071166	0.9273278314145104	FALSE
C	1	Asb7	ENSMUSG00000030509.19	ENSMUST00000392542.1	GENCODE	full-splice_match	FALSE	0.1182	ENSMUST00000208059.2	-0.07561	FALSE	FALSE	TRUE	NA	-0.043903330543721863	FALSE	FALSE	0.4312270191598331	0.780768735094873	FALSE
C	1	Sec61g	ENSMUSG00000078974.12	ESPRESSO:chr11:169:0	novel	novel_in_catalog	NA	-0.1172	ENSMUST00000109643.9	0.03485	FALSE	TRUE	FALSE	FALSE	-0.008285353225269687	FALSE	FALSE	1.135707261111652	0.164963537421631	FALSE
C	1	Zranb1	ENSMUSG00000030967.17	ENSMUST00000033265.6	GENCODE	full-splice_match	FALSE	-0.117	ENSMUST00000106157.9	0.0849	FALSE	FALSE	TRUE	NA	0	FALSE	FALSE	0.19258362071533897	0.9399612575486084	FALSE
C	1	Fgfrl1	ENSMUSG00000008090.16	ESPRESSO:chr5:1265:56	novel	novel_in_catalog	FALSE	-0.1169	ENSMUST00000501946.1	0.1127	FALSE	FALSE	FALSE	NA	-0.058795697577101264	TRUE	FALSE	-0.8135556038163397	0.7887348269244892	FALSE
C	1	Cep170	ENSMUSG00000057335.13	ENSMUST00000421359.1	GENCODE	full-splice_match	FALSE	0.1168	ENSMUST00000421353.1	-0.105	FALSE	FALSE	TRUE	NA	-0.015933081112817687	FALSE	FALSE	0.3184740736235738	0.8176060342246907	FALSE
C	1	Mnd1	ENSMUSG00000033752.9	ENSMUST00000390775.1	GENCODE	full-splice_match	FALSE	0.116	ESPRESSO:chr3:864:7	-0.1171	FALSE	TRUE	FALSE	NA	0	FALSE	FALSE	0.10501668074081164	0.9741170415936116	FALSE
C	1	Mrps18c	ENSMUSG00000016833.16	ENSMUST00000016977.16	GENCODE	full-splice_match	FALSE	0.1149	ENSMUST00000140296.2	-0.08176	FALSE	FALSE	TRUE	NA	-0.04229422022149534	FALSE	FALSE	1.3081670105898366	0.09792922881036986	FALSE
C	1	Odf2	ENSMUSG00000026790.21	ENSMUST00000113756.9	GENCODE	full-splice_match	FALSE	-0.113	ENSMUST00000113755.8	0.1106	FALSE	FALSE	TRUE	NA	0.10319332377251828	FALSE	FALSE	-0.4876723267871627	0.661136569281108	FALSE
C	1	Osbpl11	ENSMUSG00000022807.11	ENSMUST00000039733.11	GENCODE	full-splice_match	FALSE	0.1121	ENSMUST00000232181.3	-0.07701	FALSE	FALSE	TRUE	FALSE	-0.34142356530931123	FALSE	FALSE	0.2879278149638379	0.8176060342246907	FALSE
C	1	Fasn	ENSMUSG00000025153.11	ENSMUST00000055655.10	GENCODE	full-splice_match	FALSE	-0.1099	ENSMUST00000416713.1	0.1052	FALSE	FALSE	TRUE	FALSE	0.038660053333950395	FALSE	FALSE	0.231535675009588	0.8221761151320853	FALSE
C	1	Gm49776	ENSMUSG00000116925.2	ESPRESSO:chr16:221:86	novel	novel_in_catalog	FALSE	-0.109	ESPRESSO:chr16:221:67	0.1425	FALSE	TRUE	FALSE	NA	-0.012022401586186886	FALSE	FALSE	NA	NA	FALSE
C	1	Meaf6	ENSMUSG00000028863.15	ENSMUST00000184205.8	GENCODE	full-splice_match	TRUE	-0.1082	ENSMUST00000154689.8	0.08386	FALSE	FALSE	TRUE	NA	0.040777301158788	FALSE	FALSE	-0.292041859904953	0.771942635492721	FALSE
C	1	Tent4b	ENSMUSG00000036779.15	ENSMUST00000249924.2	GENCODE	full-splice_match	FALSE	-0.1081	ENSMUST00000119033.9	0.08778	FALSE	FALSE	TRUE	FALSE	0.060517208732562194	FALSE	FALSE	0.36047588057151503	0.793284133154067	FALSE
C	1	Slc15a4	ENSMUSG00000029416.19	ENSMUST00000031367.16	GENCODE	full-splice_match	FALSE	0.1066	ESPRESSO:chr5:1680:15	-0.06913	FALSE	FALSE	TRUE	NA	-0.05088813081780763	FALSE	FALSE	0.3156878882076814	0.8305117472139495	FALSE
C	1	Dnase1l1	ENSMUSG00000019088.16	ENSMUST00000516553.1	GENCODE	full-splice_match	FALSE	0.106	ESPRESSO:chrX:953:43	-0.08428	FALSE	TRUE	FALSE	NA	0	FALSE	FALSE	-0.9188790498493716	0.40053173379363616	FALSE
C	1	Map3k3	ENSMUSG00000020700.13	ENSMUST00000002044.11	GENCODE	full-splice_match	FALSE	-0.105	ESPRESSO:chr11:1855:2	0.04857	FALSE	FALSE	TRUE	FALSE	-0.026130966547262546	FALSE	FALSE	0.11258532486461605	0.9734579069366204	FALSE
C	1	Ercc6l2	ENSMUSG00000021470.21	ENSMUST00000095724.11	GENCODE	full-splice_match	FALSE	0.1046	ENSMUST00000425280.1	-0.06108	FALSE	FALSE	TRUE	NA	-0.008634252328446855	FALSE	FALSE	-0.0187348699389936	0.992035027905464	FALSE
C	1	Cfap141	ENSMUSG00000118506.4	ESPRESSO:chr3:978:44	novel	novel_in_catalog	TRUE	0.1042	ESPRESSO:chr3:978:48	-0.08903	FALSE	TRUE	FALSE	NA	0	FALSE	FALSE	NA	NA	FALSE
C	1	Prdm15	ENSMUSG00000014039.20	ENSMUST00000534021.1	GENCODE	full-splice_match	FALSE	0.1037	ENSMUST00000534023.1	-0.09946	FALSE	TRUE	FALSE	NA	0	FALSE	FALSE	0.3645619814977217	0.8550913463817017	FALSE
C	1	Fip1l1	ENSMUSG00000029227.17	ENSMUST00000113536.9	GENCODE	full-splice_match	FALSE	-0.1037	ENSMUST00000113535.10	0.06937	FALSE	FALSE	TRUE	NA	0.01049215781353973	FALSE	FALSE	0.05975047766906243	0.9553441940608728	FALSE
C	1	Alkbh8	ENSMUSG00000025899.16	ENSMUST00000211933.3	GENCODE	full-splice_match	FALSE	-0.1036	ENSMUST00000053407.14	0.06757	FALSE	FALSE	TRUE	NA	-0.044303624764171545	FALSE	FALSE	-0.13696678493390602	0.9282106935689972	FALSE
C	1	Gon4l	ENSMUSG00000054199.20	ESPRESSO:chr3:942:28	novel	novel_in_catalog	FALSE	0.1032	ESPRESSO:chr3:942:29	-0.06218	FALSE	FALSE	TRUE	NA	-0.17996309679171402	FALSE	FALSE	0.24555398215511845	0.8193952638318382	FALSE
C	1	Dbf4	ENSMUSG00000002297.18	ENSMUST00000171808.9	GENCODE	full-splice_match	FALSE	-0.103	ENSMUST00000544293.1	0.09921	FALSE	FALSE	TRUE	NA	-0.010044761328908414	FALSE	FALSE	-0.15103919256565543	0.8818281331070391	FALSE
C	1	Zfp932	ENSMUSG00000066613.16	ENSMUST00000112540.9	GENCODE	full-splice_match	FALSE	-0.103	ENSMUST00000112536.9	0.03945	FALSE	FALSE	TRUE	NA	-0.02309083582388688	FALSE	FALSE	-0.445904532016872	0.8827280222166826	FALSE
C	1	Nup98	ENSMUSG00000063550.10	ENSMUST00000433978.1	GENCODE	full-splice_match	FALSE	-0.1016	ENSMUST00000433975.1	0.06455	FALSE	FALSE	TRUE	NA	-0.009343536072954206	FALSE	FALSE	-0.3309087425862673	0.8759598143802491	FALSE
C	1	Phkg2	ENSMUSG00000030815.13	ENSMUST00000033086.9	GENCODE	full-splice_match	FALSE	-0.1001	ENSMUST00000151908.8	0.06609	FALSE	FALSE	TRUE	NA	0.10219297568649194	FALSE	FALSE	-0.2333175291950686	0.8125613609628002	FALSE
C	1	Gls	ENSMUSG00000026103.16	ESPRESSO:chr1:546:0	novel	novel_not_in_catalog	FALSE	-0.07741	ENSMUST00000114513.10	0.08028	FALSE	FALSE	TRUE	NA	-0.04311000295226974	FALSE	FALSE	0.2621420940991435	0.9136587804799592	FALSE
C	0	novelGene_989	ESPRESSO:chrX:2169	ESPRESSO:chrX:2169:0	novel	intergenic	NA	0.6863	ESPRESSO:chrX:2169:1	-0.6863	FALSE	NA	FALSE	NA	NA	NA	NA	NA	NA	FALSE
C	0	Gm49373	ENSMUSG00000111692.2	ESPRESSO:chr9:237:39	novel	novel_in_catalog	TRUE	-0.465	ESPRESSO:chr9:237:36	0.2184	FALSE	FALSE	FALSE	NA	-0.017865803793639203	FALSE	FALSE	NA	NA	FALSE
C	0	Ptpn13	ENSMUSG00000034573.16	ENSMUST00000048957.12	GENCODE	full-splice_match	FALSE	0.3776	ENSMUST00000537680.1	-0.2621	FALSE	FALSE	FALSE	NA	-0.2150293511181991	FALSE	FALSE	-0.5889100944325584	0.9136587804799592	FALSE
C	0	Zfp518b	ENSMUSG00000046572.12	ENSMUST00000180214.8	GENCODE	full-splice_match	FALSE	0.262	ENSMUST00000179555.9	-0.2539	FALSE	FALSE	FALSE	FALSE	-0.007209085933223864	FALSE	FALSE	0.1801275284335032	0.9634910196227248	FALSE
C	0	Gm50253	ENSMUSG00000117819.2	ESPRESSO:chr17:465:8	novel	novel_not_in_catalog	TRUE	0.2608	ESPRESSO:chr17:465:6	-0.1879	FALSE	FALSE	FALSE	NA	0	FALSE	FALSE	NA	NA	FALSE
C	0	Adcy3	ENSMUSG00000020654.17	ENSMUST00000439838.1	GENCODE	full-splice_match	FALSE	-0.2406	ESPRESSO:chr12:18:19	0.1169	FALSE	FALSE	FALSE	NA	0.04821323529411765	FALSE	FALSE	0.08444930595090373	0.9791339066790912	FALSE
C	0	Cobll1	ENSMUSG00000034903.20	ENSMUST00000502786.1	GENCODE	full-splice_match	FALSE	-0.2178	ENSMUST00000112430.9	0.2799	FALSE	FALSE	FALSE	NA	0.007692813198179757	FALSE	FALSE	0.0197061258167782	0.9958182243807808	FALSE
C	0	Arhgef12	ENSMUSG00000059495.16	ENSMUST00000540929.1	GENCODE	full-splice_match	FALSE	-0.1687	ENSMUST00000540930.1	0.1476	FALSE	FALSE	FALSE	NA	0.190458448758973	FALSE	FALSE	0.154333058660326	0.9748298670206182	FALSE
C	0	Pik3c2a	ENSMUSG00000030660.11	ENSMUST00000206219.3	GENCODE	full-splice_match	FALSE	0.1678	ENSMUST00000206805.2	-0.098	FALSE	FALSE	FALSE	NA	0.043239958517339416	FALSE	FALSE	-0.7495420028194191	0.5036475925410479	FALSE
C	0	ENSMUSG00000121597	ENSMUSG00000121597.1	ESPRESSO:chr5:1293:30	novel	novel_in_catalog	FALSE	-0.1614	ENSMUST00000249394.1	0.159	FALSE	FALSE	FALSE	NA	0.15429074437858314	FALSE	FALSE	0.5228741342942281	0.9553441940608728	FALSE
C	0	Fdx2	ENSMUSG00000079677.4	ESPRESSO:chr9:237:39	novel	novel_in_catalog	TRUE	-0.1335	ENSMUST00000010348.8	0.05408	FALSE	FALSE	FALSE	NA	-0.017865803793639203	FALSE	FALSE	0.9263556048875125	0.5122991059953722	FALSE
C	0	Tiam2	ENSMUSG00000023800.17	ESPRESSO:chr17:9:3	novel	novel_not_in_catalog	FALSE	-0.1282	ENSMUST00000072156.8	0.1297	FALSE	FALSE	FALSE	NA	0.014868349457284075	FALSE	FALSE	-0.09205379322055064	0.9741170415936116	FALSE
C	0	Coq10a	ENSMUSG00000039914.8	ENSMUST00000492045.1	GENCODE	full-splice_match	FALSE	-0.1218	ENSMUST00000220227.3	0.1179	FALSE	FALSE	FALSE	NA	0.24351044706639738	FALSE	FALSE	0.12211928725237428	0.9677906280265276	FALSE
C	0	Dxz4	ENSMUSG00000087396.10	ESPRESSO:chrX:1011:3	novel	novel_in_catalog	FALSE	-0.1189	ENSMUST00000330914.1	0.04625	FALSE	FALSE	FALSE	NA	-0.033132730015082955	FALSE	FALSE	0.11527811315961536	0.9553441940608728	FALSE
C	0	Pkp4	ENSMUSG00000026991.22	ENSMUST00000444984.1	GENCODE	full-splice_match	FALSE	0.1179	ENSMUST00000444981.1	-0.09581	FALSE	FALSE	FALSE	NA	-0.20251649817470727	FALSE	FALSE	0.3750492963398853	0.7787684195802934	FALSE
C	0	Herc3	ENSMUSG00000029804.19	ESPRESSO:chr6:765:1	novel	novel_in_catalog	FALSE	0.1152	ESPRESSO:chr6:765:3	-0.228	FALSE	FALSE	FALSE	NA	-0.2595275045257258	FALSE	FALSE	-0.818229267706877	0.6813364917740855	FALSE
C	0	Dnaaf10	ENSMUSG00000078970.7	ESPRESSO:chr11:176:0	novel	novel_not_in_catalog	TRUE	0.004095	ENSMUST00000046955.8	-0.01291	FALSE	FALSE	FALSE	NA	0.006507307871297201	FALSE	FALSE	-0.740630188312993	0.288974138495469	FALSE
