tier	score	gene_name	gene_id	transcript_ID	origin	structural_category	predicted_NMD	direction	delta	lr_prop_WT	lr_prop_Q157R	lr_adjp	drim_delta	drim_FDR	both_methods	lr_separated	lr_reads_WT	lr_reads_Q157R	lr_reads	iq_id	iq_delta	iq_agree	sr_prop_WT	sr_prop_Q157R	sr_delta	sr_gene_reads	sr_replicated	sr_separated	gene_logFC	gene_FDR	gene_level_DE
A	6	Cdc14a	ENSMUSG00000033502.17	ENSMUST00000090464.8	GENCODE	full-splice_match	FALSE	down in Q157R	-0.4164	0.8816	0.4652	9.24e-13	-0.3803287012095218	0.0118738009179928	TRUE	TRUE	86.07666666666667	12.746666666666666	TRUE	ENSMUST00000090464.8	-0.1954247013054124	TRUE	0.8180508491992448	0.620958645654766	-0.19709220354447876	1401.8335	TRUE	TRUE	-1.9124946035320791	0.03235063795916464	TRUE
A	6	Mtm1	ENSMUSG00000031337.18	ENSMUST00000061970.13	GENCODE	full-splice_match	FALSE	down in Q157R	-0.1887	0.7623	0.5736	3.57e-9	-0.1917401271485183	0.00951131684119832	TRUE	TRUE	165.67333333333332	83.32666666666667	TRUE	transcript6771.chrX.nic	-0.18129143100407466	TRUE	0.3671532121553342	0	-0.3671532121553342	339.333	TRUE	TRUE	-0.5397616121262835	0.8088171231746034	FALSE
A	6	Erbin	ENSMUSG00000021709.16	ENSMUST00000188997.8	GENCODE	full-splice_match	FALSE	up in Q157R	0.1381	0.1499	0.288	4.371e-21	0.14616670441202848	0.00799635757852398	TRUE	TRUE	69.66	164.76666666666665	TRUE	transcript21949.chr13.nic	0.13096155220746902	TRUE	0.0699722025218005	0.29004771159899573	0.22007550907719522	11674.999666666667	TRUE	TRUE	0.17935283213552408	0.8698020273360699	FALSE
A	6	Crlf3	ENSMUSG00000017561.18	ENSMUST00000061283.16	GENCODE	full-splice_match	FALSE	down in Q157R	-0.111	0.9118	0.8008	1.722e-43	-0.11622772611258748	4.920469467623748e-4	TRUE	TRUE	1100.6	990.5666666666666	TRUE	transcript26237.chr11.nic	-0.05998726764857777	TRUE	0.1866332881991638	0	-0.1866332881991638	4281.333166666666	TRUE	TRUE	0.01418942821175753	0.9931416147608088	FALSE
A	5	Atn1	ENSMUSG00000004263.17	ENSMUST00000507053.1	GENCODE	full-splice_match	FALSE	up in Q157R	0.7351	0.1893	0.9243	8.972999999999999e-30	0.788068994008289	1.213680053533369e-7	TRUE	TRUE	10.83	23	TRUE	NA	NA	NA	0.250032453728958	0.3328226589644125	0.0827902052354545	2038.9998333333333	TRUE	TRUE	-1.399643151582282	0.4985561892408517	FALSE
A	5	Gm16758	ENSMUSG00000086534.3	ESPRESSO:chr17:533:12	novel	novel_not_in_catalog	NA	up in Q157R	0.5884	0.07824	0.6667	5.762e-4	0.6947649165050872	0.04092187872329819	TRUE	TRUE	0.7933333333333333	7.666666666666667	FALSE	transcript11376.chr17.nnic	0.3148148148148148	TRUE	0.12685150852470645	0.24873496651204707	0.12188345798734063	1594.3331666666668	TRUE	TRUE	0.3393634324608961	0.9244246366970894	FALSE
A	5	Snhg8	ENSMUSG00000104960.4	ENSMUST00000196466.4	GENCODE	full-splice_match	NA	up in Q157R	0.4293	0.2308	0.6601	2.193e-5	0.4081433529275653	0.01740404032152839	TRUE	TRUE	4.333333333333333	23	TRUE	ENSMUST00000196466.4	0.290959595959596	TRUE	0.6310313103782424	0.751287641390674	0.1202563310124316	864.4996666666666	TRUE	FALSE	0.931340591196466	0.542405857336613	FALSE
A	5	Msmo1	ENSMUSG00000031604.12	ENSMUST00000034015.12	GENCODE	full-splice_match	FALSE	down in Q157R	-0.3562	0.9357	0.5795	7.401e-6	-0.2916633171867944	0.00585368996221606	TRUE	TRUE	148.13333333333333	13.556666666666667	TRUE	transcript9000.chr8.nic	-0.17833333333333334	TRUE	0.49890353455794645	0.3499430239279837	-0.14896051062996274	579.8335000000001	TRUE	FALSE	-3.0159532574131545	0.0416875753357865	TRUE
A	5	Thada	ENSMUSG00000024251.12	ENSMUST00000047524.11	GENCODE	full-splice_match	FALSE	up in Q157R	0.3095	0.305	0.6145	3.742e-18	0.3816913161995235	0.02669292618875836	TRUE	TRUE	31.253333333333334	71.29	TRUE	ENSMUST00000047524.11	0.010596604642346791	TRUE	0.38097627615565366	0.47432193666317063	0.09334566050751697	3102.333666666667	TRUE	FALSE	0.05574812154939255	0.9765538933325552	FALSE
A	5	Ppp3r1	ENSMUSG00000033953.12	ENSMUST00000102880.6	GENCODE	full-splice_match	FALSE	down in Q157R	-0.2904	0.9371	0.6467	5.816e-7	-0.2406115235898757	0.00796365057420218	TRUE	TRUE	280.2	15.98	TRUE	NA	NA	NA	0.9579578007299003	0.8566346653427832	-0.10132313538711712	3356.3331666666663	TRUE	TRUE	-3.7324944873706456	0.06902155109568708	FALSE
A	5	Rbl1	ENSMUSG00000027641.15	ENSMUST00000029170.9	GENCODE	full-splice_match	FALSE	down in Q157R	-0.2748	0.4188	0.144	3.7789999999999995e-67	-0.3128741011393762	0.00143472804798162	TRUE	TRUE	261.8666666666667	74.88666666666667	TRUE	ENSMUST00000029170.9	-0.21807068208414632	TRUE	0.7374597924813279	0.677968053100491	-0.05949173938083685	4232	TRUE	FALSE	-0.3298474087991664	0.7033379164513324	FALSE
A	5	Rpl22l1	ENSMUSG00000039221.12	ENSMUST00000195728.2	GENCODE	full-splice_match	NA	down in Q157R	-0.269	0.469	0.2	9.383e-9	-0.2630434260427902	0.00143472804798162	TRUE	TRUE	38	26.666666666666668	TRUE	NA	NA	NA	0.14382697485300794	0.06665919545447022	-0.07716777939853772	1802.6135	TRUE	TRUE	0.6169038522850305	0.5011943026114422	FALSE
A	5	Mrpl33	ENSMUSG00000106918.5	ENSMUST00000201620.2	GENCODE	full-splice_match	NA	down in Q157R	-0.2609	0.5661	0.3052	5.228e-18	-0.28377376004496346	0.00143472804798162	TRUE	TRUE	104	83.33333333333333	TRUE	ENSMUST00000201620.2	-0.30915946009141865	TRUE	0.2611947311091364	0.18586326714013662	-0.07533146396899976	781.5073333333332	TRUE	FALSE	0.5964517895740956	0.5036475925410479	FALSE
A	5	Cox16	ENSMUSG00000091803.9	ENSMUST00000168463.9	GENCODE	full-splice_match	NA	up in Q157R	0.2477	0.04103	0.2888	3.084e-8	0.2897925818442608	0.01565427171337302	TRUE	TRUE	2.3333333333333335	16.666666666666668	TRUE	ENSMUST00000168463.9	0.03364151854482729	TRUE	0.04252559991965988	0.1090939949483799	0.06656839502872003	671.929	TRUE	FALSE	0.1119807709209761	0.9553441940608728	FALSE
A	5	Mpzl1	ENSMUSG00000026566.17	ENSMUST00000111435.10	GENCODE	full-splice_match	FALSE	up in Q157R	0.2467	0.5667	0.8134	1.8e-10	0.2401449152145816	0.0015254995383529	TRUE	TRUE	64	129.63333333333333	TRUE	transcript29189.chr1.nic	0.2320541508947307	TRUE	0.7558207189979173	0.9621777251184834	0.20635700612056618	416	TRUE	FALSE	0.5012492410702805	0.5311216351404522	FALSE
A	5	Mpzl1	ENSMUSG00000026566.17	ENSMUST00000068705.14	GENCODE	full-splice_match	FALSE	down in Q157R	-0.233	0.3929	0.1599	1.016e-10	-0.24014491521458167	0.0015254995383529	TRUE	TRUE	43	26	TRUE	transcript29194.chr1.nic	-0.226121811629058	TRUE	0.20873546987067487	0	-0.20873546987067487	416	TRUE	FALSE	0.5012492410702805	0.5311216351404522	FALSE
A	5	Cd34	ENSMUSG00000016494.11	ENSMUST00000110815.10	GENCODE	full-splice_match	FALSE	down in Q157R	-0.2326	0.4051	0.1725	0	-0.23679039291071743	2.511229708399759e-19	TRUE	TRUE	2405.3333333333335	1061.9333333333334	TRUE	NA	NA	NA	0.09465210881763197	0	-0.09465210881763197	25002.000333333333	TRUE	TRUE	0.01368769200380265	0.9914991196235148	FALSE
A	5	Atp5if1	ENSMUSG00000054428.14	ENSMUST00000067496.8	GENCODE	full-splice_match	FALSE	up in Q157R	0.2238	0.6456	0.8694	2.267e-38	0.21620833868164335	9.593138131403048e-4	TRUE	TRUE	165.96666666666667	634.6666666666666	TRUE	NA	NA	NA	0.6106117065926289	0.7002218950800757	0.08961018848744684	1915.167	TRUE	TRUE	1.4895671598175244	0.03235063795916464	TRUE
A	5	Cd34	ENSMUSG00000016494.11	ENSMUST00000016638.9	GENCODE	full-splice_match	FALSE	up in Q157R	0.2202	0.5628	0.7831	0	0.23679039291071743	2.511229708399759e-19	TRUE	TRUE	3352.3333333333335	4781.333333333333	TRUE	transcript37619.chr1.nic	0.09429196763681086	TRUE	0.4959581344494741	0.5856164318699395	0.08965829742046538	25002.000333333333	TRUE	FALSE	0.01368769200380265	0.9914991196235148	FALSE
A	5	Tcf19	ENSMUSG00000050410.17	ENSMUST00000160885.3	GENCODE	full-splice_match	FALSE	up in Q157R	0.2157	0.08341	0.2991	2.92e-17	0.21494044120052705	6.131429612798654e-4	TRUE	TRUE	13.36	49.11	TRUE	ENSMUST00000160885.3	0.22744457093907955	TRUE	0.05243529248659288	0.24723155893644108	0.1947962664498482	722.6666666666666	TRUE	FALSE	-0.02626545353971631	0.9884521972488916	FALSE
A	5	2410006H16Rik	ENSMUSG00000086841.4	ENSMUST00000131787.4	GENCODE	full-splice_match	NA	up in Q157R	0.2141	0.1113	0.3253	9.894e-8	0.23534581334286991	0.00130621727796309	TRUE	TRUE	9.666666666666666	29	TRUE	transcript17392.chr11.nic	0.059964726631393295	TRUE	0.5675160518175411	0.6770054190726961	0.10948936725515501	1519.1371666666666	TRUE	FALSE	0.04389958927892722	0.9804002485042904	FALSE
A	5	Atp5mg	ENSMUSG00000038717.11	ENSMUST00000216815.3	GENCODE	full-splice_match	NA	down in Q157R	-0.2099	0.3438	0.1339	1.626e-10	-0.21633779931025965	0.03801582451657755	TRUE	TRUE	30	30.666666666666668	TRUE	NA	NA	NA	0.1690926503027653	0.09368452199622132	-0.07540812830654398	1620.3333333333335	TRUE	TRUE	1.3901847904404632	0.071307925184225	FALSE
A	5	Cdc37l1	ENSMUSG00000024780.9	ENSMUST00000050148.6	GENCODE	full-splice_match	FALSE	down in Q157R	-0.1916	0.4477	0.2561	1.535e-12	-0.2084803704550834	0.03541187004714114	TRUE	TRUE	133.78	73.03	TRUE	transcript10611.chr19.nic	-0.07024002481800334	TRUE	0.1684387733901586	0.10797729815383515	-0.06046147523632346	2391.728	TRUE	FALSE	-0.14548955858907128	0.9326916094134964	FALSE
A	5	Ndufv3	ENSMUSG00000024038.19	ENSMUST00000064798.17	GENCODE	full-splice_match	FALSE	up in Q157R	0.1793	0.06893	0.2482	1.128e-19	0.19713689150042724	6.131429612798654e-4	TRUE	TRUE	21.37	71.16333333333333	TRUE	ENSMUST00000064798.17	0.1917693419811907	TRUE	0.5115835766723755	0.5672075436978017	0.05562396702542616	1126.5003333333334	TRUE	FALSE	0.03967435307137977	0.9811213801691758	FALSE
A	5	Tmpo	ENSMUSG00000019961.19	ENSMUST00000072239.15	GENCODE	full-splice_match	FALSE	down in Q157R	-0.1781	0.5896	0.4115	1.0849999999999998e-108	-0.1944186256423887	0.02171180202644692	TRUE	TRUE	1306	940.2333333333333	TRUE	NA	NA	NA	0.3166316933945354	0.20573723371373132	-0.11089445968080408	13774.499833333333	TRUE	TRUE	0.0933465656433852	0.9317970493365176	FALSE
A	5	Emp3	ENSMUSG00000040212.14	ENSMUST00000038876.14	GENCODE	full-splice_match	FALSE	up in Q157R	0.173	0.6453	0.8183	8.417e-6	0.15723094873597776	0.04092187872329819	TRUE	TRUE	78.32333333333334	180	TRUE	ENSMUST00000038876.14	0.17859552275341684	TRUE	0.46363773578668743	0.6160746280231788	0.15243689223649137	1799.4593333333332	TRUE	FALSE	0.8785354275028034	0.4270669460500652	FALSE
A	5	Crlf3	ENSMUSG00000017561.18	ENSMUST00000103233.11	GENCODE	full-splice_match	FALSE	up in Q157R	0.115	0.07879	0.1938	2.8420000000000002e-50	0.11622772611258753	4.920469467623748e-4	TRUE	TRUE	90.7	244.83333333333334	TRUE	ENSMUST00000103233.11	0.07592702471788518	TRUE	0.03137380169892249	0.12483808317340699	0.09346428147448449	4281.333166666666	TRUE	FALSE	0.01418942821175753	0.9931416147608088	FALSE
A	5	Efcab14	ENSMUSG00000034210.16	ENSMUST00000106525.10	GENCODE	full-splice_match	FALSE	down in Q157R	-0.115	0.7601	0.6451	9.526e-8	-0.12241837855886784	0.04638248530079336	TRUE	TRUE	262.7	241.5666666666667	TRUE	transcript17436.chr4.nic	-0.04615607133539479	TRUE	0.3601179835362029	0.2982498587179237	-0.06186812481827919	4189.166166666667	TRUE	FALSE	0.11432644357505556	0.9410674739545598	FALSE
A	5	Idh3g	ENSMUSG00000002010.19	ENSMUST00000468421.1	GENCODE	full-splice_match	FALSE	up in Q157R	0.111	0.2316	0.3425	1.217e-13	0.115031307691281	0.03095582478583154	TRUE	TRUE	172.16666666666666	256.1333333333333	TRUE	NA	NA	NA	0.21035536077867015	0.39709549287154344	0.1867401320928733	3912.6670000000004	TRUE	TRUE	-0.01125125685480087	0.9934732594453016	FALSE
A	4	Mrpl23	ENSMUSG00000037772.15	ENSMUST00000038675.7	GENCODE	full-splice_match	FALSE	up in Q157R	0.4005	0.398	0.7985	1.87e-7	0.3763884177989697	0.00672178767773775	TRUE	TRUE	12	38.666666666666664	TRUE	NA	NA	NA	0.08961111384255098	0.15282903415722507	0.06321792031467409	182.15383333333332	TRUE	FALSE	0.7037598656588783	0.4928417356716318	FALSE
A	4	Snhg8	ENSMUSG00000104960.4	ENSMUST00000198509.4	GENCODE	full-splice_match	NA	down in Q157R	-0.3494	0.6695	0.3201	4.508e-4	-0.4081433529275653	0.01740404032152839	TRUE	TRUE	13	11.666666666666666	TRUE	NA	NA	NA	0.11287767052717415	0.05941481219244889	-0.05346285833472526	864.4996666666666	TRUE	FALSE	0.931340591196466	0.542405857336613	FALSE
A	4	Ndufa13	ENSMUSG00000036199.11	ESPRESSO:chr8:822:3	novel	novel_not_in_catalog	FALSE	up in Q157R	0.3253	0.5893	0.9147	7.087e-16	0.1899333836487158	0.00143472804798162	TRUE	TRUE	37.54	185.51666666666668	TRUE	NA	NA	NA	0.33606398192970544	0.42604750094675586	0.08998351901705043	1041.1671666666666	TRUE	FALSE	1.6098756949788928	0.08369006435629295	FALSE
A	4	Ndufa7	ENSMUSG00000041881.15	ENSMUST00000048249.9	GENCODE	full-splice_match	FALSE	up in Q157R	0.2486	0.527	0.7756	1.405e-6	0.22882725658590464	0.00274403403387319	TRUE	TRUE	34	167	TRUE	NA	NA	NA	0.5984641347956551	0.6628852321497294	0.06442109735407431	849.167	TRUE	FALSE	1.8105351290033904	0.03235063795916464	TRUE
A	4	Atp5mg	ENSMUSG00000038717.11	ENSMUST00000043675.10	GENCODE	full-splice_match	FALSE	up in Q157R	0.2369	0.6093	0.8463	9.776e-12	0.21633779931025965	0.03801582451657755	TRUE	TRUE	54.666666666666664	202.33333333333334	TRUE	NA	NA	NA	0.8215625841331399	0.8812977768899174	0.05973519275677752	1620.3333333333335	TRUE	FALSE	1.3901847904404632	0.071307925184225	FALSE
A	4	Ndufb8	ENSMUSG00000025204.12	ENSMUST00000026222.12	GENCODE	full-splice_match	FALSE	up in Q157R	0.2078	0.368	0.5758	5.3819999999999994e-42	0.21081780666759004	0.00378684636217146	TRUE	TRUE	246.66666666666666	656.6666666666666	TRUE	NA	NA	NA	0.709414862121285	0.7940304908486449	0.08461562872735984	1297.6670000000001	TRUE	FALSE	0.7594218079012361	0.23362203014482716	FALSE
A	4	Rbm34	ENSMUSG00000033931.11	ENSMUST00000045994.9	GENCODE	full-splice_match	FALSE	down in Q157R	-0.2001	0.3882	0.1881	1.052e-11	-0.22688131664750116	0.02669292618875836	TRUE	TRUE	84.58666666666667	24.56	TRUE	NA	NA	NA	0.2298021496487541	0.006266666666666666	-0.22353548298208742	846.6668333333333	TRUE	FALSE	-0.6525850472310272	0.4198578266677804	FALSE
A	4	Surf2	ENSMUSG00000014873.17	ENSMUST00000015017.9	GENCODE	full-splice_match	FALSE	down in Q157R	-0.1748	0.5911	0.4163	2.644e-7	-0.1609938585400908	0.02179412790498423	TRUE	TRUE	142.63333333333333	59.16	TRUE	NA	NA	NA	0.44265080420610864	0.21812930593219196	-0.22452149827391668	554.7131666666667	TRUE	FALSE	-0.757014594311108	0.1365573455394692	FALSE
A	4	Gng5	ENSMUSG00000068523.14	ENSMUST00000090031.13	GENCODE	full-splice_match	NA	up in Q157R	0.1503	0.8138	0.9642	1.414e-6	0.13099675925871612	0.04393447495258484	TRUE	TRUE	55.333333333333336	223	TRUE	NA	NA	NA	0.8055326221005019	0.8894798177551592	0.08394719565465725	1146.956	TRUE	FALSE	1.8234898676558935	0.03235063795916464	TRUE
A	4	Vps29	ENSMUSG00000029462.20	ENSMUST00000155671.9	GENCODE	full-splice_match	FALSE	down in Q157R	-0.1484	0.6036	0.4552	5.588e-19	-0.1541552870011471	0.00425585011577036	TRUE	TRUE	422.0333333333333	331.56666666666666	TRUE	NA	NA	NA	0.1931845192372037	0.12904253349675818	-0.06414198574044552	936.7875	TRUE	FALSE	0.04437670360708969	0.9748298670206182	FALSE
A	4	Pex2	ENSMUSG00000040374.15	ENSMUST00000059021.11	GENCODE	full-splice_match	FALSE	down in Q157R	-0.125	0.2843	0.1593	1.051e-27	-0.16279508423034184	0.00456138826318721	TRUE	TRUE	304.3	113.88	TRUE	NA	NA	NA	0.09027592906935322	0.028132501485442662	-0.06214342758391056	687.8333333333334	TRUE	FALSE	-0.5210662231301725	0.2534553108254913	FALSE
A	4	Atp11c	ENSMUSG00000062949.15	ENSMUST00000101527.3	GENCODE	full-splice_match	FALSE	down in Q157R	-0.1026	0.15	0.04744	8.569e-9	-0.1276486482473812	0.02922757778820876	TRUE	TRUE	33.76	10.336666666666666	TRUE	NA	NA	NA	0.3019611766123852	0.14011592920748103	-0.16184524740490416	2632.0003333333334	TRUE	FALSE	-0.0492460158600571	0.9776916549909992	FALSE
B	4	Gtpbp2	ENSMUSG00000023952.15	ENSMUST00000024748.14	GENCODE	full-splice_match	FALSE	down in Q157R	-0.6908	0.786	0.09524	3.532e-8	-0.8171151521308775	8.231036255610175e-4	TRUE	TRUE	14.793333333333333	0.6666666666666666	TRUE	ENSMUST00000024748.14	-0.7437908496732026	TRUE	0.8464354224855328	0.8750996716165018	0.02866424913096899	1977.833	FALSE	FALSE	-1.3296238458025358	0.6767836005891524	FALSE
B	4	Atrnl1	ENSMUSG00000054843.11	ENSMUST00000077282.8	GENCODE	full-splice_match	FALSE	up in Q157R	0.5776	0.1768	0.7544	5.014e-12	0.7058388721062812	0.03507404136206	TRUE	FALSE	10.606666666666667	33.1	TRUE	ENSMUST00000077282.8	0.035316687113612855	TRUE	0.29068381293479634	0.433650144750762	0.14296633181596569	892.0493333333334	TRUE	FALSE	0.17562360759766182	0.942682747591764	FALSE
B	4	Mgst2	ENSMUSG00000074604.11	ENSMUST00000099106.11	GENCODE	full-splice_match	FALSE	up in Q157R	0.4911	0.2916	0.7827	2.252e-5	0.4652833289856329	0.00672178767773775	TRUE	TRUE	10.61	14.333333333333334	TRUE	ENSMUST00000099106.11	0.4164978812037635	TRUE	0.398882053644454	0.4194892094682633	0.020607155823809287	103.166	FALSE	FALSE	-0.6360402284191494	0.8874437143541035	FALSE
B	4	Manba	ENSMUSG00000028164.17	ENSMUST00000029814.11	GENCODE	full-splice_match	FALSE	down in Q157R	-0.4852	0.7439	0.2587	1.433e-8	-0.48991211239331744	0.00425585011577036	TRUE	TRUE	42.73	4.666666666666667	TRUE	transcript24060.chr3.nic	-0.37595155478573705	TRUE	0.7934570680014799	0.7974752844615194	0.004018216460039525	1502.5	FALSE	FALSE	-1.7956672222669774	0.2591611390369717	FALSE
B	4	Ago1	ENSMUSG00000041530.19	ENSMUST00000239428.2	GENCODE	full-splice_match	FALSE	up in Q157R	0.3912	0.08216	0.4733	2.203e-16	0.45160575318902185	0.01918907047782695	TRUE	TRUE	3.78	32.586666666666666	TRUE	ENSMUST00000239428.2	-6.652069082901946e-6	FALSE	0	0.052330629246376804	0.052330629246376804	8067.430666666667	TRUE	FALSE	0.3640968804669464	0.851374297135837	FALSE
B	4	Trappc2l	ENSMUSG00000015013.11	ENSMUST00000015157.11	GENCODE	full-splice_match	FALSE	up in Q157R	0.365	0.4315	0.7965	8.343e-7	0.34799915769677736	8.231036255610175e-4	TRUE	TRUE	15.333333333333334	36.656666666666666	TRUE	transcript27988.chr8.nic	0.31474466891133557	TRUE	0.3493843886863973	0.32323090268418125	-0.026153486002216064	344.3335	FALSE	FALSE	0.393682643582296	0.8341853980813375	FALSE
B	4	Rpl37	ENSMUSG00000041841.10	ENSMUST00000045356.10	GENCODE	full-splice_match	NA	up in Q157R	0.3616	0.524	0.8855	1.7620000000000002e-26	0.35136151708993235	1.388965425655683e-16	TRUE	TRUE	39.986666666666665	233.66666666666666	TRUE	transcript177.chr15.nic	0.508990912321224	TRUE	0.3362040126585192	0.34042118110600716	0.0042171684474879845	7191.098666666667	FALSE	FALSE	1.753980083155995	0.0243964110676471	TRUE
B	4	Cox7c	ENSMUSG00000017778.16	ENSMUST00000132233.2	GENCODE	full-splice_match	NA	down in Q157R	-0.3593	0.6682	0.3089	5.878e-17	-0.3711441073880639	9.53565273300932e-4	TRUE	TRUE	45.666666666666664	37.666666666666664	TRUE	ENSMUST00000132233.2	-0.3303649323245521	TRUE	0.0746453720454565	0.06396956919529015	-0.010675802850166352	1581.667	FALSE	FALSE	0.9055738419342536	0.3373721574337533	FALSE
B	4	Cox7c	ENSMUSG00000017778.16	ENSMUST00000131011.2	GENCODE	full-splice_match	NA	up in Q157R	0.3337	0.322	0.6557	1.825e-15	0.3711441073880639	9.53565273300932e-4	TRUE	TRUE	18	79.65	TRUE	ENSMUST00000131011.2	0.39224446293160803	TRUE	0.8560515931227228	0.870682008750897	0.014630415628174132	1581.667	FALSE	FALSE	0.9055738419342536	0.3373721574337533	FALSE
B	4	Tmem128	ENSMUSG00000067365.13	ENSMUST00000087511.11	GENCODE	full-splice_match	FALSE	down in Q157R	-0.3206	0.7509	0.4303	4.146e-9	-0.29774775017296545	0.0085916598704301	TRUE	TRUE	93.66666666666667	27.656666666666666	TRUE	ENSMUST00000087511.11	-0.23129399368076908	TRUE	0.5614701039591404	0.5945376505499989	0.03306754659085842	690.1666666666666	FALSE	FALSE	-1.0745363468537128	0.1313353881927369	FALSE
B	4	Dnmbp	ENSMUSG00000025195.11	ENSMUST00000212592.3	GENCODE	full-splice_match	FALSE	down in Q157R	-0.3183	0.3456	0.02728	1.991e-9	-0.32850357793893614	0.00143472804798162	TRUE	TRUE	13.713333333333333	1.6633333333333333	TRUE	ENSMUST00000212592.3	-0.07292235785617933	TRUE	0.025216963283971508	0.053596975967060805	0.028380012683089297	2010	FALSE	FALSE	0.26399098356559597	0.919041279908857	FALSE
B	4	Mrpl33	ENSMUSG00000106918.5	ENSMUST00000031024.14	GENCODE	full-splice_match	NA	up in Q157R	0.3174	0.2531	0.5705	8.156999999999999e-29	0.33839536325729325	2.9260778058738837e-5	TRUE	TRUE	50.666666666666664	161.66666666666666	TRUE	ENSMUST00000031024.14	0.32466566139787467	TRUE	0.5146130320478037	0.5139910692845935	-6.219627632102487e-4	781.5073333333332	FALSE	FALSE	0.5964517895740956	0.5036475925410479	FALSE
B	4	Rps29	ENSMUSG00000034892.10	ENSMUST00000037023.9	GENCODE	full-splice_match	NA	up in Q157R	0.3095	0.6778	0.9872	1.266e-5	0.2791831553228066	0.00903034154504023	TRUE	TRUE	8	54.666666666666664	TRUE	ENSMUST00000037023.9	0.28047376797538104	TRUE	0.9756719728730747	0.9774182317985293	0.0017462589254545469	10810.4995	FALSE	FALSE	2.2021186867249165	0.05950423404397983	FALSE
B	4	Rps28	ENSMUSG00000067288.15	ENSMUST00000173844.8	GENCODE	full-splice_match	NA	up in Q157R	0.2967	0.4551	0.7518	1.762e-5	0.29638297490675736	0.00146620743733194	TRUE	TRUE	14.9	93.20333333333333	TRUE	transcript14171.chr17.nic	0.15287319383941533	TRUE	0.7752425445464883	0.7803658596493156	0.005123315102827264	10973.112666666666	FALSE	FALSE	1.8777016036537957	0.03303995513587431	TRUE
B	4	Cox6c	ENSMUSG00000014313.17	ENSMUST00000014457.15	GENCODE	full-splice_match	NA	up in Q157R	0.284	0.4114	0.6954	6.993e-13	0.2768762781970456	0.00284119792747613	TRUE	TRUE	47	176	TRUE	transcript3194.chr15.nic	0.33499725536937525	TRUE	0.7614008385947076	0.772437453474981	0.01103661488027341	1462.6666666666667	FALSE	FALSE	1.2124343765673051	0.071307925184225	FALSE
B	4	Synj2	ENSMUSG00000023805.19	ENSMUST00000115791.10	GENCODE	full-splice_match	FALSE	up in Q157R	0.2716	0.2918	0.5634	1.151e-4	0.329101660589906	0.00785435732995096	TRUE	TRUE	12.486666666666666	28.616666666666667	TRUE	ENSMUST00000115791.10	0.015009879920960617	TRUE	0.17044627889830666	0.047085252846174215	-0.12336102605213245	1189.167	FALSE	FALSE	0.17701653811779247	0.9410674739545598	FALSE
B	4	Dnajc19	ENSMUSG00000027679.15	ENSMUST00000108195.10	GENCODE	full-splice_match	FALSE	up in Q157R	0.2399	0.5363	0.7762	1.735e-14	0.2276432054392944	0.0146081762973474	TRUE	TRUE	70.66666666666667	208	TRUE	transcript3002.chr3.nic	0.2395744581089409	TRUE	0.5591352646431843	0.3099619399826409	-0.24917332466054343	445.83366666666666	FALSE	FALSE	1.0368898162214353	0.3036729957404716	FALSE
B	4	Sem1	ENSMUSG00000042541.12	ENSMUST00000041111.11	GENCODE	full-splice_match	NA	up in Q157R	0.214	0.7152	0.9292	2.805e-10	0.2012536169311543	0.00302785002477262	TRUE	TRUE	66	168.66666666666666	TRUE	ENSMUST00000041111.11	0.21852984636417772	TRUE	0.8819741655143278	0.928041982205861	0.04606781669153315	1367.8331666666666	FALSE	FALSE	1.0462575375395342	0.17591946224554308	FALSE
B	4	Tmem258	ENSMUSG00000036372.16	ENSMUST00000040372.14	GENCODE	full-splice_match	FALSE	up in Q157R	0.2131	0.7316	0.9447	8.123e-5	0.15075091696596166	0.0407974731807046	TRUE	TRUE	28.656666666666666	132.33333333333334	TRUE	transcript6430.chr19.nic	0.28301690955379477	TRUE	0.7897652035133571	0.7613276864473144	-0.028437517066042695	1090.1673333333333	FALSE	FALSE	1.8211819426201916	0.02513329275159671	TRUE
B	4	Rbis	ENSMUSG00000078784.10	ENSMUST00000185384.8	GENCODE	full-splice_match	FALSE	up in Q157R	0.2037	0.1563	0.36	2.046e-12	0.21037803474077657	0.01105316757609122	TRUE	TRUE	24.666666666666668	85.91	TRUE	transcript626.chr3.nic	0.0626717175739019	TRUE	0.34961943304813775	0.32281637465894447	-0.02680305838919328	467.92533333333336	FALSE	FALSE	0.605897356154204	0.4904989085058328	FALSE
B	4	Ndufv3	ENSMUSG00000024038.19	ENSMUST00000046288.17	GENCODE	full-splice_match	FALSE	down in Q157R	-0.2034	0.8894	0.6859	4.9780000000000006e-20	-0.19713689150042724	6.131429612798654e-4	TRUE	TRUE	240.53333333333333	193.3	TRUE	ENSMUST00000046288.17	-0.2064669457719499	TRUE	0.31275961714994727	0.34034936148146466	0.027589744331517396	1126.5003333333334	FALSE	FALSE	0.03967435307137977	0.9811213801691758	FALSE
B	4	Rpl30	ENSMUSG00000058600.15	ENSMUST00000009039.7	GENCODE	full-splice_match	FALSE	up in Q157R	0.198	0.2509	0.449	2.453e-6	0.23780163240365493	0.01105316757609122	TRUE	TRUE	24.333333333333332	78	TRUE	transcript2928.chr15.nic	0.2169207706416602	TRUE	0.03394993830063535	0.03940116946331867	0.005451231162683319	9241.565666666667	FALSE	FALSE	0.8691747729240158	0.288974138495469	FALSE
B	4	Arhgap4	ENSMUSG00000031389.19	ENSMUST00000064376.14	GENCODE	full-splice_match	FALSE	down in Q157R	-0.1934	0.5138	0.3203	9.213e-12	-0.2137255649602372	0.00274403403387319	TRUE	TRUE	126.87666666666668	66.16333333333333	TRUE	transcript7345.chrX.nic	-0.06276684115380568	TRUE	0.04486036523651449	0.06624804825305877	0.021387683016544284	2557.177833333333	FALSE	FALSE	-0.26495015947967915	0.8594179002592983	FALSE
B	4	Rad54b	ENSMUSG00000078773.13	ENSMUST00000070755.14	GENCODE	full-splice_match	FALSE	up in Q157R	0.1859	0.3895	0.5754	2.056e-14	0.260027827905314	0.00425585011577036	TRUE	TRUE	100.13	199.33333333333334	TRUE	ENSMUST00000070755.14	0.19870645523551828	TRUE	0.05721813968884475	0	-0.05721813968884475	937.405	FALSE	FALSE	0.3540813905046374	0.7410897981169566	FALSE
B	4	Ndufb8	ENSMUSG00000025204.12	ENSMUST00000171415.9	GENCODE	full-splice_match	FALSE	down in Q157R	-0.181	0.5517	0.3707	1.9200000000000002e-29	-0.18645215343895405	0.01873524471305657	TRUE	TRUE	344.1666666666667	412.1666666666667	TRUE	ENSMUST00000171415.9	-0.03461256049534389	TRUE	0.08290751775466286	0.14399992181839852	0.06109240406373566	1297.6670000000001	FALSE	FALSE	0.7594218079012361	0.23362203014482716	FALSE
B	4	Vamp8	ENSMUSG00000050732.11	ENSMUST00000059983.10	GENCODE	full-splice_match	FALSE	up in Q157R	0.1776	0.486	0.6636	2.649e-15	0.1859684816770988	0.04092187872329819	TRUE	TRUE	203.95	416.59999999999997	TRUE	ENSMUST00000059983.10	-0.02639058938023909	FALSE	0.6912596066725707	0.7893562729862851	0.09809666631371439	3661.5	TRUE	FALSE	0.6633926896201954	0.3453330914621184	FALSE
B	4	Gse1	ENSMUSG00000031822.22	ENSMUST00000118136.3	GENCODE	full-splice_match	FALSE	up in Q157R	0.1708	0.4815	0.6523	3.399e-16	0.17550172551988874	0.00425585011577036	TRUE	TRUE	194.03333333333333	300.3666666666667	TRUE	ENSMUST00000118136.3	0.0937174991547981	TRUE	0.143431630988101	0.14074445594895268	-0.0026871750391483096	11896	FALSE	FALSE	0.12478678503125656	0.9513534859616952	FALSE
B	4	Rsph3b	ENSMUSG00000023806.12	ENSMUST00000232602.2	GENCODE	full-splice_match	NA	up in Q157R	0.1622	0.2176	0.3798	5.115e-9	0.1597464893302578	0.02665805728547179	TRUE	TRUE	67.74666666666667	76.24	TRUE	ENSMUST00000232602.2	0.1262813615538867	TRUE	0.1286971272061554	0.16979085456068543	0.04109372735453004	1061.8186666666666	FALSE	FALSE	-0.6304043320330116	0.1824435585410438	FALSE
B	4	Rhot1	ENSMUSG00000017686.19	ENSMUST00000092857.14	GENCODE	full-splice_match	FALSE	up in Q157R	0.1615	0.4894	0.651	5.544e-52	0.18001846448693448	0.00425585011577036	TRUE	TRUE	504.7333333333333	895.9	TRUE	transcript26500.chr11.nic	0.08667115675405324	TRUE	0.005668568148387328	0.01745308352849337	0.01178451538010604	2067.6666666666665	FALSE	FALSE	0.31016288833261013	0.7499085367513838	FALSE
B	4	Bbs12	ENSMUSG00000051444.11	ENSMUST00000108121.5	GENCODE	full-splice_match	FALSE	up in Q157R	0.1566	0.06822	0.2248	5.97e-10	0.16286702985189838	4.351833859393104e-4	TRUE	TRUE	11	37	TRUE	ENSMUST00000108121.5	0.17571341595238882	TRUE	0.006518707482993197	0.02433879781420765	0.017820090331214455	249.55716666666666	FALSE	FALSE	0.08415962770253128	0.9741170415936116	FALSE
B	4	Bbs12	ENSMUSG00000051444.11	ENSMUST00000057975.9	GENCODE	full-splice_match	FALSE	down in Q157R	-0.1552	0.7457	0.5905	8.151e-6	-0.16041256215675237	0.02064417068641563	TRUE	TRUE	117.33333333333333	95	TRUE	transcript3691.chr3.nic	-0.15133376200213083	TRUE	0.5353603980376218	0.5652230392156863	0.029862641178064475	249.55716666666666	FALSE	FALSE	0.08415962770253128	0.9741170415936116	FALSE
B	4	Ndufa7	ENSMUSG00000041881.15	ENSMUST00000173946.2	GENCODE	full-splice_match	NA	down in Q157R	-0.1519	0.2201	0.06821	4.811e-5	-0.13274173368617714	0.04069688646482166	TRUE	TRUE	12	14	TRUE	transcript14192.chr17.nic	-0.22556269982740573	TRUE	0	0	0	849.167	FALSE	FALSE	1.8105351290033904	0.03235063795916464	TRUE
B	4	Lsm7	ENSMUSG00000035215.11	ENSMUST00000218931.2	GENCODE	full-splice_match	FALSE	down in Q157R	-0.1509	0.209	0.05817	4.203e-13	-0.1545719792322476	8.434095264923836e-4	TRUE	TRUE	27	22.333333333333332	TRUE	transcript16035.chr10.nic	-0.08362634024920101	TRUE	0.01741020216628259	0.024318855122662363	0.006908652956379772	697.8340000000001	FALSE	FALSE	1.5139781911814525	0.05950423404397983	FALSE
B	4	Gng5	ENSMUSG00000068523.14	ENSMUST00000118280.3	GENCODE	full-splice_match	NA	down in Q157R	-0.1503	0.1862	0.03584	1.414e-6	-0.13099675925871612	0.04393447495258484	TRUE	TRUE	10.333333333333334	8	TRUE	ENSMUST00000118280.3	0	FALSE	0.19446737789949806	0.11052018224484086	-0.08394719565465719	1146.956	TRUE	FALSE	1.8234898676558935	0.03235063795916464	TRUE
B	4	Vps29	ENSMUSG00000029462.20	ENSMUST00000118830.9	GENCODE	full-splice_match	FALSE	up in Q157R	0.1485	0.3507	0.4991	6.971000000000001e-20	0.15415528700114706	0.00425585011577036	TRUE	TRUE	244.63333333333333	360.7	TRUE	ENSMUST00000118830.9	0.012776274193329273	TRUE	0.2382596111621664	0.2133781189625862	-0.02488149219958019	936.7875	FALSE	FALSE	0.04437670360708969	0.9748298670206182	FALSE
B	4	Ndufa13	ENSMUSG00000036199.11	ESPRESSO:chr8:822:2	novel	novel_not_in_catalog	FALSE	down in Q157R	-0.1456	0.1798	0.03421	1.433e-8	-0.18993338364871573	0.00143472804798162	TRUE	TRUE	10.763333333333334	6.183333333333334	TRUE	transcript10479.chr8.nnic	-0.07007108898792837	TRUE	0.006490351865815289	0.008716763657612557	0.0022264117917972677	1041.1671666666666	FALSE	FALSE	1.6098756949788928	0.08369006435629295	FALSE
B	4	Rpl37	ENSMUSG00000041841.10	ENSMUST00000227635.2	GENCODE	full-splice_match	NA	down in Q157R	-0.143	0.2092	0.06624	6.603e-7	-0.1440369978782312	8.267092157427113e-4	TRUE	TRUE	15.333333333333334	16.666666666666668	TRUE	ENSMUST00000227635.2	-0.16339905307293665	TRUE	0.029933880886496376	0.021549732438982498	-0.008384148447513878	7191.098666666667	FALSE	FALSE	1.753980083155995	0.0243964110676471	TRUE
B	4	Setd5	ENSMUSG00000034269.14	ENSMUST00000113157.9	GENCODE	full-splice_match	FALSE	up in Q157R	0.1417	0.1522	0.2939	2.734e-23	0.17823107321040307	0.01669816313588327	TRUE	FALSE	68.49666666666667	155.96666666666667	TRUE	NA	NA	NA	0.11113375780932327	0.2743343113375486	0.16320055352822532	8732.500166666667	TRUE	TRUE	0.05663499223168478	0.9609780401746648	FALSE
B	4	Tcf12	ENSMUSG00000032228.18	ENSMUST00000034755.14	GENCODE	full-splice_match	FALSE	up in Q157R	0.1315	0.5085	0.64	9.07e-11	0.1488296521080007	0.02549979875141483	TRUE	TRUE	182.16666666666666	287.23333333333335	TRUE	transcript17855.chr9.nic	0.08577600691544568	TRUE	0.04683890790414353	0.009525320791442395	-0.037313587112701135	5092.166666666667	FALSE	FALSE	0.26811746032892125	0.7968207639734094	FALSE
B	4	Zfp809	ENSMUSG00000057982.10	ENSMUST00000445069.1	GENCODE	full-splice_match	FALSE	up in Q157R	0.1205	0.03186	0.1524	4.036e-5	0.12952185978851757	0.04092187872329819	TRUE	TRUE	2.046666666666667	15.283333333333333	TRUE	ENSMUST00000445069.1	0.11724966432203275	TRUE	0.0033877171241469568	0.006495115044429712	0.003107397920282755	1884.3391666666666	FALSE	FALSE	0.3909880647728384	0.7635729964145824	FALSE
B	4	Rad54b	ENSMUSG00000078773.13	ENSMUST00000095145.13	GENCODE	full-splice_match	FALSE	down in Q157R	-0.1189	0.1881	0.06922	1.576e-14	-0.19137831764481408	0.02023715598013934	TRUE	TRUE	50.99333333333333	22.38	TRUE	ENSMUST00000095145.13	-0.15968751436008782	TRUE	0	0.01544467847115723	0.01544467847115723	937.405	FALSE	FALSE	0.3540813905046374	0.7410897981169566	FALSE
B	4	Arhgap4	ENSMUSG00000031389.19	ENSMUST00000114407.10	GENCODE	full-splice_match	FALSE	up in Q157R	0.1144	0.1405	0.2548	6.784e-5	0.19312367555677237	0.00414401363970886	TRUE	TRUE	36.14333333333333	52.99666666666666	TRUE	transcript7372.chrX.nic	0.028174196507871445	TRUE	0	0	0	2557.177833333333	FALSE	FALSE	-0.26495015947967915	0.8594179002592983	FALSE
B	4	Mettl8	ENSMUSG00000041975.19	ENSMUST00000521148.1	GENCODE	full-splice_match	FALSE	down in Q157R	-0.1094	0.2052	0.0958	1.193e-11	-0.12303030740355414	0.02064417068641563	TRUE	TRUE	80.52	36.13	TRUE	transcript18305.chr2.nic	-0.10185830138866564	TRUE	0.04168185462654405	0	-0.04168185462654405	465.6666666666667	FALSE	FALSE	-0.04606591738358154	0.9741170415936116	FALSE
B	3	Gtpbp2	ENSMUSG00000023952.15	ENSMUST00000165686.2	GENCODE	full-splice_match	NA	up in Q157R	0.7237	0.03819	0.7619	5.109e-11	0.8171151521308775	8.231036255610175e-4	TRUE	TRUE	0.6666666666666666	6	FALSE	ENSMUST00000165686.2	0.580392156862745	TRUE	0.03158712745635849	0.054333135530219095	0.022746008073860603	1977.833	FALSE	FALSE	-1.3296238458025358	0.6767836005891524	FALSE
B	3	Ubn1	ENSMUSG00000039473.10	ENSMUST00000230703.3	GENCODE	full-splice_match	FALSE	up in Q157R	0.2678	0.1877	0.4555	1.981e-21	0.40802544776859406	0.02109404752434788	TRUE	FALSE	72.43333333333334	212.03333333333333	TRUE	ENSMUST00000230703.3	3.5079970185691867e-4	TRUE	0	0.043464685098167775	0.043464685098167775	6923.833333333334	FALSE	FALSE	0.6614326475574122	0.3774154971522449	FALSE
B	3	Nfix	ENSMUSG00000001911.18	ENSMUST00000536969.1	GENCODE	full-splice_match	FALSE	down in Q157R	-0.2383	0.3124	0.07407	2.608e-5	-0.26879232739831665	0.0420376273465893	TRUE	FALSE	12.083333333333334	1.3333333333333333	TRUE	transcript16323.chr8.nic	-0.15211569954645024	TRUE	0.8139995581665485	0.7988635001402516	-0.015136058026296806	5827.833166666666	FALSE	FALSE	-0.3818426237455755	0.9041734100578408	FALSE
B	3	Ppp1r13l	ENSMUSG00000040734.16	ENSMUST00000471709.1	GENCODE	full-splice_match	FALSE	down in Q157R	-0.1898	0.2088	0.01899	4.209e-5	-0.19887686540739016	0.01684583587537334	TRUE	TRUE	8.496666666666666	0.8733333333333334	FALSE	ENSMUST00000471709.1	-0.28094978732233633	TRUE	0.16140833665206425	0.19658064516129034	0.03517230850922609	221.66649999999998	FALSE	FALSE	0.04494844713798088	0.9851023800354044	FALSE
B	3	Ubr3	ENSMUSG00000044308.20	ENSMUST00000525384.1	GENCODE	full-splice_match	FALSE	up in Q157R	0.1833	0.08285	0.2662	1.585e-10	0.24595344551586767	0.00425585011577036	TRUE	FALSE	15.246666666666668	52.89666666666667	TRUE	NA	NA	NA	0.20761735515304774	0.2710732276482293	0.06345587249518153	4596.3335	TRUE	FALSE	0.27012595455545935	0.8155017379650152	FALSE
C	5	Ndufa5	ENSMUSG00000023089.14	ENSMUST00000023851.10	GENCODE	full-splice_match	FALSE	up in Q157R	0.2475	0.6451	0.8926	0.001534	0.1829738325974738	0.11831828396262288	FALSE	TRUE	21.666666666666668	107.29333333333334	TRUE	ENSMUST00000023851.10	0.21619831633730946	TRUE	0.14909608684973055	0.2544022482889921	0.10530616143926155	361.667	TRUE	TRUE	1.9863398511739463	0.02513329275159671	TRUE
C	5	Ubox5	ENSMUSG00000027300.12	ESPRESSO:chr2:1839:17	novel	novel_in_catalog	FALSE	up in Q157R	0.2015	0.3356	0.5372	4.3330000000000006e-26	0.03558508788315018	1	FALSE	TRUE	161	262.5	TRUE	transcript35855.chr2.nnic	0.1229502709701421	TRUE	0.3750455046570392	0.5439125096634443	0.1688670050064051	1155.5016666666666	TRUE	TRUE	-0.5330634360325889	0.4974216211794056	FALSE
C	5	Ralgapa1	ENSMUSG00000021027.20	ENSMUST00000085385.8	GENCODE	full-splice_match	FALSE	down in Q157R	-0.1819	0.5186	0.3367	3.241e-8	-0.1648364032014228	0.3071230043219367	FALSE	TRUE	96.05333333333333	66.91666666666667	TRUE	ENSMUST00000085385.8	-0.003416970349601395	TRUE	0.48649150002958097	0.2653481988247294	-0.2211433012048516	4707.166666666667	TRUE	TRUE	0.07778776920400453	0.9627739357675263	FALSE
C	5	Mrpl14	ENSMUSG00000023939.9	ENSMUST00000024734.9	GENCODE	full-splice_match	FALSE	up in Q157R	0.1787	0.7323	0.911	0.008153	0.168616254286867	0.08033913236894659	FALSE	TRUE	31.18	75	TRUE	transcript20159.chr17.nic	0.19429827236700403	TRUE	0.4323237324831452	0.6354663023055286	0.20314256982238338	402	TRUE	TRUE	0.9773961921189356	0.40981120270159194	FALSE
C	5	Ccdc107	ENSMUSG00000028461.14	ENSMUST00000030181.13	GENCODE	full-splice_match	FALSE	down in Q157R	-0.1594	0.6343	0.4749	0.005254	-0.13597766226238284	0.684081509290803	FALSE	TRUE	47	43.333333333333336	TRUE	transcript6046.chr4.nic	-0.20322039072039072	TRUE	0.47186070090440635	0.26013187932963167	-0.21172882157477468	307.6666666666667	TRUE	TRUE	0.3518851193613483	0.7887348269244892	FALSE
C	5	Rbm34	ENSMUSG00000033931.11	ENSMUST00000212618.3	GENCODE	full-splice_match	FALSE	up in Q157R	0.1454	0.4695	0.6149	4.726e-5	0.15324897045386954	0.4423231202941263	FALSE	TRUE	94.79666666666667	81.26	TRUE	ENSMUST00000212618.3	0.01898970623885432	TRUE	0.21187719992374723	0.43208649416340156	0.22020929423965432	846.6668333333333	TRUE	TRUE	-0.6525850472310272	0.4198578266677804	FALSE
C	5	Ccdc77	ENSMUSG00000030177.16	ENSMUST00000112703.9	GENCODE	full-splice_match	FALSE	up in Q157R	0.1246	0.5044	0.629	0.002092	0.15301511481206231	0.17943794859456944	FALSE	TRUE	64.79333333333334	88.16333333333334	TRUE	ENSMUST00000112703.9	0.08255262688500786	TRUE	0.1127577840209672	0.42234401629403595	0.30958623227306875	771.4913333333333	TRUE	TRUE	0.0995367087262778	0.946983597542565	FALSE
C	5	Mfge8	ENSMUSG00000030605.17	ENSMUST00000032825.15	GENCODE	full-splice_match	FALSE	down in Q157R	-0.1184	0.5189	0.4005	1.493e-8	-0.11735153387668534	0.11640673098041934	FALSE	TRUE	238.26666666666668	220.43333333333334	TRUE	ENSMUST00000032825.15	-0.11534242091469143	TRUE	0.33972315803337566	0.24162409139194602	-0.09809906664142964	2030.8333333333333	TRUE	TRUE	0.2174899945159882	0.8176060342246907	FALSE
C	5	Mfge8	ENSMUSG00000030605.17	ENSMUST00000107409.6	GENCODE	full-splice_match	FALSE	up in Q157R	0.1133	0.4679	0.5812	8.051e-8	0.11735153387668527	0.11640673098041934	FALSE	TRUE	213.03333333333333	317.1666666666667	TRUE	ENSMUST00000107409.6	0.11486554919318448	TRUE	0.594260657357264	0.7297865566482653	0.13552589929100134	2030.8333333333333	TRUE	TRUE	0.2174899945159882	0.8176060342246907	FALSE
C	5	Traf3ip3	ENSMUSG00000037318.12	ENSMUST00000043550.12	GENCODE	full-splice_match	FALSE	down in Q157R	-0.1105	0.4659	0.3554	1.977e-8	-0.12136063427622844	0.26094937640484817	FALSE	TRUE	202.93333333333334	128.43333333333334	TRUE	transcript37387.chr1.nic	-0.08171568030029372	TRUE	0.3615062259206597	0.17987494871173842	-0.18163127720892125	2593.9998333333333	TRUE	TRUE	-0.2158303586586744	0.9106015128196532	FALSE
C	5	Ero1b	ENSMUSG00000057069.9	ENSMUST00000071973.9	GENCODE	full-splice_match	FALSE	down in Q157R	-0.1088	0.8522	0.7434	2.806e-4	-0.10446213987317488	0.21993099030159172	FALSE	TRUE	125.37	125.66666666666667	TRUE	ENSMUST00000071973.9	-0.07814378459084725	TRUE	0.728532657487244	0.3044381794323122	-0.42409447805493183	1620.6665	TRUE	TRUE	0.20974310230590076	0.9229101535807728	FALSE
C	5	Tmem40	ENSMUSG00000059900.16	ENSMUST00000072933.14	GENCODE	full-splice_match	FALSE	down in Q157R	-0.1045	0.3798	0.2754	0.01931	-0.1222327811872988	0.4216643240170067	FALSE	TRUE	38.6	27.88	TRUE	ENSMUST00000112946.9	-0.1219677190428281	TRUE	0.38394211847230986	0.1197930755906765	-0.2641490428816333	884.0001666666667	TRUE	TRUE	0.11040824504523636	0.9537433244374288	FALSE
C	4	Atn1	ENSMUSG00000004263.17	ENSMUST00000088357.13	GENCODE	full-splice_match	FALSE	down in Q157R	-0.7129	0.7129	0	5.885e-31	-0.7713124273256668	NA	FALSE	TRUE	50.126666666666665	0	TRUE	ENSMUST00000088357.13	0.012314859053989435	FALSE	0.7083440492589697	0.5864805427281647	-0.12186350653080491	2038.9998333333333	TRUE	TRUE	-1.399643151582282	0.4985561892408517	FALSE
C	4	Tiam1	ENSMUSG00000002489.18	ENSMUST00000430732.1	GENCODE	full-splice_match	FALSE	down in Q157R	-0.3745	0.7075	0.333	1.586e-11	-0.3895693598339113	0.18981445073528516	FALSE	FALSE	74.96333333333334	23.71	TRUE	ENSMUST00000430732.1	-0.009487212321815042	TRUE	0.6193039772344099	0.302264086581169	-0.3170398906532409	3570.8991666666666	TRUE	TRUE	-0.724153634184131	0.6088471055042648	FALSE
C	4	Mgst2	ENSMUSG00000074604.11	ENSMUST00000161230.3	GENCODE	full-splice_match	NA	down in Q157R	-0.3567	0.4534	0.09675	0.001278	-0.31176277153205945	0.10717911338799764	FALSE	TRUE	12.666666666666666	2	TRUE	NA	NA	NA	0.5401872977130524	0.2206361276532445	-0.31955117005980793	103.166	TRUE	TRUE	-0.6360402284191494	0.8874437143541035	FALSE
C	4	Atp5mf	ENSMUSG00000038690.17	ENSMUST00000161741.8	GENCODE	full-splice_match	NA	up in Q157R	0.3388	0.3529	0.6917	1.232e-15	0.33030638207127216	0.00717727911178439	TRUE	TRUE	27.936666666666667	141	TRUE	ENSMUST00000161741.8	0	FALSE	0.2145593550272355	0.2635188883931538	0.048959533365918295	1127.5	FALSE	TRUE	1.320729914239258	0.06394455972031785	FALSE
C	4	Gm49387	ENSMUSG00000115022.2	ESPRESSO:chr14:352:42	novel	novel_in_catalog	FALSE	down in Q157R	-0.2763	0.8237	0.5474	0.01263	-0.02877929231978837	0.8977626363231048	FALSE	TRUE	20.546666666666667	11.163333333333334	TRUE	transcript5929.chr14.nic	-0.1069633195575635	TRUE	0.4030336356001849	0.19121460764145165	-0.21181902795873325	511.33316666666667	TRUE	FALSE	NA	NA	FALSE
C	4	Ocrl	ENSMUSG00000001173.17	ENSMUST00000001202.16	GENCODE	full-splice_match	FALSE	up in Q157R	0.2566	0.1681	0.4248	2.933e-8	0.24971776641352603	0.07902821104807839	FALSE	TRUE	20.51	55.74333333333333	TRUE	transcript4588.chrX.nic	0.11099043942322251	TRUE	0.1612808058412919	0.3531713911657559	0.191890585324464	3773.3334999999997	TRUE	FALSE	0.3533544208029156	0.7741789827301241	FALSE
C	4	Foxn2	ENSMUSG00000034998.20	ENSMUST00000112238.10	GENCODE	full-splice_match	FALSE	down in Q157R	-0.252	0.5789	0.3269	3.309e-6	-0.24714408849548464	0.48659945703440827	FALSE	TRUE	115.26	49.31666666666666	TRUE	ENSMUST00000112238.10	-0.245896159798355	TRUE	0.5190144038719291	0.4610409812357738	-0.05797342263615529	1898.5003333333334	TRUE	FALSE	-0.6388295565138439	0.8719334418622499	FALSE
C	4	Tmem150b	ENSMUSG00000046456.16	ENSMUST00000086363.6	GENCODE	full-splice_match	FALSE	down in Q157R	-0.2493	0.5464	0.2971	0.03636	-0.23587379416954185	0.46897059522278833	FALSE	TRUE	19.726666666666667	5.276666666666666	TRUE	ENSMUST00000086363.6	-0.10343556225909166	TRUE	0.422807222443528	0.33611645743281005	-0.08669076501071793	221.49983333333333	TRUE	FALSE	-0.9794939071728622	0.6478182798522705	FALSE
C	4	Tiam1	ENSMUSG00000002489.18	ESPRESSO:chr16:1083:5	novel	novel_in_catalog	FALSE	up in Q157R	0.2459	0.1217	0.3676	2.584e-9	0.266642132578064	0.6531138805342455	FALSE	TRUE	11.309999999999999	22.073333333333334	TRUE	transcript17461.chr16.nic	0.07445129319692995	TRUE	0	0.1312673118440971	0.1312673118440971	3570.8991666666666	TRUE	FALSE	-0.724153634184131	0.6088471055042648	FALSE
C	4	Ccdc102a	ENSMUSG00000063605.7	ENSMUST00000077955.6	GENCODE	full-splice_match	FALSE	up in Q157R	0.2089	0.7783	0.9872	0.0126	NA	NA	FALSE	TRUE	9.65	15.333333333333334	TRUE	ENSMUST00000077955.6	0.1778754578754579	TRUE	0.6453409090909091	0.9821760176017602	0.3368351085108511	170.5	TRUE	FALSE	0.29992951294261894	0.9260354800061285	FALSE
C	4	Bcor	ENSMUSG00000040363.17	ENSMUST00000124033.9	GENCODE	full-splice_match	FALSE	up in Q157R	0.2018	0.1633	0.3651	1.123e-25	0.20331115128038488	0.3401599285981446	FALSE	TRUE	53.64333333333333	133.86	TRUE	ENSMUST00000124033.9	0.045014960978032426	TRUE	0.2886319718377715	0.3576004325483007	0.0689684607105292	5913.000166666667	TRUE	FALSE	0.07469546115662776	0.9529058497360882	FALSE
C	4	Rps24	ENSMUSG00000025290.19	ENSMUST00000225023.3	GENCODE	full-splice_match	FALSE	up in Q157R	0.1991	0.6159	0.815	2.52e-16	0.16812152039575257	0.07994239156582372	FALSE	TRUE	137.89666666666665	401.6333333333333	TRUE	transcript3472.chr14.nic	0.23708681986534097	TRUE	0.014301169764157878	0.029143478859239992	0.014842309095082114	19791.015666666666	FALSE	TRUE	1.1700798635007263	0.04264103474017907	TRUE
C	4	Fzd6	ENSMUSG00000022297.17	ENSMUST00000179165.10	GENCODE	full-splice_match	FALSE	up in Q157R	0.199	0.544	0.7431	0.04172	0.1537778959586924	0.5689808312103927	FALSE	TRUE	30.830000000000002	49.61	TRUE	NA	NA	NA	0.24000724270160953	0.4887334637123051	0.24872622101069555	1198.8328333333334	TRUE	TRUE	0.3362862310015544	0.9140039280313456	FALSE
C	4	Ndufa12	ENSMUSG00000020022.19	ENSMUST00000125379.2	GENCODE	full-splice_match	NA	down in Q157R	-0.1967	0.3371	0.1404	8.136e-24	-0.19610920678947483	4.351833859393104e-4	TRUE	TRUE	95.33333333333333	82	TRUE	NA	NA	NA	0.05275904126647864	0.009338289152463342	-0.0434207521140153	1058.1664999999998	FALSE	TRUE	0.949189792134324	0.12463657809336973	FALSE
C	4	Cox17	ENSMUSG00000046516.12	ENSMUST00000050273.9	GENCODE	full-splice_match	NA	up in Q157R	0.1956	0.7054	0.901	0.01065	0.13899467977129032	0.5404548825604443	FALSE	TRUE	22	62	TRUE	ENSMUST00000050273.9	0.25866713716649514	TRUE	0.4576817930201998	0.5311354733991489	0.07345368037894912	650	TRUE	FALSE	1.1851469689859124	0.164963537421631	FALSE
C	4	Mtmr3	ENSMUSG00000034354.20	ENSMUST00000109943.11	GENCODE	full-splice_match	FALSE	up in Q157R	0.189	0.3714	0.5604	1.34e-23	0.1817164562404839	0.6124502745792628	FALSE	TRUE	112.26333333333334	250.33333333333334	TRUE	ENSMUST00000109943.11	0.11232935458879367	TRUE	0.18812325335952404	0.34506834237610695	0.1569450890165829	7687.000666666667	TRUE	FALSE	0.4628380573072284	0.4070432262982424	FALSE
C	4	Grcc10	ENSMUSG00000072772.5	ENSMUST00000004389.7	GENCODE	full-splice_match	FALSE	up in Q157R	0.1863	0.71	0.8963	1.81e-4	0.19630599996152476	0.12842033466691843	FALSE	TRUE	30.666666666666668	89.33333333333333	TRUE	ENSMUST00000004389.7	0.20880474163145313	TRUE	0.6792890975668251	0.7039934821945008	0.024704384627675657	1592.3336666666667	FALSE	TRUE	1.180271910604045	0.2915905912698805	FALSE
C	4	Haghl	ENSMUSG00000061046.11	ENSMUST00000077938.10	GENCODE	full-splice_match	FALSE	down in Q157R	-0.1848	0.629	0.4442	0.007832	-0.17230404949072486	0.32871195908123163	FALSE	TRUE	52.44	24.976666666666667	TRUE	NA	NA	NA	0.3909547078032804	0.11128795434450066	-0.2796667534587797	810.0343333333333	TRUE	TRUE	-0.5717121334611713	0.60298852878684706	FALSE
C	4	Mir223hg	ENSMUSG00000078122.7	ENSMUST00000147681.4	GENCODE	full-splice_match	NA	up in Q157R	0.1848	0.5301	0.7149	8.113e-4	0.20281468340878697	0.4207978162791968	FALSE	TRUE	35	38.333333333333336	TRUE	transcript10027.chrX.nic	0.07640395552160262	TRUE	0.5961393025650623	0.7644572689840995	0.16831796641903718	664.8333333333334	TRUE	FALSE	-0.33958239797955336	0.926204413001659	FALSE
C	4	Ralgds	ENSMUSG00000026821.18	ENSMUST00000028170.16	GENCODE	full-splice_match	FALSE	up in Q157R	0.1831	0.2694	0.4524	0.007661	0.256839709740648	0.16739256729862406	FALSE	TRUE	13.33	26.046666666666667	TRUE	ENSMUST00000028170.16	0.10775613275613277	TRUE	0.1527654438655077	0.24747284869446254	0.09470740482895484	1322.0001666666667	TRUE	FALSE	0.18952051812812865	0.9337633298412096	FALSE
C	4	Grcc10	ENSMUSG00000072772.5	ENSMUST00000140423.2	GENCODE	full-splice_match	FALSE	down in Q157R	-0.1799	0.257	0.07706	7.882e-6	-0.19630599996152476	0.12842033466691843	FALSE	TRUE	11.333333333333334	6.666666666666667	TRUE	ENSMUST00000140423.2	-0.20880474163145313	TRUE	0.0805792158082337	0.047756541910592365	-0.03282267389764133	1592.3336666666667	FALSE	TRUE	1.180271910604045	0.2915905912698805	FALSE
C	4	Lamtor2	ENSMUSG00000028062.17	ENSMUST00000029698.15	GENCODE	full-splice_match	FALSE	up in Q157R	0.1749	0.6709	0.8458	2.449e-6	0.14413886407313892	0.3938945172629703	FALSE	FALSE	69.33333333333333	219.66666666666666	TRUE	ENSMUST00000029698.15	0.15961110629466824	TRUE	0.8001681878579948	0.9019034018276877	0.10173521396969287	762.6668333333333	TRUE	TRUE	1.3602077816045948	0.03962279915990488	TRUE
C	4	Bbc3	ENSMUSG00000002083.15	ENSMUST00000002152.14	GENCODE	full-splice_match	FALSE	up in Q157R	0.1704	0.5746	0.7451	0.001053	0.16952087781267344	0.21975787284639436	FALSE	TRUE	40.45	68.93666666666667	TRUE	ENSMUST00000002152.14	0.15370132512989654	TRUE	0.2112016279849984	0.2918034933144119	0.08060186532941352	490.33366666666666	TRUE	FALSE	0.30013697246382526	0.9136587804799592	FALSE
C	4	Rpl35a	ENSMUSG00000060636.16	ENSMUST00000115079.9	GENCODE	full-splice_match	FALSE	up in Q157R	0.169	0.4542	0.6232	6.828e-6	0.17540094821251495	0.07414771007358656	FALSE	TRUE	37.53333333333333	188.4	TRUE	ENSMUST00000115079.9	0.10309779814151898	TRUE	0.433252136131717	0.5285611825129803	0.09530904638126336	6989.529166666666	TRUE	FALSE	1.8026026112725668	0.02513329275159671	TRUE
C	4	Fyn	ENSMUSG00000019843.16	ENSMUST00000063091.14	GENCODE	full-splice_match	FALSE	down in Q157R	-0.1664	0.868	0.7016	0.004743	-0.1096066384556902	0.393905177136657	FALSE	TRUE	71.59666666666666	92.03333333333333	TRUE	transcript5065.chr10.nic	-0.00686189010918925	TRUE	0.5864534280501351	0.4969923980998982	-0.08946102995023691	2268.0001666666667	TRUE	FALSE	0.5863688185513979	0.7173273275693116	FALSE
C	4	Card9	ENSMUSG00000026928.16	ENSMUST00000028294.8	GENCODE	full-splice_match	FALSE	down in Q157R	-0.1661	0.8105	0.6444	9.954e-4	-0.15832561607939144	0.11181472369653658	FALSE	TRUE	73.26666666666667	44.20666666666666	TRUE	ENSMUST00000028294.8	-0.04460617338090911	TRUE	0.40828414901801063	0.24833206097692925	-0.15995208804108138	458.16683333333333	TRUE	FALSE	-0.3992507199833043	0.863875591000879	FALSE
C	4	Slc36a1	ENSMUSG00000020261.17	ENSMUST00000108872.10	GENCODE	full-splice_match	FALSE	down in Q157R	-0.164	0.5839	0.4199	0.03369	-0.17170366869376363	0.7097995504368216	FALSE	TRUE	26.666666666666668	16	TRUE	ENSMUST00000108872.10	-0.06839097717308162	TRUE	0.9623504437196492	0.7105264790072763	-0.2518239647123729	1429.1666666666665	TRUE	FALSE	-0.17910964870041204	0.9553441940608728	FALSE
C	4	Ppargc1b	ENSMUSG00000033871.16	ENSMUST00000419944.1	GENCODE	full-splice_match	FALSE	up in Q157R	0.1567	0.09328	0.25	0.004535	0.16718916502741998	0.2406071143592136	FALSE	TRUE	4.963333333333333	11.806666666666667	TRUE	ENSMUST00000419944.1	0.07579446169163026	TRUE	0	0.15298194945848376	0.15298194945848376	473.6665	TRUE	FALSE	-0.2653064256848863	0.8780308662049552	FALSE
C	4	Angel1	ENSMUSG00000021257.17	ENSMUST00000021682.9	GENCODE	full-splice_match	FALSE	up in Q157R	0.1513	0.6142	0.7655	0.03106	0.13598795440828637	0.49294308946729665	FALSE	TRUE	40.25	52.06	TRUE	ENSMUST00000021682.9	0.16360991227129584	TRUE	0.5720822524829512	0.8654129320394754	0.29333067955652425	487.83316666666667	TRUE	FALSE	0.04142778404354409	0.985542174086416	FALSE
C	4	Rbm26	ENSMUSG00000022119.17	ENSMUST00000100327.11	GENCODE	full-splice_match	FALSE	up in Q157R	0.151	0.2823	0.4333	5.03e-9	0.16231403313714543	0.06524473398207407	FALSE	TRUE	64.49	123.33666666666667	TRUE	transcript20391.chr14.nic	0.053395878644269076	TRUE	0.12872803107305011	0.2157960872912919	0.08706805621824179	3833.5616666666665	TRUE	FALSE	0.20284509847407808	0.8833554207172618	FALSE
C	4	Cox19	ENSMUSG00000045438.14	ENSMUST00000049630.14	GENCODE	full-splice_match	FALSE	up in Q157R	0.1509	0.7258	0.8767	0.001846	0.15555589075930343	0.17608877069818613	FALSE	TRUE	47.21666666666667	59.97	TRUE	transcript35361.chr5.nic	0.20820531770020262	TRUE	0.4788194957862784	0.6080251798268081	0.12920568404052973	483	TRUE	FALSE	0.06556264466172285	0.97560488999976	FALSE
C	4	Usp1	ENSMUSG00000028560.13	ESPRESSO:chr4:1127:16	novel	novel_in_catalog	FALSE	up in Q157R	0.1497	0.2695	0.4192	1.1609999999999999e-89	0.16023097196390235	0.22373322190147624	FALSE	FALSE	502	1022.3666666666667	TRUE	transcript13856.chr4.nic	0.1307254965983624	TRUE	0.24542040704444565	0.4218475701146739	0.17642716307022824	5499.834166666667	TRUE	TRUE	0.2693671504371861	0.6572088591946235	FALSE
C	4	Zfp280d	ENSMUSG00000038535.19	ENSMUST00000098576.11	GENCODE	full-splice_match	FALSE	down in Q157R	-0.1475	0.5366	0.3891	2.285e-6	-0.17601603467329285	0.27075576757027914	FALSE	TRUE	83.36	78.41333333333334	TRUE	ENSMUST00000098576.11	-0.03401802571109895	TRUE	0.38248998405077744	0.22032737512467068	-0.16216260892610676	2318.167166666667	TRUE	FALSE	0.4080861137433613	0.7278977222133447	FALSE
C	4	Mettl26	ENSMUSG00000025731.18	ENSMUST00000169308.9	GENCODE	full-splice_match	FALSE	down in Q157R	-0.1461	0.4456	0.2996	0.03427	-0.15340154761178582	0.48940718648478415	FALSE	TRUE	28	17.333333333333332	TRUE	transcript7484.chr17.nic	-0.037050423514686626	TRUE	0.33718229205667605	0.11290075670967391	-0.22428153534700213	495.5001666666667	TRUE	FALSE	-0.03760101486092977	0.986555394286664	FALSE
C	4	Slfn3	ENSMUSG00000018986.12	ENSMUST00000019130.9	GENCODE	full-splice_match	FALSE	up in Q157R	0.1453	0.4316	0.5769	0.03009	0.13921645074136224	0.6277103160343321	FALSE	TRUE	26.07	42.99666666666667	TRUE	ENSMUST00000019130.9	0.13643141756731875	TRUE	0.5489870386243747	0.6689676080361159	0.11998056941174118	1350.8883333333333	TRUE	FALSE	0.21381796761630828	0.9185033611150136	FALSE
C	4	Ndufc1	ENSMUSG00000037152.13	ENSMUST00000038108.13	GENCODE	full-splice_match	FALSE	up in Q157R	0.1449	0.811	0.9559	1.051e-7	0.1023544365767104	0.19701446386767	FALSE	TRUE	52.333333333333336	242	TRUE	transcript4923.chr3.nic	0.14592352092352096	TRUE	0.21257016218741986	0.28554115979024774	0.07297099760282788	496.9995	TRUE	FALSE	1.9498691102492784	0.03235063795916464	TRUE
C	4	Zfp839	ENSMUSG00000021271.7	ENSMUST00000222460.2	GENCODE	full-splice_match	FALSE	up in Q157R	0.1445	0.09029	0.2348	0.041	0.14646638523668928	0.5791067173722693	FALSE	TRUE	4.333333333333333	11.666666666666666	TRUE	transcript22299.chr12.nic	0.10478435047400564	TRUE	0.07923303928387648	0.14025422890578654	0.061021189621910055	901.1668333333333	TRUE	FALSE	0.15819420345911753	0.9513534859616952	FALSE
C	4	Cyb5r1	ENSMUSG00000026456.20	ENSMUST00000027726.14	GENCODE	full-splice_match	FALSE	up in Q157R	0.1432	0.5	0.6432	1.354e-4	0.10669027087059502	0.684081509290803	FALSE	TRUE	123.59333333333332	142.23333333333332	TRUE	transcript22399.chr1.nic	0.00910276853673081	TRUE	0.19735735515964895	0.2511220062136436	0.053764651053994666	843.4996666666667	TRUE	FALSE	-0.12894007424478948	0.929008839027585	FALSE
C	4	Armcx5	ENSMUSG00000072969.4	ENSMUST00000486118.1	GENCODE	full-splice_match	FALSE	up in Q157R	0.1425	0.1271	0.2696	0.001226	0.1328631797334436	0.4868712746461759	FALSE	TRUE	11.666666666666666	24.333333333333332	TRUE	transcript13828.chrX.nic	0.06922819062353944	TRUE	0.0706306898987065	0.1600545255314262	0.08942383563271972	357.5751666666667	TRUE	FALSE	0.00436715472760124	0.9986874550349408	FALSE
C	4	Usp40	ENSMUSG00000005501.16	ENSMUST00000453986.1	GENCODE	full-splice_match	FALSE	up in Q157R	0.1399	0.08726	0.2271	1.322e-5	0.14761368639964417	0.4607926744628104	FALSE	TRUE	8.476666666666667	26.490000000000002	TRUE	ENSMUST00000453986.1	0.03256777610229591	TRUE	0.047715174208275354	0.10695931035756806	0.059244136149292706	1500.4066666666668	TRUE	FALSE	0.14189340302984266	0.9326916094134964	FALSE
C	4	Ccdc77	ENSMUSG00000030177.16	ENSMUST00000032283.13	GENCODE	full-splice_match	FALSE	down in Q157R	-0.1392	0.2753	0.1361	4.85e-6	-0.16088323122624792	0.05318348398454521	FALSE	TRUE	38.31666666666666	18.986666666666665	TRUE	ENSMUST00000032283.13	-0.1387842823361394	TRUE	0.20974220688555137	0.05326078042896081	-0.15648142645659055	771.4913333333333	TRUE	FALSE	0.0995367087262778	0.946983597542565	FALSE
C	4	Cxxc5	ENSMUSG00000046668.11	ENSMUST00000060722.9	GENCODE	full-splice_match	FALSE	down in Q157R	-0.1391	0.6155	0.4764	0.01045	-0.13584734253212388	0.6444056104222352	FALSE	TRUE	52.666666666666664	40.666666666666664	TRUE	transcript6710.chr18.nic	-0.04755753404040938	TRUE	0.45129104429155303	0.3510118772973986	-0.10027916699415446	3916.0001666666667	TRUE	FALSE	0.04166656372152692	0.9847219323512992	FALSE
C	4	Foxj3	ENSMUSG00000032998.18	ENSMUST00000044564.16	GENCODE	full-splice_match	FALSE	down in Q157R	-0.1383	0.6028	0.4645	0.037	-0.1382059406374329	0.5715550860452395	FALSE	TRUE	45.13666666666667	37.07	TRUE	ENSMUST00000044564.16	-0.10661747459071086	TRUE	0.17143741659994668	0	-0.17143741659994668	2785.0004999999996	TRUE	FALSE	0.10069495062326372	0.9741170415936116	FALSE
C	4	Mettl26	ENSMUSG00000025731.18	ENSMUST00000026827.16	GENCODE	full-splice_match	FALSE	up in Q157R	0.135	0.5434	0.6784	0.04813	0.15340154761178582	0.48940718648478415	FALSE	TRUE	32.666666666666664	40.333333333333336	TRUE	transcript7479.chr17.nic	-0.01622112864997116	FALSE	0.5544414575688494	0.7437203247750038	0.1892788672061544	495.5001666666667	TRUE	TRUE	-0.03760101486092977	0.986555394286664	FALSE
C	4	Map4	ENSMUSG00000032479.17	ENSMUST00000165876.9	GENCODE	full-splice_match	FALSE	down in Q157R	-0.1341	0.2647	0.1306	2.885e-5	-0.1758814606489481	0.3071230043219367	FALSE	TRUE	27.753333333333334	16.023333333333333	TRUE	NA	NA	NA	0.4366818112809423	0.19430264566201694	-0.24237916561892536	2916.1663333333336	TRUE	TRUE	0.4031875515888917	0.7664226017214184	FALSE
C	4	AI987944	ENSMUSG00000056383.12	ENSMUST00000071804.11	GENCODE	full-splice_match	FALSE	up in Q157R	0.1263	0.3554	0.4817	1.659e-4	0.1353850907362889	0.6167783170376043	FALSE	FALSE	55.74333333333333	66.1	TRUE	ENSMUST00000071804.11	0.10703340669041778	TRUE	0.719093610869764	0.8965446973984217	0.1774510865286577	575.9323333333333	TRUE	TRUE	-0.3180812187591709	0.7887348269244892	FALSE
C	4	Rpgr	ENSMUSG00000031174.20	ENSMUST00000073392.12	GENCODE	full-splice_match	FALSE	down in Q157R	-0.126	0.4286	0.3026	0.005792	-0.15519505807403983	0.3315139170668332	FALSE	TRUE	56.51	44.34	TRUE	ENSMUST00000073392.12	-0.09427837204879996	TRUE	0.29160690908794495	0.0572258943108214	-0.23438101477712356	298.16683333333333	TRUE	FALSE	0.13590542702310454	0.9410674739545598	FALSE
C	4	Ralgapa1	ENSMUSG00000021027.20	ENSMUST00000220367.2	GENCODE	full-splice_match	FALSE	up in Q157R	0.1254	0.3567	0.4821	6.928e-5	0.14913127703473378	0.6145688697542661	FALSE	FALSE	64.20666666666666	97.82666666666667	TRUE	ENSMUST00000220367.2	0.051470781304558684	TRUE	0.27171992702148656	0.49478929352403295	0.22306936650254638	4707.166666666667	TRUE	TRUE	0.07778776920400453	0.9627739357675263	FALSE
C	4	Bcor	ENSMUSG00000040363.17	ENSMUST00000115513.10	GENCODE	full-splice_match	FALSE	down in Q157R	-0.1234	0.1776	0.05421	6.456e-19	-0.13156960235792725	0.4806118950484227	FALSE	TRUE	61.75666666666667	19.086666666666666	TRUE	ENSMUST00000115513.10	-0.01582046705022898	TRUE	0.1706277904548499	0.045500564926587383	-0.12512722552826253	5913.000166666667	TRUE	FALSE	0.07469546115662776	0.9529058497360882	FALSE
C	4	Ankrd12	ENSMUSG00000034647.17	ENSMUST00000150766.2	GENCODE	full-splice_match	FALSE	up in Q157R	0.1231	0.6582	0.7812	9.885e-7	0.11755298508752864	0.16606801277091632	FALSE	TRUE	99.66666666666667	165.66666666666666	TRUE	ENSMUST00000150766.2	0.06586933446066781	TRUE	0.19827120844772403	0.2536612620708129	0.05539005362308888	1407.1668333333334	TRUE	FALSE	0.37604023148100263	0.8305117472139495	FALSE
C	4	Dhx36	ENSMUSG00000027770.7	ENSMUST00000029336.7	GENCODE	full-splice_match	FALSE	down in Q157R	-0.12	0.6965	0.5764	1.192e-4	-0.12314023320937416	0.32355844044643195	FALSE	TRUE	210.53333333333333	138.86666666666667	TRUE	transcript6889.chr3.nic	-0.010910286117710055	TRUE	0.7298458085091647	0.6719355438382018	-0.05791026467096294	2933.166666666667	TRUE	FALSE	-0.36710463427560314	0.705280187330665	FALSE
C	4	AI987944	ENSMUSG00000056383.12	ENSMUST00000205338.2	GENCODE	full-splice_match	FALSE	down in Q157R	-0.1195	0.6149	0.4954	5.297e-4	-0.1353850907362889	0.6167783170376043	FALSE	FALSE	101.56666666666668	62.9	TRUE	ENSMUST00000205338.2	-0.11260689832327331	TRUE	0.20669002722535676	0.020367555850962497	-0.18632247137439426	575.9323333333333	TRUE	TRUE	-0.3180812187591709	0.7887348269244892	FALSE
C	4	Trmt44	ENSMUSG00000029097.13	ENSMUST00000030980.13	GENCODE	full-splice_match	FALSE	up in Q157R	0.1162	0.6807	0.7969	0.003934	0.10598064244133898	0.23818623932756672	FALSE	TRUE	82.95	136.93333333333334	TRUE	transcript9138.chr5.nic	0.09062265955170382	TRUE	0.21352746791640895	0.4294936846899499	0.21596621677354097	616.8338333333334	TRUE	FALSE	0.4555359841798477	0.6156333252126066	FALSE
C	4	Pym1	ENSMUSG00000064030.17	ENSMUST00000163377.11	GENCODE	full-splice_match	FALSE	down in Q157R	-0.1158	0.7106	0.5948	0.04119	-0.12069365806353992	0.4090869768893073	FALSE	TRUE	89.70333333333333	52.13666666666667	TRUE	ENSMUST00000163377.11	-0.00636311071093687	TRUE	0.48089268363125215	0.3472891809857649	-0.13360350264548726	767.8338333333334	TRUE	FALSE	-0.5140461833533244	0.7664226017214184	FALSE
C	4	Hps5	ENSMUSG00000014418.18	ENSMUST00000014562.15	GENCODE	full-splice_match	FALSE	up in Q157R	0.1153	0.3178	0.433	0.0344	0.1926051981207764	0.17641011146441576	FALSE	TRUE	34.04	54.343333333333334	TRUE	ENSMUST00000014562.15	0.03942860414500998	TRUE	0.050733818181818185	0.20446936530885695	0.15373554712703877	1552.6668333333332	TRUE	FALSE	0.1922529416831891	0.9184821265832304	FALSE
C	4	Mtmr3	ENSMUSG00000034354.20	ENSMUST00000123506.10	GENCODE	full-splice_match	FALSE	down in Q157R	-0.1152	0.3955	0.2803	1.637e-8	-0.14893302847622458	0.7961643990060853	FALSE	TRUE	132.14	122.93333333333334	TRUE	ENSMUST00000123506.10	-0.02884052206391126	TRUE	0.5170829394194454	0.4075763878162755	-0.10950655160316991	7687.000666666667	TRUE	FALSE	0.4628380573072284	0.4070432262982424	FALSE
C	4	Zfp280d	ENSMUSG00000038535.19	ENSMUST00000183410.9	GENCODE	full-splice_match	FALSE	up in Q157R	0.114	0.2246	0.3386	3.174e-4	0.12760266137583665	0.7174019501012124	FALSE	TRUE	33.269999999999996	71.62333333333333	TRUE	ENSMUST00000183410.9	0.07798568760474553	TRUE	0.011162016368140874	0.0710106363520263	0.05984861998388542	2318.167166666667	TRUE	FALSE	0.4080861137433613	0.7278977222133447	FALSE
C	4	Arl5a	ENSMUSG00000036093.9	ENSMUST00000036541.9	GENCODE	full-splice_match	FALSE	up in Q157R	0.1138	0.8607	0.9745	3.453e-4	0.10985377833099765	0.32355844044643195	FALSE	TRUE	40.333333333333336	103	TRUE	ENSMUST00000036541.9	0.023168852287480335	TRUE	0.9930021630416989	1	0.00699783695830114	3744.1666666666665	FALSE	TRUE	1.2496101724774376	0.7664226017214184	FALSE
C	4	Ccdc107	ENSMUSG00000028461.14	ESPRESSO:chr4:455:36	novel	novel_in_catalog	FALSE	up in Q157R	0.1133	0.006803	0.1201	1.133e-5	0.1240214174228672	0.05531891146024501	FALSE	TRUE	0.6666666666666666	11	TRUE	transcript6040.chr4.nic	0.23565219502719503	TRUE	0.03677651515151515	0.0946010304977304	0.05782451534621525	307.6666666666667	TRUE	FALSE	0.3518851193613483	0.7887348269244892	FALSE
C	4	Mdm4	ENSMUSG00000054387.15	ENSMUST00000188090.7	GENCODE	full-splice_match	FALSE	down in Q157R	-0.1131	0.3993	0.2862	0.03809	-0.10521194743959073	0.6660516913129781	FALSE	TRUE	68.44666666666667	42.50333333333333	TRUE	ENSMUST00000188090.7	-0.1217510425248115	TRUE	0.2696720718548033	0.16965816010204932	-0.10001391175275398	5605.4991666666665	TRUE	FALSE	-0.20707840257547455	0.9106015128196532	FALSE
C	4	Rnf144a	ENSMUSG00000020642.15	ENSMUST00000020971.15	GENCODE	full-splice_match	FALSE	down in Q157R	-0.113	0.4521	0.3391	0.04086	-0.1091621430559564	0.5859338831376416	FALSE	TRUE	56.92333333333333	56.81333333333333	TRUE	ENSMUST00000020971.15	-0.06419217152943316	TRUE	0.4605380037603679	0.30903270118841264	-0.15150530257195527	4856.000166666667	TRUE	FALSE	0.3671187311669354	0.7832645667833729	FALSE
C	4	Rnls	ENSMUSG00000071573.16	ENSMUST00000096114.13	GENCODE	full-splice_match	FALSE	up in Q157R	0.1122	0.7329	0.8451	0.03994	0.11475783724421552	0.6116926865977327	FALSE	TRUE	45.236666666666665	61.92333333333333	TRUE	ENSMUST00000096114.13	0.10854949240136758	TRUE	0.3128192239858907	0.41129365079365077	0.09847442680776008	43.5	TRUE	FALSE	0.2046399675597713	0.906309188189705	FALSE
C	4	Kif24	ENSMUSG00000028438.18	ENSMUST00000108055.10	GENCODE	full-splice_match	FALSE	down in Q157R	-0.1105	0.5545	0.444	0.01142	-0.11189238827867665	0.6735341220924996	FALSE	TRUE	80.46	66.47333333333333	TRUE	transcript5070.chr4.nic	-0.0399590823174088	TRUE	0.9166063143342075	0.7187291218777856	-0.19787719245642188	993.2226666666667	TRUE	FALSE	0.07284814679056943	0.9628025960030724	FALSE
C	4	Galnt7	ENSMUSG00000031608.15	ENSMUST00000034021.13	GENCODE	full-splice_match	FALSE	up in Q157R	0.1105	0.6582	0.7687	3.867e-6	0.10893895945912568	0.2391517395195277	FALSE	TRUE	185.33333333333334	349.43333333333334	TRUE	ENSMUST00000034021.13	0.13705114925071749	TRUE	0.4735863420484741	0.5653960131895346	0.09180967114106048	1595.6665	TRUE	FALSE	0.691634739740935	0.19003336404189464	FALSE
C	4	Cebpg	ENSMUSG00000056216.11	ENSMUST00000130491.4	GENCODE	full-splice_match	FALSE	up in Q157R	0.1104	0.8353	0.9457	0.003044	0.11901911712212863	0.28191072165400005	FALSE	TRUE	58.333333333333336	104.33333333333333	TRUE	transcript9898.chr7.nic	-0.012399554745380015	FALSE	0.18761710768429818	0.2976806655770058	0.11006355789270761	2732.5	TRUE	TRUE	0.6730660411654193	0.7523288819366841	FALSE
C	4	Zfp346	ENSMUSG00000021481.13	ENSMUST00000021937.13	GENCODE	full-splice_match	FALSE	down in Q157R	-0.1101	0.3437	0.2336	0.0093	-0.11171161905459864	0.6631439806441706	FALSE	TRUE	50.67333333333333	33.13666666666667	TRUE	transcript10317.chr13.nic	-0.048552222623572575	TRUE	0.16167762403108846	0.08829128758771214	-0.07338633644337632	975.6665	TRUE	FALSE	-0.03306501769828376	0.984774436270924	FALSE
C	4	Rnf144a	ENSMUSG00000020642.15	ENSMUST00000062149.7	GENCODE	full-splice_match	FALSE	up in Q157R	0.109	0.5126	0.6216	0.03864	0.1091621430559564	0.5859338831376416	FALSE	TRUE	66.79	103.74000000000001	TRUE	ENSMUST00000062149.7	0.0510798351372366	TRUE	0.4044922120254355	0.5269294155970642	0.12243720357162868	4856.000166666667	TRUE	FALSE	0.3671187311669354	0.7832645667833729	FALSE
C	4	Lrrc45	ENSMUSG00000025145.15	ENSMUST00000026139.14	GENCODE	full-splice_match	FALSE	down in Q157R	-0.1087	0.6076	0.4989	6.86e-6	-0.06172218988288891	0.684081509290803	FALSE	TRUE	285.43333333333334	185.79999999999998	TRUE	ENSMUST00000026139.14	-0.0644439108561835	TRUE	0.15381408621455778	0.028295438596491227	-0.12551864761806655	1161.8331666666668	TRUE	FALSE	-0.32547676043651874	0.7027162003185177	FALSE
C	4	Rbbp5	ENSMUSG00000026439.16	ESPRESSO:chr1:1496:15	novel	incomplete-splice_match	FALSE	down in Q157R	-0.1075	0.4523	0.3448	7.127e-7	-0.11482867251970758	0.6531138805342455	FALSE	TRUE	156.43333333333334	127.73333333333332	TRUE	NA	NA	NA	0.4848383984604314	0.24827619872485546	-0.23656219973557596	2151.666833333333	TRUE	TRUE	0.0921429159733481	0.9513534859616952	FALSE
C	4	Zdhhc24	ENSMUSG00000006463.15	ENSMUST00000006632.8	GENCODE	full-splice_match	FALSE	up in Q157R	0.1074	0.5936	0.701	7.329e-6	0.1194405008153594	0.33113736606869015	FALSE	TRUE	153.83333333333334	212.66666666666666	TRUE	ENSMUST00000006632.8	0.10586065345357754	TRUE	0.5678929551283431	0.7319879915016478	0.1640950363733047	584.2968333333333	TRUE	FALSE	0.10903627191009664	0.9481688474479044	FALSE
C	4	Zc3h8	ENSMUSG00000027387.13	ENSMUST00000028866.10	GENCODE	full-splice_match	FALSE	down in Q157R	-0.1067	0.5589	0.4522	0.03938	NA	NA	FALSE	TRUE	63.913333333333334	42.35333333333333	TRUE	transcript34947.chr2.nic	-0.09329593219340471	TRUE	0.17913005959712158	0.10494840226430042	-0.07418165733282116	264.99983333333336	TRUE	FALSE	-0.29476292989410946	0.8088171231746034	FALSE
C	4	Gm2629	ENSMUSG00000117613.4	ENSMUST00000350697.1	GENCODE	full-splice_match	NA	up in Q157R	0.1067	0.1433	0.25	2.48e-5	0.0798223585891572	0.9502259670026656	FALSE	TRUE	33.333333333333336	42.666666666666664	TRUE	ENSMUST00000350697.1	0.10307230495133923	TRUE	0.13031476408667433	0.23266065001186984	0.1023458859251955	446.363	TRUE	FALSE	-0.5007615708955321	0.6478182798522705	FALSE
C	4	Mrpl39	ENSMUSG00000022889.9	ENSMUST00000480569.1	GENCODE	full-splice_match	FALSE	up in Q157R	0.1049	0.1621	0.2671	1.539e-4	0.10680580539326189	0.46756722708582255	FALSE	TRUE	52.06333333333333	60.333333333333336	TRUE	NA	NA	NA	0.3421869231350348	0.5008529506039888	0.15866602746895403	1061.4456666666665	TRUE	TRUE	-0.4373916405531417	0.5666345139978266	FALSE
C	4	Ice2	ENSMUSG00000032235.17	ENSMUST00000034761.16	GENCODE	full-splice_match	FALSE	up in Q157R	0.1045	0.5891	0.6936	4.026e-5	0.06219494475173492	0.8448072651195765	FALSE	TRUE	130.7	229.43333333333334	TRUE	transcript16860.chr9.nic	0.13074707187334422	TRUE	0.060640326203482135	0.16815388616365098	0.10751355996016884	1326.4996666666666	TRUE	FALSE	0.529372629789194	0.579483907948408	FALSE
C	4	Pomgnt2	ENSMUSG00000066235.9	ENSMUST00000084743.8	GENCODE	full-splice_match	FALSE	up in Q157R	0.1043	0.7319	0.8362	1.024e-6	0.09173253344102716	0.5108920466540768	FALSE	TRUE	174.66666666666666	233.33333333333334	TRUE	transcript31583.chr9.nic	0.02100414965863473	TRUE	0.4624245239345759	0.5711288366112961	0.1087043126767202	1138.9995	TRUE	FALSE	0.18817774012570035	0.908898645697767	FALSE
C	4	Slc12a6	ENSMUSG00000027130.17	ENSMUST00000028549.15	GENCODE	full-splice_match	FALSE	down in Q157R	-0.104	0.4491	0.3452	0.03672	-0.09693530903122057	0.8335540892975206	FALSE	TRUE	76.72333333333333	69.38666666666667	TRUE	ENSMUST00000028549.15	-0.026211956383139612	TRUE	0.4604227912307018	0.33090219646191393	-0.12952059476878786	7740.166666666667	TRUE	FALSE	0.19976206265012836	0.9136587804799592	FALSE
C	4	Galnt7	ENSMUSG00000031608.15	ENSMUST00000110316.4	GENCODE	full-splice_match	FALSE	down in Q157R	-0.1037	0.307	0.2033	8.665e-6	-0.10893895945912568	0.2391517395195277	FALSE	TRUE	87.01666666666667	94.47333333333333	TRUE	ENSMUST00000110316.4	-0.060157024290045075	TRUE	0.2888925899751561	0.21718223231371397	-0.07171035766144213	1595.6665	TRUE	FALSE	0.691634739740935	0.19003336404189464	FALSE
C	4	Trim13	ENSMUSG00000035235.15	ENSMUST00000039562.9	GENCODE	full-splice_match	FALSE	down in Q157R	-0.1036	0.5517	0.4481	0.03938	-0.09980926042503312	0.5924485175638472	FALSE	TRUE	108.33333333333333	90.66666666666667	TRUE	ENSMUST00000039562.9	-0.0766467613076974	TRUE	0.0814870391251901	0.0085679012345679	-0.07291913789062221	488.1666666666667	TRUE	FALSE	-0.00333737845051225	0.9986874550349408	FALSE
C	4	Kiz	ENSMUSG00000074749.12	ENSMUST00000099278.10	GENCODE	full-splice_match	FALSE	down in Q157R	-0.1027	0.7478	0.6451	0.001256	-0.08250837880719397	0.5380525108867714	FALSE	TRUE	180.5	126.39999999999999	TRUE	ENSMUST00000099278.10	-0.08124361783546774	TRUE	0.1316266681904748	0	-0.1316266681904748	774.5008333333334	TRUE	FALSE	-0.32497790796071135	0.7034088076960004	FALSE
C	4	Kif23	ENSMUSG00000032254.12	ENSMUST00000034815.10	GENCODE	full-splice_match	FALSE	up in Q157R	0.1016	0.4785	0.5801	0.004569	0.11493292155529988	0.669661648445388	FALSE	TRUE	94.38333333333333	127.7	TRUE	ENSMUST00000034815.10	0.05112974135317644	TRUE	0.2511853262246272	0.34826448266624643	0.09707915644161924	2410.8336666666664	TRUE	FALSE	0.1372008400646393	0.9198664685694016	FALSE
C	4	Sapcd2	ENSMUSG00000026955.15	ENSMUST00000028329.14	GENCODE	full-splice_match	FALSE	down in Q157R	-0.1009	0.501	0.4001	0.0127	-0.10113083438018731	0.5847106470430793	FALSE	TRUE	130.76666666666665	88.16666666666667	TRUE	transcript5538.chr2.nic	-0.14470870863006563	TRUE	0.2794555160634446	0.06684309895833333	-0.21261241710511125	486.16616666666664	TRUE	FALSE	-0.2348471987170207	0.8783409136621808	FALSE
C	4	Dedd2	ENSMUSG00000054499.11	ENSMUST00000553376.1	GENCODE	full-splice_match	FALSE	up in Q157R	0.1003	0.3484	0.4486	9.358e-5	0.10035409322148409	0.46229796886205937	FALSE	TRUE	88.43666666666667	133.35666666666665	TRUE	NA	NA	NA	0.03136791794073831	0.13575507065606082	0.1043871527153225	3113.4996666666666	TRUE	TRUE	0.0941288815135138	0.9553441940608728	FALSE
C	3	Ppp1r12b	ENSMUSG00000073557.14	ENSMUST00000132025.2	GENCODE	full-splice_match	TRUE	up in Q157R	0.5854	0.2097	0.7951	4.493e-7	0.6205223668718887	0.1074872382890194	FALSE	TRUE	4.776666666666667	14.943333333333333	TRUE	transcript22639.chr1.nic	0.03981848652243186	TRUE	0.12081289505087432	0.09383628900120665	-0.026976606049667673	676.0001666666667	FALSE	FALSE	-0.16393113044687105	0.9513534859616952	FALSE
C	3	Gm40630	ENSMUSG00000120201.2	ENSMUST00000360185.1	GENCODE	full-splice_match	NA	down in Q157R	-0.5778	0.7778	0.2	0.0489	NA	NA	FALSE	NA	3.6666666666666665	0.6666666666666666	FALSE	transcript6312.chr10.nic	-0.019859912032587558	TRUE	0.27716976294857765	0.11927829147645518	-0.15789147147212246	115.27733333333333	TRUE	TRUE	NA	NA	FALSE
C	3	Tns3	ENSMUSG00000020422.16	ENSMUST00000020695.14	GENCODE	full-splice_match	FALSE	down in Q157R	-0.5042	0.9909	0.4867	4.7440000000000003e-35	NA	NA	FALSE	TRUE	70	32.833333333333336	TRUE	ENSMUST00000239111.3	-0.0476106609609175	TRUE	0.6953986958290699	0.7391083073117275	0.04370961148265762	5867.999833333333	FALSE	FALSE	-0.10910636835117173	0.9741170415936116	FALSE
C	3	Etfbl	ENSMUSG00000107482.3	ESPRESSO:chr7:1370:17	novel	novel_in_catalog	FALSE	up in Q157R	0.4725	0.1665	0.639	5.242e-4	NA	NA	FALSE	TRUE	2.3333333333333335	12.666666666666666	TRUE	NA	NA	NA	0.005697726821344986	0.03245564052117559	0.026757913699830604	2837.6665000000003	FALSE	TRUE	NA	NA	FALSE
C	3	Tmem245	ENSMUSG00000055296.16	ENSMUST00000068792.14	GENCODE	full-splice_match	FALSE	down in Q157R	-0.4035	0.6309	0.2274	7.368e-7	-0.4386054685782104	0.00917201779568586	TRUE	TRUE	16.73	6.343333333333334	TRUE	transcript9223.chr4.nic	0.011522116918942338	FALSE	0.8600703628229641	0.8450353658172503	-0.015034997005713868	3667.824833333333	FALSE	FALSE	0.16801209428663066	0.9513534859616952	FALSE
C	3	1700102H20Rik	ENSMUSG00000116852.4	ENSMUST00000241894.2	GENCODE	full-splice_match	NA	up in Q157R	0.3967	0.1533	0.55	0.005131	0.4035629075891429	0.16826947510530782	FALSE	TRUE	1.6666666666666667	8	FALSE	transcript236.chr17.nic	0	FALSE	0.5078840277777777	1	0.49211597222222225	21.8315	TRUE	TRUE	0.2846355333380796	0.9513534859616952	FALSE
C	3	1700102H20Rik	ENSMUSG00000116852.4	ENSMUST00000243728.2	GENCODE	full-splice_match	NA	down in Q157R	-0.3967	0.8467	0.45	0.005131	-0.4035629075891429	0.16826947510530782	FALSE	TRUE	9.666666666666666	6.333333333333333	FALSE	NA	NA	NA	0.4921159722222222	0	-0.4921159722222222	21.8315	TRUE	TRUE	0.2846355333380796	0.9513534859616952	FALSE
C	3	Fnip1	ENSMUSG00000035992.17	ENSMUST00000384551.1	GENCODE	full-splice_match	FALSE	down in Q157R	-0.3906	0.6533	0.2627	3.316e-10	-0.4241256361222394	0.06763719928866102	FALSE	TRUE	53.77333333333333	6.003333333333333	TRUE	transcript13465.chr11.nic	-0.1374549208230043	TRUE	0.36773667739277793	0.3196103706796991	-0.048126306713078826	2288.2051666666666	FALSE	FALSE	-1.584209053761081	0.31054259364079306	FALSE
C	3	ENSMUSG00000074166.9	ESPRESSO:chr7:1317	ESPRESSO:chr7:1317:0	novel	novel_not_in_catalog	NA	down in Q157R	-0.3871	0.4205	0.03333	0.01566	NA	NA	FALSE	TRUE	3.6666666666666665	0.3333333333333333	FALSE	transcript10631.chr7.nnic	-0.00662201266071751	TRUE	0.22332831393655903	0.12201267890103308	-0.10131563503552594	145.05566666666667	TRUE	FALSE	NA	NA	FALSE
C	3	Nf1	ENSMUSG00000020716.18	ENSMUST00000131800.2	GENCODE	full-splice_match	FALSE	down in Q157R	-0.3807	0.7601	0.3794	0.005805	-0.42513757083748194	0.35454760373847943	FALSE	TRUE	12.25	4	TRUE	ENSMUST00000131800.2	-0.020480359762990744	TRUE	0.2459680252248118	0.2247647523396451	-0.021203272885166685	1892.1666666666667	FALSE	FALSE	-0.518068388945151	0.8278260226553934	FALSE
C	3	Ralgapa2	ENSMUSG00000037110.22	ENSMUST00000568273.1	GENCODE	full-splice_match	FALSE	down in Q157R	-0.3539	0.4377	0.08382	0.002409	-0.3887782457487778	0.11599735659434296	FALSE	TRUE	7.256666666666667	1.04	FALSE	ENSMUST00000568273.1	-0.020840089805607045	TRUE	0.6505629675084728	0.5950395471356246	-0.05552342037284819	1814.5003333333334	TRUE	FALSE	-0.3013702517440687	0.9136587804799592	FALSE
C	3	Hivep1	ENSMUSG00000021366.10	ESPRESSO:chr13:670:4	novel	novel_not_in_catalog	FALSE	up in Q157R	0.3428	0.1627	0.5055	4.83e-11	0.3341793146540597	0.17358830765730518	FALSE	TRUE	13.38	40.86	TRUE	NA	NA	NA	0.0169691117624731	0.07267981627792633	0.05571070451545323	2159.167	TRUE	FALSE	0.08179874349716942	0.9741170415936116	FALSE
C	3	Naa20	ENSMUSG00000002728.16	ENSMUST00000110000.9	GENCODE	full-splice_match	FALSE	down in Q157R	-0.3179	0.7481	0.4302	0.004348	-0.2627050446426823	0.095883445201158	FALSE	TRUE	75.20333333333333	12.290000000000001	TRUE	ENSMUST00000110000.9	-0.4425700702470212	TRUE	0.5833807250590569	0.5975076995904696	0.01412697453141265	712.1671666666666	FALSE	FALSE	-2.0437091492641892	0.163973623230681	FALSE
C	3	Atp5mf	ENSMUSG00000038690.17	ENSMUST00000200584.2	GENCODE	full-splice_match	NA	down in Q157R	-0.3166	0.6167	0.3002	5.656e-14	-0.33030638207127216	0.00717727911178439	TRUE	TRUE	47.333333333333336	61	TRUE	NA	NA	NA	0.05687624283223172	0.05322632637752508	-0.0036499164547066434	1127.5	FALSE	FALSE	1.320729914239258	0.06394455972031785	FALSE
C	3	Rttn	ENSMUSG00000023066.12	ENSMUST00000235272.2	GENCODE	full-splice_match	FALSE	up in Q157R	0.3148	0.4019	0.7167	0.007066	0.30595207658209905	0.31514557964459855	FALSE	TRUE	16	14.933333333333334	TRUE	ENSMUST00000235272.2	0.004676760873722624	TRUE	0.43502241794704005	0.39187789734240164	-0.043144520604638414	1157.6666666666667	FALSE	FALSE	-0.8646743322260625	0.43794845523372905	FALSE
C	3	Macrod2	ENSMUSG00000068205.16	ENSMUST00000110062.9	GENCODE	full-splice_match	FALSE	down in Q157R	-0.3144	0.4547	0.1404	5.663e-9	-0.4107390543340892	0.0262930650742745	TRUE	TRUE	29.333333333333332	5.333333333333333	TRUE	NA	NA	NA	0	0	0	75.5	FALSE	FALSE	-0.5307696038580165	0.6813364917740855	FALSE
C	3	Epb41l4aos	ENSMUSG00000087590.5	ENSMUST00000146010.5	GENCODE	full-splice_match	NA	up in Q157R	0.3109	0.1783	0.4891	0.04031	0.31311058891304505	0.36491579289284903	FALSE	TRUE	2	8.666666666666666	FALSE	transcript5220.chr18.nic	0.08808384597858282	TRUE	0.5940390778326691	0.7409780104165208	0.1469389325838517	313.833	TRUE	FALSE	0.6928140169740955	0.7523288819366841	FALSE
C	3	Il15ra	ENSMUSG00000023206.18	ENSMUST00000130245.2	GENCODE	full-splice_match	NA	up in Q157R	0.3057	0.1097	0.4155	0.001756	0.2130838102371756	0.08430329334976935	FALSE	TRUE	10	12.333333333333334	TRUE	transcript2023.chr2.nic	0.3679060445727112	TRUE	0.028958833619210977	0	-0.028958833619210977	411.66683333333333	FALSE	FALSE	-1.018368247083703	0.7404573828971799	FALSE
C	3	Zfp516	ENSMUSG00000058881.15	ENSMUST00000171238.9	GENCODE	full-splice_match	FALSE	up in Q157R	0.2967	0.2595	0.5562	0.008329	0.380093639899017	0.4852015464586614	FALSE	FALSE	3.2100000000000004	10.03	TRUE	transcript15788.chr18.nic	0.07749287749287749	TRUE	0.16358463968925369	0.32000487435899894	0.15642023466974525	1696.0421666666666	TRUE	FALSE	0.14862629731081073	0.9741170415936116	FALSE
C	3	Pvr	ENSMUSG00000040511.16	ENSMUST00000043517.8	GENCODE	full-splice_match	FALSE	down in Q157R	-0.296	0.4219	0.1259	0.03947	-0.3122935196189385	0.5697973389792302	FALSE	TRUE	11.253333333333334	1.6666666666666667	TRUE	ENSMUST00000043517.8	-0.2502043849869937	TRUE	0.720851223655335	0.7297817194935743	0.008930495838239239	297.333	FALSE	FALSE	-1.2579645836272928	0.726453561171298	FALSE
C	3	Sgsm2	ENSMUSG00000038351.16	ENSMUST00000057631.13	GENCODE	full-splice_match	FALSE	down in Q157R	-0.2956	0.798	0.5024	0.002057	-0.2396415601923263	0.13027929920862394	FALSE	TRUE	27.44	29.153333333333332	TRUE	ENSMUST00000057631.13	-0.03941176470588237	TRUE	0	0	0	889.6088333333333	FALSE	FALSE	0.6620539055061776	0.5548753625228999	FALSE
C	3	Uxt	ENSMUSG00000001134.11	ENSMUST00000123836.3	GENCODE	full-splice_match	FALSE	up in Q157R	0.2955	0.379	0.6745	0.002142	0.30936096677043046	0.10620820995815652	FALSE	TRUE	9.333333333333334	26.15	TRUE	ENSMUST00000123836.3	0.3238004685373107	TRUE	0	0.042203065134099625	0.042203065134099625	330.89183333333335	FALSE	FALSE	0.6902998103649848	0.7027162003185177	FALSE
C	3	Fnip1	ENSMUSG00000035992.17	ENSMUST00000573025.1	GENCODE	full-splice_match	FALSE	up in Q157R	0.2915	0.2511	0.5426	0.001189	0.3631943739991179	0.7083368456524441	FALSE	TRUE	21.666666666666668	14.666666666666666	TRUE	ENSMUST00000573025.1	0.014537989004144394	TRUE	0.047101823908068205	0.042945536059285416	-0.004156287848782789	2288.2051666666666	FALSE	FALSE	-1.584209053761081	0.31054259364079306	FALSE
C	3	Dnmbp	ENSMUSG00000025195.11	ENSMUST00000212032.3	GENCODE	full-splice_match	FALSE	up in Q157R	0.2856	0.6544	0.94	1.991e-9	0.32850357793893625	0.00143472804798162	TRUE	TRUE	24.953333333333333	44	TRUE	NA	NA	NA	0.8877663848784232	0.8986211309651573	0.01085474608673409	2010	FALSE	FALSE	0.26399098356559597	0.919041279908857	FALSE
C	3	Thada	ENSMUSG00000024251.12	ENSMUST00000527972.1	GENCODE	full-splice_match	FALSE	down in Q157R	-0.2854	0.5041	0.2187	6.975e-14	-0.32956936175899054	0.0176791087034713	TRUE	TRUE	57.873333333333335	24.446666666666665	TRUE	ENSMUST00000527972.1	0.004208680216235097	FALSE	0.4090363751515355	0.3736576081053908	-0.03537876704614473	3102.333666666667	FALSE	FALSE	0.05574812154939255	0.9765538933325552	FALSE
C	3	Zfp579	ENSMUSG00000051550.12	ENSMUST00000108572.2	GENCODE	full-splice_match	FALSE	down in Q157R	-0.2849	0.4886	0.2037	0.001916	-0.29391551369627145	0.31514557964459855	FALSE	FALSE	12.333333333333334	4.833333333333333	TRUE	transcript1064.chr7.nic	-0.20185185185185184	TRUE	0.6711663649687364	0.44609537574988783	-0.22507098921884855	511.00033333333334	TRUE	FALSE	0.02843772929437947	0.9931331674321768	FALSE
C	3	Marveld2	ENSMUSG00000021636.18	ENSMUST00000225754.3	GENCODE	full-splice_match	FALSE	down in Q157R	-0.2794	0.9149	0.6356	0.03132	-0.298651176035184	0.4090869768893073	FALSE	FALSE	11.37	10.120000000000001	TRUE	transcript20942.chr13.nic	-0.7436507936507937	TRUE	0.39653793107754226	0.2944145601560462	-0.10212337092149604	362.3335	TRUE	FALSE	0.37358927231124217	0.9326916094134964	FALSE
C	3	Rps13	ENSMUSG00000090862.5	ENSMUST00000170953.3	GENCODE	full-splice_match	FALSE	up in Q157R	0.276	0.6065	0.8825	1.586e-11	0.18578694829885845	0.07700131734975708	FALSE	TRUE	33.666666666666664	117.66666666666667	TRUE	ENSMUST00000170953.3	0.19384113881245768	TRUE	0.8904474660224928	0.8981749564364377	0.007727490413944937	8781.3925	FALSE	FALSE	1.2965558748260406	0.164963537421631	FALSE
C	3	Marveld2	ENSMUSG00000021636.18	ENSMUST00000022137.15	GENCODE	full-splice_match	FALSE	up in Q157R	0.2724	0.04654	0.3189	0.03132	0.298651176035184	0.4090869768893073	FALSE	TRUE	1.2566666666666666	6.503333333333333	FALSE	ENSMUST00000022137.15	0.7547619047619047	TRUE	0.4518816869486005	0.5692857142857143	0.1174040273371138	362.3335	TRUE	FALSE	0.37358927231124217	0.9326916094134964	FALSE
C	3	Atp5mj	ENSMUSG00000021290.8	ENSMUST00000021719.8	GENCODE	full-splice_match	FALSE	up in Q157R	0.2692	0.638	0.9072	9.188e-7	0.2015464321721856	0.10620820995815652	FALSE	TRUE	26	117.33333333333333	TRUE	transcript23027.chr12.nic	0.33770585782780904	TRUE	0.9241500805332905	0.9641641255516454	0.04001404501835493	791.0001666666667	FALSE	FALSE	1.7047711495876945	0.02836512722220898	TRUE
C	3	Atrnl1	ENSMUSG00000054843.11	ENSMUST00000421212.1	GENCODE	full-splice_match	FALSE	down in Q157R	-0.2665	0.375	0.1085	0.03509	-0.2997165799502619	0.8392457622064629	FALSE	FALSE	10.12	4.766666666666667	TRUE	ENSMUST00000421212.1	-0.011496395724583643	TRUE	0.13265503602541712	0.0501171988126267	-0.08253783721279043	892.0493333333334	TRUE	FALSE	0.17562360759766182	0.942682747591764	FALSE
C	3	Rps12	ENSMUSG00000061983.8	ENSMUST00000218107.2	GENCODE	full-splice_match	FALSE	up in Q157R	0.2627	0.2823	0.545	0.004753	0.2460649558625775	0.06524473398207407	FALSE	TRUE	11.07	34.36333333333334	TRUE	NA	NA	NA	0.9104477960700776	0.9155327660994244	0.005084970029346714	14771.344166666666	FALSE	TRUE	0.8277037118692939	0.6128639592376479	FALSE
C	3	Hint2	ENSMUSG00000028470.12	ENSMUST00000030192.6	GENCODE	full-splice_match	FALSE	up in Q157R	0.2602	0.5878	0.848	5.58e-5	0.21081259975155675	0.05163230925016644	FALSE	TRUE	23.666666666666668	58.666666666666664	TRUE	NA	NA	NA	0.5287311727085737	0.6604896955889017	0.13175852288032797	404.34433333333334	TRUE	FALSE	0.8568157713194751	0.5690422753295746	FALSE
C	3	Lsm7	ENSMUSG00000035215.11	ENSMUST00000035775.10	GENCODE	full-splice_match	FALSE	up in Q157R	0.2591	0.5435	0.8026	1.179e-18	0.23744059369738457	1.1063003851390634e-4	TRUE	TRUE	72.20333333333333	306.6333333333333	TRUE	NA	NA	NA	0.0817820213176547	0.0798650099130162	-0.0019170114046384995	697.8340000000001	FALSE	FALSE	1.5139781911814525	0.05950423404397983	FALSE
C	3	Fndc3b	ENSMUSG00000039286.14	ENSMUST00000403682.1	GENCODE	full-splice_match	FALSE	up in Q157R	0.2567	0.1628	0.4194	1.903e-7	0.407077934276266	0.6408068608395584	FALSE	FALSE	15.176666666666666	33.32666666666667	TRUE	ENSMUST00000403682.1	0.0300932970768191	TRUE	0.5410006017313387	0.6255646040561419	0.08456400232480321	2548.8334999999997	TRUE	FALSE	0.07670445904005016	0.9748298670206182	FALSE
C	3	Lin9	ENSMUSG00000058729.15	ENSMUST00000192561.7	GENCODE	full-splice_match	FALSE	down in Q157R	-0.2559	0.3169	0.06101	0.001052	-0.2626166016712064	0.2625375090646079	FALSE	FALSE	12.056666666666667	1.3733333333333333	TRUE	transcript34678.chr1.nic	-0.3122313907788984	TRUE	0.664362807891229	0.48216791043411816	-0.18219489745711087	821.6663333333333	TRUE	FALSE	-0.8933047568471063	0.7109417553526801	FALSE
C	3	2410006H16Rik	ENSMUSG00000086841.4	ENSMUST00000245938.2	GENCODE	full-splice_match	NA	down in Q157R	-0.2521	0.6181	0.366	2.88e-6	-0.2960291081972861	4.920469467623748e-4	TRUE	TRUE	53.666666666666664	32.666666666666664	TRUE	NA	NA	NA	0.08524282921504676	0.07448108017840047	-0.010761749036646298	1519.1371666666666	FALSE	FALSE	0.04389958927892722	0.9804002485042904	FALSE
C	3	Arglu1	ENSMUSG00000040459.13	ENSMUST00000208252.2	GENCODE	full-splice_match	TRUE	down in Q157R	-0.25	0.7456	0.4956	1.481e-4	-0.23278658727042567	0.3795981979663739	FALSE	FALSE	58.666666666666664	19.666666666666668	TRUE	NA	NA	NA	0.7677571069090465	0.5483271589229051	-0.21942994798614146	3801.5001666666667	TRUE	TRUE	-0.96858312723499	0.24021386193804584	FALSE
C	3	S100a13	ENSMUSG00000042312.13	ENSMUST00000508924.1	GENCODE	full-splice_match	FALSE	down in Q157R	-0.2453	0.2944	0.04912	0.03509	-0.16230443452156285	0.3679778843333618	FALSE	TRUE	3.6666666666666665	2	FALSE	ENSMUST00000508924.1	-0.24520697167755992	TRUE	0.10826514300179813	0.05808844712602931	-0.05017669587576881	290.3333333333333	TRUE	FALSE	1.2455881066507533	0.40981120270159194	FALSE
C	3	Dcun1d2	ENSMUSG00000038506.15	ENSMUST00000110840.9	GENCODE	full-splice_match	FALSE	up in Q157R	0.2418	0.4357	0.6775	1.574e-18	0.2365041294395707	0.01199039132085703	TRUE	TRUE	97.09	150.02333333333334	TRUE	NA	NA	NA	0.09995013157273396	0.06308896116258907	-0.03686117041014489	794.1111666666667	FALSE	FALSE	-0.10661070291586922	0.9682557091671306	FALSE
C	3	Sos2	ENSMUSG00000034801.15	ENSMUST00000462599.1	GENCODE	full-splice_match	FALSE	up in Q157R	0.2367	0	0.2367	1.696e-35	NA	NA	FALSE	TRUE	0	44.28666666666667	TRUE	NA	NA	NA	0.49631483053746295	0.6078545582654031	0.11153972772794019	2961.500666666667	TRUE	FALSE	0.2740434955006498	0.863875591000879	FALSE
C	3	Atp5f1e	ENSMUSG00000016252.9	ENSMUST00000016396.9	GENCODE	full-splice_match	NA	up in Q157R	0.233	0.6916	0.9246	8.209e-6	0.20322469154787204	0.0944295154997438	FALSE	TRUE	26.333333333333332	105.66666666666667	TRUE	ENSMUST00000016396.9	0	FALSE	0.9325054524973204	0.964067472839185	0.031562020341864616	1143.3333333333333	FALSE	TRUE	1.6362319190934418	0.03739181776937257	TRUE
C	3	Atp5f1e	ENSMUSG00000016252.9	ENSMUST00000149191.2	GENCODE	full-splice_match	NA	down in Q157R	-0.233	0.3084	0.0754	8.209e-6	-0.203224691547872	0.0944295154997438	FALSE	TRUE	10.333333333333334	8.333333333333334	TRUE	NA	NA	NA	0.06749454750267964	0.03593252716081497	-0.031562020341864665	1143.3333333333333	FALSE	TRUE	1.6362319190934418	0.03739181776937257	TRUE
C	3	Rpl22l1	ENSMUSG00000039221.12	ENSMUST00000194649.3	GENCODE	full-splice_match	FALSE	up in Q157R	0.2296	0.2569	0.4865	3.529e-6	0.22494980566957232	0.0235222451247907	TRUE	TRUE	23.906666666666666	65.58333333333333	TRUE	NA	NA	NA	0.5735770644975149	0.602821551982291	0.02924448748477615	1802.6135	FALSE	FALSE	0.6169038522850305	0.5011943026114422	FALSE
C	3	Slc25a42	ENSMUSG00000002346.19	ENSMUST00000110127.9	GENCODE	full-splice_match	FALSE	down in Q157R	-0.2266	0.7394	0.5128	0.001741	-0.21304164149828808	0.2360123099379606	FALSE	TRUE	67.08000000000001	25.213333333333335	TRUE	NA	NA	NA	0.26223920389869093	0	-0.26223920389869093	233.66649999999998	TRUE	FALSE	-1.0112275506831083	0.4696843838064525	FALSE
C	3	Il1rap	ENSMUSG00000022514.16	ENSMUST00000174202.9	GENCODE	full-splice_match	FALSE	up in Q157R	0.2263	0.7286	0.955	7.252e-5	0.22216001681180897	0.11640673098041934	FALSE	TRUE	66.33333333333333	33	TRUE	transcript8355.chr16.nic	0.03548236519251011	TRUE	0.03414346440825954	0.044421598117803336	0.010278133709543794	777.8333333333334	FALSE	FALSE	-1.4126039066957998	0.30451334936348207	FALSE
C	3	Cbx3	ENSMUSG00000029836.17	ENSMUST00000153699.2	GENCODE	full-splice_match	NA	up in Q157R	0.2259	0.5	0.7259	1.253e-4	0.22337232169521637	0.02969652149264925	TRUE	TRUE	27.666666666666668	65.66666666666667	TRUE	transcript9848.chr6.nic	-0.23447683290850652	FALSE	0.0018155510434831401	0.0020370949852327527	2.2154394174961258e-4	7756.333333333333	FALSE	FALSE	0.6874281825725753	0.3722926111295833	FALSE
C	3	Rab12	ENSMUSG00000023460.16	ENSMUST00000070538.13	GENCODE	full-splice_match	FALSE	up in Q157R	0.2243	0.6737	0.8979	0.003591	0.18698157736861776	0.31323488817669454	FALSE	TRUE	20.92	37.78	TRUE	ENSMUST00000070538.13	0.168360869312608	TRUE	0.3732235398965633	0.34277644366147075	-0.030447096235092563	751.1666666666666	FALSE	FALSE	0.42777979655708925	0.8439061644673073	FALSE
C	3	Cox16	ENSMUSG00000091803.9	ENSMUST00000002757.12	GENCODE	full-splice_match	FALSE	down in Q157R	-0.224	0.5029	0.2789	0.004128	-0.2090709745846725	0.45335244787221635	FALSE	TRUE	26.666666666666668	16.666666666666668	TRUE	transcript14566.chr12.nic	-0.028280647228503875	TRUE	0.24982306661486306	0.251719457688641	0.0018963910737779532	671.929	FALSE	FALSE	0.1119807709209761	0.9553441940608728	FALSE
C	3	Sem1	ENSMUSG00000042541.12	ENSMUST00000205180.2	GENCODE	full-splice_match	NA	down in Q157R	-0.2216	0.2848	0.06323	1.639e-11	-0.2012536169311543	0.00302785002477262	TRUE	TRUE	22.666666666666668	11.333333333333334	TRUE	NA	NA	NA	0.10999705149214556	0.06654458936022856	-0.043452462131917	1367.8331666666666	FALSE	FALSE	1.0462575375395342	0.17591946224554308	FALSE
C	3	Dgkq	ENSMUSG00000004815.14	ENSMUST00000053913.14	GENCODE	full-splice_match	FALSE	down in Q157R	-0.2211	0.5045	0.2834	6.241e-4	NA	NA	FALSE	TRUE	29.91	13.56	TRUE	NA	NA	NA	0.061839404622013316	0	-0.061839404622013316	683.3331666666667	TRUE	FALSE	-0.33595843042639273	0.8176060342246907	FALSE
C	3	Snhg20	ENSMUSG00000086859.7	ENSMUST00000182811.4	GENCODE	full-splice_match	NA	down in Q157R	-0.221	0.5542	0.3332	0.02319	NA	NA	FALSE	TRUE	21	16	TRUE	NA	NA	NA	0.5199405894274227	0.3989689338280739	-0.1209716555993488	299.49983333333336	TRUE	FALSE	0.8333463245784322	0.5495971767161596	FALSE
C	3	Ppp2cb	ENSMUSG00000009630.12	ENSMUST00000009774.12	GENCODE	full-splice_match	FALSE	down in Q157R	-0.2207	0.9796	0.7589	9.493e-4	-0.23574447801617204	0.06497834609648617	FALSE	TRUE	60.03333333333333	10	TRUE	transcript5740.chr8.nic	-0.32808509757662296	TRUE	0.9251192371449979	0.9687432725947943	0.04362403544979643	2073.5495	FALSE	FALSE	-2.2272598325396733	0.06988833520134291	FALSE
C	3	Phf14	ENSMUSG00000029629.19	ESPRESSO:chr6:102:14	novel	novel_in_catalog	FALSE	down in Q157R	-0.2202	0.5216	0.3014	8.315e-20	-0.22928117070784465	0.1537515103388434	FALSE	TRUE	168.9	93.73	TRUE	transcript846.chr6.nic	-0.007542274170440323	TRUE	0	0.013510814409145476	0.013510814409145476	4605.667166666667	FALSE	FALSE	-0.09265119941592528	0.9517145584497472	FALSE
C	3	Pcm1	ENSMUSG00000031592.12	ENSMUST00000045218.10	GENCODE	full-splice_match	FALSE	down in Q157R	-0.2181	0.4072	0.1891	4.688e-34	-0.3395478413735643	0.24521942754045217	FALSE	TRUE	203.43333333333334	92.83333333333333	TRUE	NA	NA	NA	0.40909517397897055	0.24232907609748433	-0.16676609788148622	6076.333333333333	TRUE	FALSE	-0.04647824076243891	0.9741170415936116	FALSE
C	3	1810073O08Rik	ENSMUSG00000117442.3	ENSMUST00000234364.3	GENCODE	full-splice_match	NA	up in Q157R	0.2161	0.5607	0.7768	0.003342	0.23817287956301747	0.22272929442840592	FALSE	TRUE	16.87	25.403333333333332	TRUE	ENSMUST00000234364.3	0.15008505025996283	TRUE	0.12090292983411444	0.15360571060082057	0.03270278076670613	511.8333333333333	FALSE	FALSE	-0.01147646985164824	0.9970761413245012	FALSE
C	3	Atp5if1	ENSMUSG00000054428.14	ENSMUST00000145795.2	GENCODE	full-splice_match	NA	down in Q157R	-0.2142	0.321	0.1068	9.406e-37	-0.21620833868164335	9.593138131403048e-4	TRUE	TRUE	82	75.33333333333333	TRUE	NA	NA	NA	0.07189593478916613	0.031619935334121836	-0.040275999455044294	1915.167	FALSE	FALSE	1.4895671598175244	0.03235063795916464	TRUE
C	3	Snhg20	ENSMUSG00000086859.7	ENSMUST00000149822.5	GENCODE	full-splice_match	NA	up in Q157R	0.2129	0.4458	0.6587	0.02319	NA	NA	FALSE	TRUE	16.333333333333332	29.333333333333332	TRUE	ENSMUST00000149822.5	0	FALSE	0.45943195962796113	0.5946103765167536	0.1351784168887925	299.49983333333336	TRUE	FALSE	0.8333463245784322	0.5495971767161596	FALSE
C	3	Fastkd1	ENSMUSG00000027086.18	ENSMUST00000073152.14	GENCODE	full-splice_match	FALSE	down in Q157R	-0.2095	0.8812	0.6717	0.009471	-0.2095658022128285	0.3044073058134049	FALSE	TRUE	33.46666666666667	13.05	TRUE	transcript17597.chr2.nic	-0.07557454890788223	TRUE	0.6552412510902297	0.7690229983520612	0.11378174726183155	878.9998333333333	FALSE	FALSE	-1.0109254638291776	0.5548753625228999	FALSE
C	3	Bcl9	ENSMUSG00000038256.17	ESPRESSO:chr3:1243:5	novel	novel_in_catalog	FALSE	down in Q157R	-0.2073	0.4284	0.2211	0.005506	-0.2173475884471928	0.8300594629239679	FALSE	FALSE	19.79	12.326666666666666	TRUE	transcript16348.chr3.nic	-0.15213675213675215	TRUE	0.5752714270814528	0.40832550873032825	-0.1669459183511246	2651.167	TRUE	FALSE	0.20406275522518913	0.9201156332110032	FALSE
C	3	Cdv3	ENSMUSG00000032803.17	ENSMUST00000035484.11	GENCODE	full-splice_match	FALSE	up in Q157R	0.2067	0.2119	0.4185	1.52e-10	0.22048911239357827	0.10386853735076654	FALSE	TRUE	31.31	84.84666666666666	TRUE	ENSMUST00000035484.11	0.1338829458565387	TRUE	0.06242188367120641	0.06566760870864641	0.0032457250374400004	8147.746333333334	FALSE	FALSE	0.4316248578437003	0.8293667139283545	FALSE
C	3	Il1rap	ENSMUSG00000022514.16	ENSMUST00000023156.14	GENCODE	full-splice_match	FALSE	down in Q157R	-0.2022	0.2472	0.04505	7.252e-5	-0.22216001681180897	0.11640673098041934	FALSE	TRUE	22.216666666666665	1.6666666666666667	TRUE	ENSMUST00000023156.14	-0.22557876905702995	TRUE	0.8892572745876615	0.9399680959240646	0.050710821336403145	777.8333333333334	FALSE	FALSE	-1.4126039066957998	0.30451334936348207	FALSE
C	3	Rpl22	ENSMUSG00000028936.17	ENSMUST00000103191.12	GENCODE	full-splice_match	FALSE	up in Q157R	0.2021	0.1336	0.3357	2.432e-18	0.2666497366759205	0.07952844774058934	FALSE	TRUE	37.50666666666667	96.61	TRUE	ENSMUST00000103191.12	0.2282767605775933	TRUE	0	0	0	8068.1665	FALSE	FALSE	0.1066207721983857	0.9315921286364522	FALSE
C	3	Sos2	ENSMUSG00000034801.15	ENSMUST00000183277.9	GENCODE	full-splice_match	FALSE	down in Q157R	-0.2018	0.8701	0.6683	6.336e-10	NA	NA	FALSE	TRUE	143.66666666666666	145.03333333333333	TRUE	NA	NA	NA	0.4717288861830269	0.35317174486112957	-0.11855714132189732	2961.500666666667	TRUE	FALSE	0.2740434955006498	0.863875591000879	FALSE
C	3	Atp5mj	ENSMUSG00000021290.8	ENSMUST00000223435.2	GENCODE	full-splice_match	NA	down in Q157R	-0.1998	0.2863	0.08651	9.259e-5	-0.2015464321721856	0.10620820995815652	FALSE	TRUE	10	10.333333333333334	TRUE	transcript23053.chr12.nic	-0.2154645264401362	TRUE	0.021197980958592773	0.009307581677300877	-0.011890399281291895	791.0001666666667	FALSE	FALSE	1.7047711495876945	0.02836512722220898	TRUE
C	3	Synj2	ENSMUSG00000023805.19	ENSMUST00000508119.1	GENCODE	full-splice_match	FALSE	down in Q157R	-0.1997	0.3907	0.1911	0.01758	-0.1850444571921841	0.3638771888027564	FALSE	TRUE	17.733333333333334	11.06	TRUE	ENSMUST00000508119.1	-0.059662255578667694	TRUE	0.46650195918633797	0.45984749551449666	-0.006654463671841304	1189.167	FALSE	FALSE	0.17701653811779247	0.9410674739545598	FALSE
C	3	Rpp21	ENSMUSG00000024446.15	ENSMUST00000025319.8	GENCODE	full-splice_match	FALSE	up in Q157R	0.1991	0.3586	0.5576	0.009189	NA	NA	FALSE	TRUE	10.333333333333334	36.333333333333336	TRUE	NA	NA	NA	0.4086717965864011	0.4894148779477192	0.08074308136131808	316.33316666666667	TRUE	FALSE	1.0803284870214542	0.21260374199267665	FALSE
C	3	Ccdc102a	ENSMUSG00000063605.7	ESPRESSO:chr8:1238:0	novel	novel_in_catalog	FALSE	down in Q157R	-0.1961	0.1961	0	0.0126	NA	NA	FALSE	TRUE	2.35	0	FALSE	transcript19644.chr8.nic	-0.16556776556776556	TRUE	0.05764520202020202	0	-0.05764520202020202	170.5	TRUE	FALSE	0.29992951294261894	0.9260354800061285	FALSE
C	3	Zfas1	ENSMUSG00000074578.17	ENSMUST00000247522.2	GENCODE	full-splice_match	NA	down in Q157R	-0.1945	0.8093	0.6149	7.471e-4	-0.14791342690108222	0.4806118950484227	FALSE	TRUE	68.33333333333333	32	TRUE	NA	NA	NA	0.13173214541126554	0.05071836893196802	-0.08101377647929753	1294.6665	TRUE	FALSE	-0.7118348919217183	0.6058770834064511	FALSE
C	3	Rbis	ENSMUSG00000078784.10	ENSMUST00000186870.7	GENCODE	full-splice_match	NA	down in Q157R	-0.1942	0.6822	0.488	3.479e-10	-0.19828773893718335	0.07394934547129645	FALSE	TRUE	108	115.33333333333333	TRUE	ENSMUST00000186870.7	-0.01881249441561539	TRUE	0.25047824659843876	0.3118821667956628	0.061403920197224016	467.92533333333336	FALSE	FALSE	0.605897356154204	0.4904989085058328	FALSE
C	3	Rbl1	ENSMUSG00000027641.15	ENSMUST00000124518.2	GENCODE	full-splice_match	FALSE	up in Q157R	0.1936	0.4212	0.6148	6.828e-27	0.24083683400290656	0.22993324436802415	FALSE	TRUE	262.06666666666666	314.1666666666667	TRUE	ENSMUST00000124518.2	0.2934900233981702	TRUE	0.004897936540196207	0.02134539565106573	0.016447459110869523	4232	FALSE	FALSE	-0.3298474087991664	0.7033379164513324	FALSE
C	3	Cops7a	ENSMUSG00000030127.17	ENSMUST00000112439.10	GENCODE	full-splice_match	FALSE	up in Q157R	0.1912	0.06046	0.2517	2.809e-73	0.2185531934073534	0.00425585011577036	TRUE	TRUE	77.73666666666666	196.16666666666666	TRUE	NA	NA	NA	0.035573826244243746	0.0299662236033911	-0.005607602640852645	2214.1665000000003	FALSE	FALSE	-0.49070143599853205	0.6378898655085247	FALSE
C	3	Rpl22	ENSMUSG00000028936.17	ENSMUST00000188151.3	GENCODE	full-splice_match	FALSE	down in Q157R	-0.1903	0.3264	0.1361	4.254e-16	-0.2210998138668162	0.47517893320029553	FALSE	TRUE	83.27333333333334	38.67	TRUE	ENSMUST00000103191.12	0.2282767605775933	FALSE	0.32137013731636827	0.2549297336366178	-0.06644040367975046	8068.1665	TRUE	FALSE	0.1066207721983857	0.9315921286364522	FALSE
C	3	Atp5pf	ENSMUSG00000022890.15	ENSMUST00000411871.1	GENCODE	full-splice_match	FALSE	up in Q157R	0.1896	0.3878	0.5773	4.086e-14	0.1764096891706921	0.00912271125528405	TRUE	TRUE	95.56666666666666	307.76666666666665	TRUE	NA	NA	NA	0	0	0	2075.9651666666664	FALSE	FALSE	1.1294862095425648	0.0613743587896079	FALSE
C	3	Rpl22	ENSMUSG00000028936.17	ENSMUST00000142735.8	GENCODE	full-splice_match	FALSE	up in Q157R	0.1887	0.1688	0.3575	2.268e-13	0.1755500962851376	0.509402336715214	FALSE	TRUE	47.83	101.79	TRUE	ENSMUST00000103191.12	0.2282767605775933	TRUE	0.39312064645595896	0.36657400737787027	-0.026546639078088685	8068.1665	FALSE	FALSE	0.1066207721983857	0.9315921286364522	FALSE
C	3	Dpy19l1	ENSMUSG00000043067.17	ENSMUST00000170356.3	GENCODE	full-splice_match	FALSE	down in Q157R	-0.1881	0.4832	0.295	4.756e-5	-0.20966341456657644	0.4926945564086757	FALSE	TRUE	149.26666666666665	60.70333333333333	TRUE	transcript4516.chr9.nic	-0.0042915263248813895	TRUE	0.449307124016993	0.5511844340398402	0.10187731002284717	2280	FALSE	FALSE	-0.8686496659958313	0.4187695419800326	FALSE
C	3	Eef2kmt	ENSMUSG00000022544.16	ENSMUST00000064635.13	GENCODE	full-splice_match	FALSE	down in Q157R	-0.188	0.6581	0.4701	5.774e-4	-0.18523351933091303	0.11005753012276988	FALSE	TRUE	83	39.24333333333333	TRUE	transcript1492.chr16.nic	-0.11446958059861284	TRUE	0.06949599358974358	0.17890798972070882	0.10941199613096524	881	FALSE	FALSE	-0.5889616546477533	0.5410707482649109	FALSE
C	3	Rpl34	ENSMUSG00000062006.14	ENSMUST00000079085.12	GENCODE	full-splice_match	FALSE	up in Q157R	0.1879	0.4722	0.66	2.978e-7	0.1693848476162717	0.07814988783013165	FALSE	TRUE	48.843333333333334	230.9	TRUE	transcript23195.chr3.nic	0.08270955055953949	TRUE	0.3183464133244551	0.2574503255620835	-0.0608960877623716	6429.190666666666	FALSE	FALSE	1.7408050229664431	0.02513329275159671	TRUE
C	3	Tmem128	ENSMUSG00000067365.13	ENSMUST00000119047.9	GENCODE	full-splice_match	FALSE	up in Q157R	0.1846	0.06196	0.2466	3.871e-6	0.19427614795582288	0.05272680298562253	FALSE	TRUE	8	14	TRUE	ENSMUST00000119047.9	0.015151515151515152	TRUE	0.05519736253085687	0.0762646538256961	0.021067291294839224	690.1666666666666	FALSE	FALSE	-1.0745363468537128	0.1313353881927369	FALSE
C	3	Ndufa6	ENSMUSG00000022450.8	ENSMUST00000230589.2	GENCODE	full-splice_match	FALSE	down in Q157R	-0.184	0.3135	0.1295	4.445e-6	-0.2007644645598249	0.11762050479440492	FALSE	TRUE	21.333333333333332	22.666666666666668	TRUE	transcript14247.chr15.nic	-0.1443239419251413	TRUE	0.007397009645645402	0.006629213483146067	-7.677961624993354e-4	838.0003333333333	FALSE	FALSE	1.33438342371827	0.06243104323637567	FALSE
C	3	Atp5pd	ENSMUSG00000034566.12	ENSMUST00000043931.10	GENCODE	full-splice_match	FALSE	up in Q157R	0.1805	0.5106	0.691	1.293e-7	0.15748325531888807	0.07204406996363437	FALSE	TRUE	95.66666666666667	210	TRUE	ENSMUST00000043931.10	0.003491804461690517	TRUE	0.3638683898921311	0.4046867072224205	0.0408183173302894	2023.6668333333332	FALSE	FALSE	0.7590720144642883	0.22412106444975471	FALSE
C	3	Slc7a7	ENSMUSG00000000958.12	ENSMUST00000439777.1	GENCODE	full-splice_match	FALSE	up in Q157R	0.1796	0.2772	0.4568	0.004115	0.21715076730484104	0.286633871944242	FALSE	TRUE	19.55666666666667	25.67	TRUE	ENSMUST00000439777.1	0.1687665664556421	TRUE	0	0	0	257.4998333333333	FALSE	FALSE	-0.4258947535094118	0.8073567026171939	FALSE
C	3	Ndufa11	ENSMUSG00000002379.9	ENSMUST00000002452.9	GENCODE	full-splice_match	FALSE	up in Q157R	0.1777	0.6963	0.874	0.001257	0.12135037975106212	0.7458219237225943	FALSE	TRUE	23.666666666666668	80.66666666666667	TRUE	ENSMUST00000002452.9	0.22246437897870164	TRUE	0.6745187518385067	0.6380706621816067	-0.03644808965690005	569.6666666666666	FALSE	FALSE	1.3803137668097187	0.14211495483830203	FALSE
C	3	Fbrsl1	ENSMUSG00000043323.19	ENSMUST00000200293.2	GENCODE	full-splice_match	FALSE	up in Q157R	0.1775	0.2912	0.4687	0.01227	0.20993131670130444	0.3120639425922717	FALSE	FALSE	16	32.333333333333336	TRUE	NA	NA	NA	0.12133460955399616	0.17477351295993332	0.053438903405937155	1558.4998333333333	TRUE	TRUE	0.2262928622882934	0.913374696375456	FALSE
C	3	St3gal3	ENSMUSG00000028538.14	ENSMUST00000030263.10	GENCODE	full-splice_match	FALSE	up in Q157R	0.175	0.05716	0.2322	9.226e-6	0.2353638834507747	0.06524473398207407	FALSE	TRUE	4.363333333333333	16.086666666666666	TRUE	ENSMUST00000030263.10	0.07630109843799475	TRUE	0.5385234529083507	0.5605521870899157	0.022028734181565035	468.167	FALSE	FALSE	-0.01585230524604725	0.995760268197854	FALSE
C	3	Hivep1	ENSMUSG00000021366.10	ESPRESSO:chr13:670:5	novel	novel_in_catalog	FALSE	down in Q157R	-0.1749	0.4735	0.2986	0.02802	-0.12035623371107453	0.8730564191472522	FALSE	TRUE	35.89666666666667	27.053333333333335	TRUE	NA	NA	NA	0.1094910257620922	0.05831813854932077	-0.05117288721277143	2159.167	TRUE	FALSE	0.08179874349716942	0.9741170415936116	FALSE
C	3	Zfp438	ENSMUSG00000050945.10	ENSMUST00000234241.3	GENCODE	full-splice_match	FALSE	up in Q157R	0.1746	0.5754	0.75	0.03697	0.15685498484863858	0.4811096184310627	FALSE	TRUE	33.199999999999996	33.53333333333333	TRUE	transcript438.chr18.nic	0.07705327507959087	TRUE	0.3735623546251566	0.28657948671167066	-0.08698286791348592	355.00016666666664	FALSE	FALSE	-0.3846240842237437	0.7878706746065406	FALSE
C	3	Cchcr1	ENSMUSG00000040312.16	ENSMUST00000164242.10	GENCODE	full-splice_match	FALSE	down in Q157R	-0.1745	0.5842	0.4097	0.002889	-0.19014286781055112	0.24722447876174003	FALSE	TRUE	42.163333333333334	29.17	TRUE	ENSMUST00000164242.10	-0.031129847247866826	TRUE	0.3009694308102988	0.2705268257480586	-0.030442605062240224	709.6661666666666	FALSE	FALSE	-0.01116397162919816	0.9959250234577408	FALSE
C	3	Nsd3	ENSMUSG00000054823.19	ENSMUST00000136107.10	GENCODE	full-splice_match	FALSE	down in Q157R	-0.1714	0.4849	0.3135	1.385e-6	-0.15069958688087065	0.21043560468564285	FALSE	TRUE	134.96666666666667	68.36333333333333	TRUE	transcript4299.chr8.nic	-0.0905203972595745	TRUE	0	0	0	6050.666666666666	FALSE	FALSE	-0.4900819347319534	0.7410897981169566	FALSE
C	3	Ndufab1	ENSMUSG00000030869.13	ENSMUST00000123296.9	GENCODE	full-splice_match	FALSE	up in Q157R	0.1713	0.4227	0.5941	1.538e-11	0.17619815146801077	0.519392149063974	FALSE	TRUE	155.99666666666667	300.6666666666667	TRUE	transcript28744.chr7.nic	0.08845416218382444	TRUE	0.012964390473425506	0.02420062478838559	0.011236234314960084	1371.4996666666666	FALSE	FALSE	0.511831237541308	0.3207199259880263	FALSE
C	3	Wfs1	ENSMUSG00000039474.15	ENSMUST00000043964.13	GENCODE	full-splice_match	FALSE	down in Q157R	-0.1712	0.9608	0.7896	0.02686	NA	NA	FALSE	FALSE	11	11.19	TRUE	transcript9461.chr5.nic	-0.10025062656641603	TRUE	0.3167102453102453	0.20909180418738718	-0.1076184411228581	567.8333333333334	TRUE	FALSE	0.2635726413026523	0.9323866483560684	FALSE
C	3	Crebzf	ENSMUSG00000051451.8	ENSMUST00000143408.3	GENCODE	full-splice_match	TRUE	down in Q157R	-0.1699	0.2281	0.05818	0.001355	-0.16975279181823538	0.18729273683360004	FALSE	TRUE	14.333333333333334	2	TRUE	ENSMUST00000143408.3	-0.04217599305219924	TRUE	0.045713604280214204	0.035520869761184404	-0.0101927345190298	2804.1665	FALSE	FALSE	-0.8125101769414699	0.4506009288936405	FALSE
C	3	Rps12	ENSMUSG00000061983.8	ENSMUST00000220070.3	GENCODE	full-splice_match	FALSE	up in Q157R	0.1686	0.03278	0.2014	0.003854	0.16068278600631036	0.0603523301367646	FALSE	TRUE	1.5666666666666667	12.493333333333332	TRUE	ENSMUST00000220070.3	0.3109656154873069	TRUE	0.03477297782156944	0.04398340335053134	0.009210425528961896	14771.344166666666	FALSE	FALSE	0.8277037118692939	0.6128639592376479	FALSE
C	3	Zbtb1	ENSMUSG00000033454.8	ENSMUST00000042779.4	GENCODE	full-splice_match	FALSE	down in Q157R	-0.1671	0.7872	0.6202	6.828e-6	-0.13235491577901948	0.3276614204633686	FALSE	TRUE	413.3333333333333	265.3333333333333	TRUE	transcript12274.chr12.nic	-0.03333062759818009	TRUE	0.2026974944964646	0.17181623015197156	-0.030881264344493037	3087.9995	FALSE	FALSE	-0.4432478431792541	0.9136587804799592	FALSE
C	3	Agk	ENSMUSG00000029916.13	ENSMUST00000202949.2	GENCODE	full-splice_match	FALSE	up in Q157R	0.1663	0.01666	0.183	4.005e-19	0.14228306410921565	0.5472201171727916	FALSE	TRUE	13	21.333333333333332	TRUE	ENSMUST00000202949.2	0.1692894371364822	TRUE	0.043540169935522254	0.028811320512252186	-0.014728849423270067	1209.5003333333334	FALSE	FALSE	-2.0435143617596476	0.15261390241742093	FALSE
C	3	Xpr1	ENSMUSG00000026469.16	ENSMUST00000027741.13	GENCODE	full-splice_match	FALSE	down in Q157R	-0.1651	0.5489	0.3838	0.01205	-0.16630443740454243	0.39855344179486296	FALSE	TRUE	39.24666666666667	26.73	TRUE	transcript25727.chr1.nic	-0.0252023199109392	TRUE	0.9251747543657741	0.9091299786093796	-0.016044775756394514	3491.2768333333333	FALSE	FALSE	0.01099580994653924	0.996274442660582	FALSE
C	3	Camk2g	ENSMUSG00000021820.20	ENSMUST00000080440.15	GENCODE	full-splice_match	FALSE	down in Q157R	-0.1637	0.4842	0.3205	5.113e-6	-0.1775619153392376	0.6531138805342455	FALSE	FALSE	56.95	35.74	TRUE	transcript2286.chr14.nic	-0.032096746344058166	TRUE	0.33840772130154384	0.26634380801066304	-0.0720639132908808	2432.1666666666665	TRUE	FALSE	0.04356597357105669	0.980377074496227	FALSE
C	3	Map4	ENSMUSG00000032479.17	ENSMUST00000035055.16	GENCODE	full-splice_match	FALSE	up in Q157R	0.1629	0.4339	0.5968	7.349e-6	0.1960887040989933	0.2406071143592136	FALSE	FALSE	36.43666666666667	72.19666666666667	TRUE	ENSMUST00000035055.16	0.0715605658709107	TRUE	0	0.2785335135136337	0.2785335135136337	2916.1663333333336	TRUE	FALSE	0.4031875515888917	0.7664226017214184	FALSE
C	3	Tchp	ENSMUSG00000002486.17	ENSMUST00000094441.12	GENCODE	full-splice_match	FALSE	down in Q157R	-0.1628	0.6271	0.4643	0.02989	-0.15028980962873684	0.482668193252331	FALSE	TRUE	42.653333333333336	37.836666666666666	TRUE	ENSMUST00000094441.12	-0.12786789134258358	TRUE	0.051055555555555555	0.03939219175577617	-0.011663363799779385	468.66683333333333	FALSE	FALSE	0.16735653781909943	0.929008839027585	FALSE
C	3	Ap1s2	ENSMUSG00000031367.17	ENSMUST00000033734.15	GENCODE	full-splice_match	FALSE	up in Q157R	0.1617	0.7299	0.8916	1.249e-6	0.16718808635281135	0.1390508562461217	FALSE	TRUE	109.47	99.80666666666667	TRUE	ENSMUST00000033734.15	0.172808226910073	TRUE	0.01041957671957672	0	-0.01041957671957672	450	FALSE	FALSE	-0.42079629868794105	0.908898645697767	FALSE
C	3	Kdm2a	ENSMUSG00000054611.19	ENSMUST00000430540.1	GENCODE	full-splice_match	FALSE	up in Q157R	0.1601	0	0.1601	1.781e-25	NA	NA	FALSE	TRUE	0	35.513333333333335	TRUE	NA	NA	NA	0.24083762001567083	0.37648028411916157	0.13564266410349074	9573.833333333332	TRUE	FALSE	0.4420580528022927	0.6142490565347524	FALSE
C	3	Espl1	ENSMUSG00000058290.6	ENSMUST00000064924.7	GENCODE	full-splice_match	FALSE	down in Q157R	-0.1599	0.8208	0.6609	6.412e-8	-0.1848759672346184	0.33712825319274015	FALSE	TRUE	140.63333333333333	133.1	TRUE	transcript20695.chr15.nic	-0.01098901098901095	TRUE	0.4650737956145514	0.4774206445896274	0.012346848975075986	2914.9996666666666	FALSE	FALSE	0.17480426629060047	0.9201156332110032	FALSE
C	3	Ccdc191	ENSMUSG00000022701.20	ESPRESSO:chr16:597:2	novel	novel_not_in_catalog	FALSE	down in Q157R	-0.1594	0.1906	0.03115	0.009217	-0.1750854736204207	0.7355450953935568	FALSE	TRUE	6.833333333333333	1.0533333333333332	FALSE	transcript12927.chr16.nnic	-0.07843514510181177	TRUE	0.26592447955969906	0.17547286934434653	-0.09045161021535253	503.6666666666667	TRUE	FALSE	-0.16008156678392113	0.9326916094134964	FALSE
C	3	Chchd1	ENSMUSG00000063787.6	ENSMUST00000224132.2	GENCODE	full-splice_match	NA	down in Q157R	-0.1585	0.2971	0.1387	4.108e-6	-0.14287731008104687	0.3770422284172083	FALSE	TRUE	38.333333333333336	30.666666666666668	TRUE	transcript2239.chr14.nic	-0.0733751404906614	TRUE	0.003235540981826296	0.0032922530592664487	5.671207744015281e-5	371.1308333333333	FALSE	FALSE	0.6499595071588412	0.5036475925410479	FALSE
C	3	Hook1	ENSMUSG00000028572.15	ENSMUST00000125627.8	GENCODE	full-splice_match	FALSE	up in Q157R	0.1574	0.1045	0.262	2.419e-4	0.15589153007420298	0.18981445073528516	FALSE	TRUE	9.366666666666667	24.053333333333335	TRUE	ENSMUST00000125627.8	0.11695558746887026	TRUE	0.0803912207358291	0.07068690697300722	-0.009704313762821881	2147.8333333333335	FALSE	FALSE	0.07757238278700042	0.9748298670206182	FALSE
C	3	Ppargc1b	ENSMUSG00000033871.16	ENSMUST00000075299.14	GENCODE	full-splice_match	FALSE	down in Q157R	-0.1572	0.8203	0.6632	0.02852	-0.1585335730975974	0.4021559907754139	FALSE	TRUE	45.70333333333333	31.04	TRUE	transcript11147.chr18.nic	0.0013836486534606895	FALSE	0.9650962996570673	0.7109783767666527	-0.2541179228904147	473.6665	TRUE	FALSE	-0.2653064256848863	0.8780308662049552	FALSE
C	3	Rbm26	ENSMUSG00000022119.17	ENSMUST00000022715.15	GENCODE	full-splice_match	FALSE	down in Q157R	-0.157	0.4248	0.2679	2.918e-9	-0.1689563224287718	0.0711031283189748	FALSE	TRUE	100.78666666666666	75.1	TRUE	transcript20385.chr14.nic	-0.06042916756661064	TRUE	0.35459953633399904	0.33224295444917373	-0.02235658188482531	3833.5616666666665	FALSE	FALSE	0.20284509847407808	0.8833554207172618	FALSE
C	3	Jade1	ENSMUSG00000025764.16	ENSMUST00000168086.8	GENCODE	full-splice_match	FALSE	down in Q157R	-0.1567	0.3444	0.1877	4.918e-6	-0.16491527835792902	0.18553965090363456	FALSE	TRUE	51.54333333333334	35.906666666666666	TRUE	transcript4430.chr3.nic	-0.07831725726462568	TRUE	0.140799002068848	0.15519217390553197	0.014393171836683982	3903.6665000000003	FALSE	FALSE	0.29543982183562434	0.7741789827301241	FALSE
C	3	Bltp1	ENSMUSG00000037270.20	ESPRESSO:chr3:325:10	novel	novel_in_catalog	FALSE	down in Q157R	-0.1563	0.3367	0.1804	0.02047	NA	NA	FALSE	FALSE	56.59	36.78	TRUE	NA	NA	NA	0.37620155686062995	0.2870182405723771	-0.08918331628825282	5482.999833333334	TRUE	TRUE	0.07161074154898713	0.9682557091671306	FALSE
C	3	Atrx	ENSMUSG00000031229.18	ESPRESSO:chrX:1412:82	novel	novel_in_catalog	FALSE	up in Q157R	0.1557	0.01189	0.1676	4.947e-84	0.21448249848054793	2.673466468432395e-20	TRUE	TRUE	9.766666666666667	140.66666666666666	TRUE	NA	NA	NA	0.10426131858653968	0.09485365631068769	-0.009407662275851991	14789.292166666666	FALSE	FALSE	0.14061767458379532	0.8783409136621808	FALSE
C	3	Ttll4	ENSMUSG00000033257.16	ENSMUST00000449258.1	GENCODE	full-splice_match	FALSE	up in Q157R	0.1557	0.1741	0.3298	0.02574	0.16599064107660477	0.7000433050447963	FALSE	TRUE	11.686666666666667	19.78	TRUE	NA	NA	NA	0	0.09511795942285527	0.09511795942285527	3151.6666666666665	TRUE	FALSE	-0.15105928149100378	0.942682747591764	FALSE
C	3	Dcun1d2	ENSMUSG00000038506.15	ENSMUST00000045366.11	GENCODE	full-splice_match	FALSE	down in Q157R	-0.1557	0.2519	0.09621	3.313e-15	-0.19937201907218127	0.00800763229531321	TRUE	TRUE	59.483333333333334	19.096666666666668	TRUE	NA	NA	NA	0	0.0063010288774866365	0.0063010288774866365	794.1111666666667	FALSE	FALSE	-0.10661070291586922	0.9682557091671306	FALSE
C	3	Phf14	ENSMUSG00000029629.19	ESPRESSO:chr6:102:6	novel	novel_not_in_catalog	FALSE	up in Q157R	0.1555	0.03748	0.193	1.4770000000000002e-26	0.20884742882373547	0.01740404032152839	TRUE	TRUE	12.833333333333332	62.93333333333333	TRUE	NA	NA	NA	0.010008367168640491	0	-0.010008367168640491	4605.667166666667	FALSE	FALSE	-0.09265119941592528	0.9517145584497472	FALSE
C	3	Xaf1	ENSMUSG00000040483.17	ENSMUST00000146233.9	GENCODE	full-splice_match	FALSE	down in Q157R	-0.1552	0.8385	0.6833	0.001231	-0.2654349408457447	0.1832301481441292	FALSE	FALSE	19.666666666666668	8.333333333333334	TRUE	transcript21287.chr11.nic	-0.12896825396825395	TRUE	0.5267436022473692	0.44372570835693587	-0.08301789389043329	353.3333333333333	TRUE	FALSE	-0.8968305173015959	0.7499085367513838	FALSE
C	3	Crebzf	ENSMUSG00000051451.8	ENSMUST00000061767.5	GENCODE	full-splice_match	NA	down in Q157R	-0.1549	0.2687	0.1138	0.02736	-0.14904365343689385	0.4723626720925624	FALSE	TRUE	16.333333333333332	4	TRUE	transcript20369.chr7.nnic	-0.10765199745063253	TRUE	0.7523474518307498	0.8183286475462463	0.06598119571549654	2804.1665	FALSE	FALSE	-0.8125101769414699	0.4506009288936405	FALSE
C	3	Acrbp	ENSMUSG00000072770.10	ESPRESSO:chr6:1838:34	novel	novel_in_catalog	TRUE	down in Q157R	-0.1543	0.4197	0.2653	3.614e-4	-0.16883957689972073	0.46229796886205937	FALSE	TRUE	63.93333333333333	37.32666666666667	TRUE	NA	NA	NA	0.10113089784659436	0.042610405316309684	-0.05852049253028468	1725.5281666666667	TRUE	FALSE	0.15293679334745702	0.9634910196227248	FALSE
C	3	Ndufb2	ENSMUSG00000002416.15	ENSMUST00000135671.9	GENCODE	full-splice_match	NA	up in Q157R	0.1541	0.5392	0.6933	0.0316	0.11446482748219576	0.762036976594618	FALSE	FALSE	36.666666666666664	127.3	TRUE	ENSMUST00000135671.9	0.20098296652098224	TRUE	0.1290305803789762	0.15331391047120058	0.024283330092224387	1109.8093333333334	FALSE	TRUE	1.4591278839803004	0.03235063795916464	TRUE
C	3	Zbtb1	ENSMUSG00000033454.8	ESPRESSO:chr12:924:5	novel	novel_not_in_catalog	FALSE	up in Q157R	0.1538	0.107	0.2608	3.253e-10	0.1421142464426206	0.17236982636919848	FALSE	TRUE	54.32333333333333	76.64	TRUE	transcript12234.chr12.nnic	0.18633561124034412	TRUE	0.19652822308857104	0.15841253041772224	-0.0381156926708488	3087.9995	FALSE	FALSE	-0.4432478431792541	0.9136587804799592	FALSE
C	3	C2cd5	ENSMUSG00000030279.17	ENSMUST00000171349.9	GENCODE	full-splice_match	FALSE	up in Q157R	0.1527	0.3105	0.4632	3.385e-9	0.1767617773342154	0.07902821104807839	FALSE	TRUE	112.41333333333333	95.35	TRUE	ENSMUST00000171349.9	0.02963505578563369	TRUE	0.2014634901226582	0.16144967920695819	-0.04001381091570003	3856.902666666667	FALSE	FALSE	-0.8627517779812431	0.7635729964145824	FALSE
C	3	Arid1b	ENSMUSG00000069729.15	ESPRESSO:chr17:23:10	novel	novel_not_in_catalog	FALSE	up in Q157R	0.1526	0.1072	0.2599	5.444e-8	0.14789729394244475	0.01259453886959395	TRUE	TRUE	25.506666666666668	42.806666666666665	TRUE	transcript297.chr17.nnic	-0.14714524107146226	FALSE	0.3987930590168279	0.3934351230396424	-0.0053579359771854795	17553.667	FALSE	FALSE	-0.39980905453923576	0.8305117472139495	FALSE
C	3	Eps15l1	ENSMUSG00000006276.13	ENSMUST00000212590.4	GENCODE	full-splice_match	FALSE	up in Q157R	0.1523	0.4878	0.6401	6.093e-7	0.18168756888644025	0.06766503061527102	FALSE	TRUE	233.46666666666667	197.46666666666667	TRUE	ENSMUST00000212590.4	0.08557781838307799	TRUE	0.1543773954281391	0.15501205717808925	6.346617499501384e-4	3073.8738333333336	FALSE	FALSE	-0.5566193254485646	0.7664226017214184	FALSE
C	3	Atp13a3	ENSMUSG00000022533.16	ENSMUST00000100013.10	GENCODE	full-splice_match	FALSE	down in Q157R	-0.1521	0.3823	0.2302	3.628e-5	-0.15545278878283886	0.8466494724939878	FALSE	TRUE	63.973333333333336	31.27	TRUE	NA	NA	NA	0.33295539217805675	0.11846458986317207	-0.21449080231488468	5429.8330000000005	TRUE	FALSE	-0.36246734403962105	0.861672231883351	FALSE
C	3	Phactr2	ENSMUSG00000062866.18	ESPRESSO:chr10:100:6	novel	novel_in_catalog	FALSE	up in Q157R	0.152	0.06582	0.2179	0.01644	0.1430642747419496	0.38074647399507094	FALSE	TRUE	4.093333333333334	10.93	TRUE	transcript1979.chr10.nic	0.025107417580083682	TRUE	0.019639429726566657	0	-0.019639429726566657	4121	FALSE	FALSE	-0.05494931107217781	0.9800523366917374	FALSE
C	3	Slc7a8	ENSMUSG00000022180.9	ENSMUST00000022787.9	GENCODE	full-splice_match	FALSE	down in Q157R	-0.1511	0.8675	0.7165	7.206e-4	-0.08739141365217684	0.3331708075450472	FALSE	TRUE	121.54333333333334	128.07	TRUE	transcript10571.chr14.nic	-0.26067233343829405	TRUE	0.4173332605629974	0.5141897779472206	0.09685651738422324	878.3331666666667	FALSE	FALSE	0.31456373698409945	0.929008839027585	FALSE
C	3	Hspe1	ENSMUSG00000073676.6	ENSMUST00000075242.7	GENCODE	full-splice_match	FALSE	up in Q157R	0.1509	0.7473	0.8982	3.83e-10	0.15434485787230423	0.05435391808855729	FALSE	TRUE	116.33333333333333	303.6666666666667	TRUE	ENSMUST00000075242.7	-0.0039230610807960975	FALSE	0.8240828485558562	0.894566138051826	0.07048328949596983	1206.1668333333334	TRUE	FALSE	1.1447390766136434	0.04897280293312311	TRUE
C	3	Eef2kmt	ENSMUSG00000022544.16	ENSMUST00000139584.2	GENCODE	full-splice_match	FALSE	up in Q157R	0.1503	0.228	0.3783	0.00206	0.18523351933091303	0.11005753012276988	FALSE	TRUE	29.333333333333332	31.666666666666668	TRUE	ENSMUST00000139584.2	0.0384762269053994	TRUE	0.19862743829931329	0.15078333759450674	-0.04784410070480655	881	FALSE	FALSE	-0.5889616546477533	0.5410707482649109	FALSE
C	3	Camk2g	ENSMUSG00000021820.20	ENSMUST00000100837.12	GENCODE	full-splice_match	FALSE	up in Q157R	0.1501	0.36	0.5101	4.878e-5	0.1955401006442863	0.5537648785001209	FALSE	FALSE	38.24333333333333	61.79666666666667	TRUE	transcript2289.chr14.nic	0.008941426952179643	TRUE	0.20473227985556028	0.2582902516675761	0.0535579718120158	2432.1666666666665	TRUE	FALSE	0.04356597357105669	0.980377074496227	FALSE
C	3	Hook1	ENSMUSG00000028572.15	ENSMUST00000030306.15	GENCODE	full-splice_match	FALSE	down in Q157R	-0.15	0.8356	0.6856	0.004335	-0.15589153007420298	0.18981445073528516	FALSE	TRUE	76.35333333333334	67.39666666666666	TRUE	NA	NA	NA	0.7990457404810104	0.6288895650475511	-0.1701561754334593	2147.8333333333335	TRUE	FALSE	0.07757238278700042	0.9748298670206182	FALSE
C	3	Gm44597	ENSMUSG00000108037.3	ESPRESSO:chr6:1838:34	novel	novel_in_catalog	TRUE	down in Q157R	-0.1491	0.4203	0.2712	0.001243	-0.16883957689972073	0.46229796886205937	FALSE	TRUE	63.93333333333333	37.32666666666667	TRUE	NA	NA	NA	0.10113089784659436	0.042610405316309684	-0.05852049253028468	1725.5281666666667	TRUE	FALSE	-0.1720044632424821	0.9123144083285212	FALSE
C	3	Sdhaf3	ENSMUSG00000042505.8	ENSMUST00000040826.7	GENCODE	full-splice_match	FALSE	up in Q157R	0.1488	0.7869	0.9356	1.801e-4	0.13851769146235737	0.14248232853831566	FALSE	TRUE	53.666666666666664	60.666666666666664	TRUE	ENSMUST00000040826.7	0.07752156045017916	TRUE	0.8052357225675641	0.8116436191742283	0.006407896606664187	186.66666666666666	FALSE	FALSE	-0.12138709486111234	0.9537433244374288	FALSE
C	3	Zfas1	ENSMUSG00000074578.17	ENSMUST00000189909.9	GENCODE	full-splice_match	NA	up in Q157R	0.1487	0.02821	0.1769	9.695e-5	0.17333878735914715	0.11640673098041934	FALSE	TRUE	3	9.256666666666666	FALSE	ENSMUST00000189909.9	0.17465793452635558	TRUE	0.32624320252858374	0.39892153355404625	0.0726783310254625	1294.6665	TRUE	FALSE	-0.7118348919217183	0.6058770834064511	FALSE
C	3	Stau2	ENSMUSG00000025920.21	ENSMUST00000128957.9	GENCODE	full-splice_match	FALSE	down in Q157R	-0.1458	0.4335	0.2877	0.01723	-0.13328868623559376	0.6293529658927912	FALSE	TRUE	45.843333333333334	30.966666666666665	TRUE	NA	NA	NA	0.15222645930754386	0.10074395931843506	-0.051482499989108796	933.8333333333334	TRUE	FALSE	-0.07949062512793036	0.9741170415936116	FALSE
C	3	Rragb	ENSMUSG00000041658.14	ENSMUST00000039720.12	GENCODE	full-splice_match	FALSE	down in Q157R	-0.1456	0.2045	0.0589	0.02917	-0.1505011642563993	0.2641251554820026	FALSE	TRUE	6.96	2.0166666666666666	FALSE	NA	NA	NA	0.6684362435892313	0.446263277914752	-0.22217296567447925	504.66683333333333	TRUE	TRUE	-0.01344422482329676	0.9949308490851988	FALSE
C	3	Ythdf3	ENSMUSG00000047213.16	ENSMUST00000108345.10	GENCODE	full-splice_match	FALSE	up in Q157R	0.1456	0.5004	0.646	5.263e-12	0.1737840862191763	0.670458716000831	FALSE	FALSE	124.15333333333334	180.6	TRUE	NA	NA	NA	0.30804319599350166	0.45466398585435314	0.14662078986085147	4225.832833333333	TRUE	TRUE	0.01576309949272021	0.9931331674321768	FALSE
C	3	Slc35b3	ENSMUSG00000021432.17	ENSMUST00000225432.3	GENCODE	full-splice_match	FALSE	down in Q157R	-0.145	0.43	0.285	0.001442	-0.14242352962157434	0.39835931506306727	FALSE	TRUE	91.57333333333334	39.22333333333333	TRUE	ENSMUST00000225432.3	-0.07927509067091984	TRUE	0	0.005032863849765258	0.005032863849765258	461.8338333333333	FALSE	FALSE	-0.6809597193036718	0.3036937828030541	FALSE
C	3	Rps14	ENSMUSG00000024608.13	ENSMUST00000025511.12	GENCODE	full-splice_match	FALSE	up in Q157R	0.1439	0.7531	0.897	4.11e-41	0.10462079408941705	0.00294276572986821	TRUE	TRUE	433.43333333333334	1653.4666666666667	TRUE	NA	NA	NA	0.8996113445735243	0.9022845961139737	0.002673251540449395	20515.000333333333	FALSE	FALSE	1.691863919825812	0.03235063795916464	TRUE
C	3	Rpgr	ENSMUSG00000031174.20	ENSMUST00000115533.9	GENCODE	full-splice_match	FALSE	up in Q157R	0.1438	0.2124	0.3561	3.637e-5	0.15153907781323295	0.3113398787355433	FALSE	TRUE	26.363333333333333	51.88	TRUE	NA	NA	NA	0.07013695090439277	0.31948461323463134	0.24934766233023858	298.16683333333333	TRUE	FALSE	0.13590542702310454	0.9410674739545598	FALSE
C	3	Ndufaf8	ENSMUSG00000078572.5	ENSMUST00000106223.5	GENCODE	full-splice_match	FALSE	up in Q157R	0.1428	0.7992	0.942	0.009442	0.13659507739746768	0.2347345924616661	FALSE	TRUE	32.333333333333336	71	TRUE	ENSMUST00000106223.5	0.2591209988268812	TRUE	0.74323192419111	0.7808931117668451	0.03766118757573511	228.16466666666665	FALSE	FALSE	0.8843576468899208	0.4547003220574683	FALSE
C	3	Slc36a4	ENSMUSG00000043885.16	ENSMUST00000061568.10	GENCODE	full-splice_match	FALSE	up in Q157R	0.1413	0.4906	0.6319	0.04264	0.12040120765775676	0.6199049310628184	FALSE	TRUE	42.04333333333334	44.53	TRUE	NA	NA	NA	0	0.07496787927964216	0.07496787927964216	821.6663333333333	TRUE	FALSE	-0.2736166305524737	0.9207397086995482	FALSE
C	3	Myo18a	ENSMUSG00000000631.22	ENSMUST00000100794.11	GENCODE	full-splice_match	FALSE	down in Q157R	-0.14	0.14	0	8.118999999999999e-47	-0.21097410233324312	NA	FALSE	TRUE	47.65	0	TRUE	NA	NA	NA	0.20910572995109555	0.12689751618383818	-0.08220821376725737	7613.499000000001	TRUE	FALSE	0.06711299174946071	0.9741170415936116	FALSE
C	3	Zfp953	ENSMUSG00000098905.4	ENSMUST00000081582.9	GENCODE	full-splice_match	FALSE	down in Q157R	-0.1383	1	0.8617	0.01219	NA	NA	FALSE	TRUE	21	16.333333333333332	TRUE	ENSMUST00000081582.9	-0.0052564510990761315	TRUE	1	1	0	708.8875	FALSE	FALSE	-0.36266409960587753	0.9048566577830878	FALSE
C	3	Zfp217	ENSMUSG00000052056.16	ENSMUST00000063710.13	GENCODE	full-splice_match	FALSE	up in Q157R	0.1374	0.2012	0.3385	0.02582	0.1393983663756786	0.9960964618307984	FALSE	FALSE	13.436666666666667	27.833333333333332	TRUE	ENSMUST00000063710.13	0.06184875575680174	TRUE	0.2620602710819394	0.37984283686487996	0.11778256578294055	5418.833666666666	TRUE	FALSE	0.28728628969371334	0.8409731295191649	FALSE
C	3	Usp1	ENSMUSG00000028560.13	ENSMUST00000091358.12	GENCODE	full-splice_match	FALSE	down in Q157R	-0.1372	0.4606	0.3234	9.884e-66	-0.14425342660027085	0.3576455022295795	FALSE	TRUE	915.9666666666667	759	TRUE	NA	NA	NA	0.29923859846497475	0.17936924262337253	-0.11986935584160222	5499.834166666667	TRUE	FALSE	0.2693671504371861	0.6572088591946235	FALSE
C	3	Gm12940	ENSMUSG00000085334.8	ESPRESSO:chr4:1605:13	novel	fusion	TRUE	down in Q157R	-0.137	0.5443	0.4073	2.065e-5	NA	NA	FALSE	FALSE	137.83666666666667	67.92333333333333	TRUE	NA	NA	NA	0.22263330069080056	0.11983376670148266	-0.1027995339893179	16936.44066666667	TRUE	TRUE	-0.18536672316961805	0.9457437705193664	FALSE
C	3	Trdmt1	ENSMUSG00000026723.12	ENSMUST00000124488.8	GENCODE	full-splice_match	FALSE	down in Q157R	-0.1352	0.855	0.7198	5.005e-5	-0.11628735388580214	0.21637780810208784	FALSE	TRUE	163.33333333333334	72.62333333333333	TRUE	transcript2318.chr2.nic	-0.03171842650103518	TRUE	0.1613622646875659	0.15790869565217389	-0.0034535690353920123	294.1665	FALSE	FALSE	-0.8714910474485721	0.5410707482649109	FALSE
C	3	Ythdf3	ENSMUSG00000047213.16	ENSMUST00000108346.6	GENCODE	full-splice_match	FALSE	down in Q157R	-0.1351	0.313	0.1778	1.019e-13	-0.1589745038831959	0.7000433050447963	FALSE	FALSE	87.64999999999999	43.733333333333334	TRUE	NA	NA	NA	0.3047183005484604	0.13238812580174375	-0.17233017474671664	4225.832833333333	TRUE	TRUE	0.01576309949272021	0.9931331674321768	FALSE
C	3	Cox19	ENSMUSG00000045438.14	ENSMUST00000152715.2	GENCODE	full-splice_match	NA	down in Q157R	-0.1345	0.2055	0.07101	6.999e-4	-0.15555589075930343	0.17608877069818613	FALSE	TRUE	13.666666666666666	4.333333333333333	TRUE	transcript35397.chr5.nic	-0.27998056930282	TRUE	0.0387374613386805	0.007553150698959587	-0.031184310639720915	483	FALSE	FALSE	0.06556264466172285	0.97560488999976	FALSE
C	3	Zkscan5	ENSMUSG00000055991.17	ENSMUST00000085671.11	GENCODE	full-splice_match	FALSE	down in Q157R	-0.1334	0.6925	0.5591	0.03764	-0.13753658258465373	0.7000433050447963	FALSE	FALSE	61.04	50.55	TRUE	ENSMUST00000085671.11	-0.11408118744902351	TRUE	0.49227831547949286	0.13659235325794292	-0.3556859622215499	689.6666666666666	TRUE	FALSE	0.04676727754810049	0.9776916549909992	FALSE
C	3	Rps17	ENSMUSG00000061787.17	ENSMUST00000138936.2	GENCODE	full-splice_match	NA	down in Q157R	-0.1334	0.1734	0.04	1.952e-5	-0.12104684952144627	0.01366828597304598	TRUE	TRUE	10	9	TRUE	NA	NA	NA	0.0032313504615510314	0.005090208020220488	0.0018588575586694568	11007.948	FALSE	FALSE	1.7803152347255915	0.02191570083769201	TRUE
C	3	Tmem65	ENSMUSG00000062373.10	ENSMUST00000072113.7	GENCODE	full-splice_match	FALSE	up in Q157R	0.1334	0.8378	0.9712	0.03776	0.1185409683908214	0.5212404429922756	FALSE	TRUE	24.096666666666668	30.599999999999998	TRUE	transcript6695.chr15.nic	0.03604401502952226	TRUE	0.8469446118417335	0.8933418516346354	0.04639723979290189	807.8333333333334	FALSE	FALSE	0.1491580073721081	0.9590113641742792	FALSE
C	3	Dapk1	ENSMUSG00000021559.16	ENSMUST00000226059.3	GENCODE	full-splice_match	FALSE	up in Q157R	0.1333	0.2017	0.3351	0.0107	0.14453309236755274	0.6274505674731087	FALSE	FALSE	17.333333333333332	32	TRUE	transcript12418.chr13.nic	0.028176844765637796	TRUE	0.4018166385088618	0.45955837360094226	0.05774173509208047	1633.4995	TRUE	FALSE	0.10608620826500184	0.9610379806633556	FALSE
C	3	Cdk8	ENSMUSG00000029635.17	ENSMUST00000489840.1	GENCODE	full-splice_match	FALSE	up in Q157R	0.1327	0.1592	0.2918	8.796e-6	0.15214910997294392	0.11640673098041934	FALSE	TRUE	28.21	48.5	TRUE	transcript37678.chr5.nic	0.036076552180728826	TRUE	0	0	0	1057.1665	FALSE	FALSE	-0.16767700185662418	0.9260354800061285	FALSE
C	3	Epg5	ENSMUSG00000039840.10	ENSMUST00000044622.8	GENCODE	full-splice_match	FALSE	down in Q157R	-0.1324	0.9075	0.7751	0.01368	-0.03430971583566311	1	FALSE	TRUE	53.666666666666664	46.97	TRUE	ENSMUST00000044622.8	-0.06981344231252318	TRUE	0.9350138841376172	0.9455093270498359	0.010495442912218711	2827.6666666666665	FALSE	FALSE	0.00787603237342231	0.9985661959069364	FALSE
C	3	Ctla2a	ENSMUSG00000044258.12	ENSMUST00000021880.10	GENCODE	full-splice_match	FALSE	up in Q157R	0.1318	0.4697	0.6015	0.03745	0.12601589848483985	0.8713674452808203	FALSE	FALSE	38.49333333333334	74.77333333333333	TRUE	ENSMUST00000021880.10	0.04813641254171426	TRUE	0.27212390402409287	0.3318470761246032	0.05972317210051031	2527.2438333333334	TRUE	FALSE	0.6478087141501521	0.6058770834064511	FALSE
C	3	Nin	ENSMUSG00000021068.19	ENSMUST00000428515.1	GENCODE	full-splice_match	FALSE	up in Q157R	0.1294	0.04135	0.1707	2.898e-19	0.13978752100360514	0.3938945172629703	FALSE	TRUE	10.516666666666667	54.196666666666665	TRUE	ENSMUST00000428515.1	0.01916203293637969	TRUE	0.036667777258341	0.01945945077688807	-0.01720832648145293	4715.666333333334	FALSE	FALSE	0.15774179110788092	0.9285584227508604	FALSE
C	3	Dalrd3	ENSMUSG00000019039.16	ENSMUST00000019183.15	GENCODE	full-splice_match	FALSE	down in Q157R	-0.1289	0.5305	0.4015	3.049e-7	-0.11203874590614547	0.3424822819524712	FALSE	TRUE	200	123.19666666666666	TRUE	NA	NA	NA	0.3896228709205521	0.16924727135798645	-0.22037559956256564	1425.5025	TRUE	FALSE	-0.29867051639648423	0.7541458039721104	FALSE
C	3	Klhl26	ENSMUSG00000055707.15	ENSMUST00000066597.13	GENCODE	full-splice_match	FALSE	up in Q157R	0.1287	0.3973	0.526	0.01886	0.12645715616874348	0.45152309454305745	FALSE	TRUE	45.86	51.95666666666666	TRUE	ENSMUST00000066597.13	0.12310162386632972	TRUE	0.3047107760794751	0.07811782945736433	-0.22659294662211077	609.587	FALSE	FALSE	-0.25580543347699625	0.8372581517180601	FALSE
C	3	Anln	ENSMUSG00000036777.10	ESPRESSO:chr9:271:12	novel	novel_in_catalog	FALSE	down in Q157R	-0.1281	0.1728	0.04463	2.015e-16	-0.12952688388374511	0.05963666748534121	FALSE	TRUE	59.2	15.933333333333334	TRUE	transcript4263.chr9.nic	-0.14904401393062114	TRUE	0.3435738362020133	0.40112575857585686	0.057551922373843545	2409.833833333333	FALSE	FALSE	-0.1381218679178138	0.9741170415936116	FALSE
C	3	Gpcpd1	ENSMUSG00000027346.17	ENSMUST00000149854.8	GENCODE	full-splice_match	FALSE	up in Q157R	0.1265	0.171	0.2974	2.902e-10	0.15016975673851535	0.40459744963172983	FALSE	FALSE	50.92666666666667	74.95	TRUE	ENSMUST00000149854.8	0.11049930488593551	TRUE	0.03151506542459407	0.11489473721889736	0.08337967179430328	1613.0003333333334	TRUE	FALSE	-0.3123701536586686	0.8123695748118992	FALSE
C	3	Micos10	ENSMUSG00000050608.13	ENSMUST00000143971.3	GENCODE	full-splice_match	NA	up in Q157R	0.1265	0.7431	0.8696	2.203e-8	0.06014992373741956	0.5404548825604443	FALSE	TRUE	122.33333333333333	271.23333333333335	TRUE	ENSMUST00000143971.3	0.061682967748884376	TRUE	0.3620062230421283	0.399205973574549	0.037199750532420695	1011	FALSE	FALSE	0.9157971795850132	0.1532581818526579	FALSE
C	3	Exoc3l2	ENSMUSG00000011263.19	ENSMUST00000524256.1	GENCODE	full-splice_match	FALSE	up in Q157R	0.1254	0.6667	0.7921	0.01864	0.18980293980166596	0.930289795739392	FALSE	FALSE	12.833333333333334	22.676666666666666	TRUE	transcript3935.chr7.nic	0.22489316239316243	TRUE	0.9074080085043191	0.9697818061908872	0.06237379768656803	530.1646666666667	TRUE	FALSE	0.21359260092264257	0.9399612575486084	FALSE
C	3	Mov10	ENSMUSG00000002227.17	ENSMUST00000168015.9	GENCODE	full-splice_match	FALSE	down in Q157R	-0.1247	0.4686	0.3439	0.04792	-0.1293786362712005	0.6818760193258295	FALSE	TRUE	46.96666666666667	42.22666666666667	TRUE	NA	NA	NA	0.6328717546214068	0.15235282258064517	-0.48051893204076157	2023.1666666666667	TRUE	FALSE	0.21509368457731304	0.904062225847976	FALSE
C	3	Mon2	ENSMUSG00000034602.17	ENSMUST00000037557.10	GENCODE	full-splice_match	FALSE	down in Q157R	-0.1247	0.7419	0.6173	8.054e-5	-0.1541722413940424	0.32433714777240635	FALSE	TRUE	153.16666666666666	141.2	TRUE	transcript25190.chr10.nic	-0.0029281541472857553	TRUE	0.205115456922797	0.1839559841342831	-0.021159472788513906	4071.666166666667	FALSE	FALSE	0.10494921604926868	0.9407796405978126	FALSE
C	3	Mrpl53	ENSMUSG00000030037.11	ESPRESSO:chr6:1222:24	novel	fusion	TRUE	down in Q157R	-0.1242	0.2946	0.1704	0.003142	NA	NA	FALSE	TRUE	28.156666666666666	23.916666666666668	TRUE	transcript14336.chr6.nic	-0.03256804702285332	TRUE	0	0	0	717.989	FALSE	FALSE	0.98251098642815	0.3164063377229929	FALSE
C	3	Zmiz1	ENSMUSG00000007817.17	ENSMUST00000162645.9	GENCODE	full-splice_match	FALSE	up in Q157R	0.1238	0.3014	0.4253	0.001514	0.13008848380044474	0.4244542004013592	FALSE	TRUE	45.47	67.94	TRUE	ENSMUST00000162645.9	0.04925364449475997	TRUE	0.3473000012065934	0.373888037953844	0.026588036747250632	9420.333833333334	FALSE	FALSE	0.0704869426292492	0.9741170415936116	FALSE
C	3	Thyn1	ENSMUSG00000035443.12	ENSMUST00000213770.3	GENCODE	full-splice_match	FALSE	up in Q157R	0.1236	0.1455	0.269	0.008701	0.1235743879414537	0.23818623932756672	FALSE	TRUE	17.106666666666666	32.91	TRUE	transcript4877.chr9.nic	0.2008403361344538	TRUE	0.12176034002702499	0.12723395242750082	0.005473612400475836	682.8336666666667	FALSE	FALSE	0.1723020211452988	0.9207397086995482	FALSE
C	3	Strn3	ENSMUSG00000020954.18	ENSMUST00000169503.5	GENCODE	full-splice_match	FALSE	up in Q157R	0.1224	0.3213	0.4438	2.857e-4	0.14580212982576168	0.264673708623691	FALSE	FALSE	50.99666666666667	64.32666666666667	TRUE	ENSMUST00000169503.5	0.09328453704416328	TRUE	0.073936452114683	0.17228490339734256	0.09834845128265957	2492.5	TRUE	FALSE	-0.17831047008739168	0.9106015128196532	FALSE
C	3	Vps39	ENSMUSG00000027291.17	ENSMUST00000102501.11	GENCODE	full-splice_match	FALSE	down in Q157R	-0.1218	0.415	0.2932	1.177e-7	-0.13011778327264573	0.5404548825604443	FALSE	TRUE	130.53666666666666	112.30666666666666	TRUE	ENSMUST00000102501.11	-0.12637787323465427	TRUE	0.35680437059980724	0.3645459067916481	0.00774153619184087	3171.4996666666666	FALSE	FALSE	0.2964660629057299	0.7728219799283407	FALSE
C	3	Cenpi	ENSMUSG00000031262.14	ENSMUST00000101251.9	GENCODE	full-splice_match	FALSE	down in Q157R	-0.1218	0.2331	0.1113	1.657e-12	-0.12296143655944958	0.18549778058324773	FALSE	TRUE	99.55666666666667	39.20333333333333	TRUE	ENSMUST00000101251.9	-0.11752611262192046	TRUE	0	0.0463864754753807	0.0463864754753807	578.0001666666667	FALSE	FALSE	-0.2573891762826382	0.8305117472139495	FALSE
C	3	Ankrd26	ENSMUSG00000007827.12	ENSMUST00000527839.1	GENCODE	full-splice_match	FALSE	up in Q157R	0.1198	0.4193	0.5391	5.239e-4	0.12997913079056683	0.6416152286643082	FALSE	FALSE	55.18666666666667	102.29	TRUE	NA	NA	NA	0.012282735357252376	0.3126806308495474	0.300397895492295	1010.6668333333333	TRUE	TRUE	0.3853148523112639	0.7996836091143015	FALSE
C	3	Trmt61a	ENSMUSG00000060950.14	ESPRESSO:chr12:1516:3	novel	novel_in_catalog	FALSE	up in Q157R	0.1184	0.4669	0.5852	2.904e-6	0.11374774105504688	0.2971466016473659	FALSE	TRUE	189.26666666666665	208.53333333333333	TRUE	transcript22771.chr12.nic	0.11461189648423559	TRUE	0.5903680878665333	0.2682955060614138	-0.3220725818051195	682.5	FALSE	FALSE	-0.23896193165573187	0.8088171231746034	FALSE
C	3	Romo1	ENSMUSG00000067847.15	ENSMUST00000109597.11	GENCODE	full-splice_match	NA	up in Q157R	0.1184	0	0.1184	0.03448	NA	NA	FALSE	TRUE	0	10.333333333333334	TRUE	ENSMUST00000109597.11	0.0979590333038609	TRUE	0.14176167068223394	0.019241145007098517	-0.12252052567513542	391.16633333333334	FALSE	FALSE	2.580788817704191	0.02513329275159671	TRUE
C	3	Espl1	ENSMUSG00000058290.6	ENSMUST00000229050.3	GENCODE	full-splice_match	FALSE	up in Q157R	0.118	0.1395	0.2575	2.911e-5	0.12399602504272894	0.6124502745792628	FALSE	TRUE	23.283333333333335	52.056666666666665	TRUE	NA	NA	NA	0.16687900474299203	0.27686227138977676	0.10998326664678473	2914.9996666666666	TRUE	FALSE	0.17480426629060047	0.9201156332110032	FALSE
C	3	Mrpl39	ENSMUSG00000022889.9	ENSMUST00000116584.3	GENCODE	full-splice_match	FALSE	down in Q157R	-0.1171	0.7386	0.6215	1.4e-4	-0.12882619672964546	0.2990927795061907	FALSE	TRUE	223.43333333333334	138.83333333333334	TRUE	NA	NA	NA	0.07651021852287508	0.015370822297451956	-0.06113939622542312	1061.4456666666665	TRUE	FALSE	-0.4373916405531417	0.5666345139978266	FALSE
C	3	Cox6c	ENSMUSG00000014313.17	ENSMUST00000127999.2	GENCODE	full-splice_match	NA	down in Q157R	-0.117	0.1599	0.04296	8.749e-8	-0.1160973739732106	0.12026139623296762	FALSE	TRUE	16.666666666666668	10.333333333333334	TRUE	ENSMUST00000127999.2	-0.12020326266376757	TRUE	0.073819719632855	0.046558307799792094	-0.027261411833062903	1462.6666666666667	FALSE	FALSE	1.2124343765673051	0.071307925184225	FALSE
C	3	Atp5pd	ENSMUSG00000034566.12	ENSMUST00000137563.8	GENCODE	full-splice_match	FALSE	down in Q157R	-0.1168	0.2369	0.1201	2.461e-5	-0.12482203177231696	0.12026139623296762	FALSE	TRUE	39.97666666666667	36	TRUE	transcript43706.chr11.nic	-0.1401766448353694	TRUE	0.03389368066209586	0.024605074397935744	-0.009288606264160115	2023.6668333333332	FALSE	FALSE	0.7590720144642883	0.22412106444975471	FALSE
C	3	Synrg	ENSMUSG00000034940.18	ENSMUST00000492399.1	GENCODE	full-splice_match	FALSE	up in Q157R	0.1167	0	0.1167	7.386e-9	NA	NA	FALSE	TRUE	0	9.393333333333333	FALSE	NA	NA	NA	0.06325770144761407	0.295773430709093	0.23251572926147895	3414.4686666666666	TRUE	TRUE	-0.10495997425217564	0.9553441940608728	FALSE
C	3	Ifi27	ENSMUSG00000064215.15	ENSMUST00000085065.13	GENCODE	full-splice_match	FALSE	down in Q157R	-0.1167	0.3773	0.2606	9.398e-6	-0.12740928047341182	0.5080832029350666	FALSE	TRUE	83.26666666666667	52.64666666666667	TRUE	transcript20616.chr12.nic	-0.05321819240615769	TRUE	0.023388315835230496	0.059608334917428944	0.03622001908219845	1587.9995000000001	FALSE	FALSE	-0.05722762108508589	0.9741170415936116	FALSE
C	3	Bdp1	ENSMUSG00000049658.15	ESPRESSO:chr13:1515:14	novel	novel_not_in_catalog	FALSE	down in Q157R	-0.1153	0.2431	0.1278	0.01181	-0.11992256906661317	0.501835228996032	FALSE	TRUE	31.326666666666668	17.683333333333334	TRUE	NA	NA	NA	0.27766561476285295	0.1558805589350482	-0.12178505582780474	3837.3334999999997	TRUE	FALSE	-0.08721335084642756	0.9741170415936116	FALSE
C	3	Eif2s3y	ENSMUSG00000069049.13	ENSMUST00000091197.5	GENCODE	full-splice_match	FALSE	down in Q157R	-0.115	0.8431	0.7281	0.00502	-0.03570926575692756	0.8353864730241611	FALSE	TRUE	484.3	368.9666666666667	TRUE	transcript66.chrY.nic	-0.017347191386855032	TRUE	0	0.03494604767879548	0.03494604767879548	1047.1668333333332	FALSE	FALSE	-0.2042623954532352	0.984182811594754	FALSE
C	3	Tyw5	ENSMUSG00000048495.18	ENSMUST00000162686.9	GENCODE	full-splice_match	FALSE	down in Q157R	-0.1148	0.5316	0.4169	0.04945	-0.11130472296032756	0.4806118950484227	FALSE	TRUE	71.31333333333333	48.846666666666664	TRUE	ENSMUST00000162686.9	-0.10210019759584998	TRUE	0.07370328868981761	0.12391774891774893	0.050214460227931315	177.35533333333333	FALSE	FALSE	-0.2437246212357765	0.8341853980813375	FALSE
C	3	4931406C07Rik	ENSMUSG00000031938.17	ENSMUST00000178977.10	GENCODE	full-splice_match	FALSE	down in Q157R	-0.1145	0.6438	0.5293	0.04414	-0.1268308950687963	0.5963740072523266	FALSE	FALSE	90.87	75.17666666666666	TRUE	ENSMUST00000178977.10	-0.1329160287685035	TRUE	0.6932346761531453	0.6043526224023412	-0.08888205375080405	1496.4996666666666	TRUE	FALSE	-0.02051449782586642	0.9919069737030825	FALSE
C	3	Itga6	ENSMUSG00000027111.18	ENSMUST00000028522.11	GENCODE	full-splice_match	FALSE	up in Q157R	0.1143	0.4014	0.5157	8.79e-4	0.1086084834238698	0.6145688697542661	FALSE	TRUE	70.1	136.47333333333333	TRUE	ENSMUST00000028522.11	-0.010266494633289991	FALSE	0.1984374187485465	0.27506743157745406	0.07663001282890755	6846.829833333333	TRUE	FALSE	0.5709657900691336	0.4176982598979877	FALSE
C	3	Rbm15	ENSMUSG00000048109.12	ENSMUST00000061772.12	GENCODE	full-splice_match	FALSE	up in Q157R	0.112	0.7573	0.8693	9.8e-5	NA	NA	FALSE	TRUE	118.66666666666667	178.33333333333334	TRUE	transcript19182.chr3.nic	0.366294524189261	TRUE	0.3247211116940548	0.2588797087341354	-0.06584140295991942	5150	FALSE	FALSE	0.449926781210752	0.7693042566171036	FALSE
C	3	Sfmbt1	ENSMUSG00000006527.18	ENSMUST00000054230.13	GENCODE	full-splice_match	FALSE	up in Q157R	0.1117	0.5595	0.6712	5.303e-5	0.12987227785588995	0.6660516913129781	FALSE	FALSE	128.63333333333333	158.93333333333334	TRUE	transcript5006.chr14.nic	0.025148003276071362	TRUE	0.2740277200835091	0.40038911282535505	0.12636139274184593	1962.1666666666667	TRUE	FALSE	-0.05568112096601192	0.9741170415936116	FALSE
C	3	Rps18	ENSMUSG00000008668.17	ENSMUST00000008812.9	GENCODE	full-splice_match	FALSE	up in Q157R	0.1116	0.7531	0.8647	5.336e-13	0.07317152693892637	0.24521942754045217	FALSE	TRUE	389.3333333333333	1110	TRUE	ENSMUST00000008812.9	0.09105743088518481	TRUE	0.7357924074087946	0.6797426863229484	-0.05604972108584616	13358.458	FALSE	FALSE	1.3566313630212057	0.02513329275159671	TRUE
C	3	Rplp2	ENSMUSG00000025508.15	ENSMUST00000134636.2	GENCODE	full-splice_match	NA	down in Q157R	-0.1112	0.1418	0.03059	2.341e-8	-0.12261834746975216	0.00799635757852398	TRUE	TRUE	13.333333333333334	11.666666666666666	TRUE	NA	NA	NA	0	6.672336846824065e-4	6.672336846824065e-4	15444.472333333333	FALSE	FALSE	1.9510549161081336	0.02513329275159671	TRUE
C	3	Idh3g	ENSMUSG00000002010.19	ENSMUST00000052761.10	GENCODE	full-splice_match	FALSE	down in Q157R	-0.1111	0.7309	0.6198	2.414e-14	-0.115031307691281	0.03095582478583154	TRUE	TRUE	538.7666666666667	457.06666666666666	TRUE	NA	NA	NA	0	0	0	3912.6670000000004	FALSE	FALSE	-0.01125125685480087	0.9934732594453016	FALSE
C	3	Chka	ENSMUSG00000024843.17	ENSMUST00000072055.14	GENCODE	full-splice_match	FALSE	up in Q157R	0.1095	0.2373	0.3467	3.28e-6	0.1205847155163774	0.4311850049028895	FALSE	TRUE	57.696666666666665	106.48	TRUE	ENSMUST00000072055.14	0.1375773425410804	TRUE	0.262229189589999	0.30720561056456014	0.044976420974561115	1323.6668333333332	FALSE	FALSE	0.20694311936319085	0.906871908616782	FALSE
C	3	Nae1	ENSMUSG00000031878.20	ENSMUST00000034349.11	GENCODE	full-splice_match	FALSE	down in Q157R	-0.1095	0.8696	0.7601	2.978e-28	-0.07801141026801206	0.5472201171727916	FALSE	TRUE	1012.4333333333333	724.1333333333333	TRUE	NA	NA	NA	0.13786255787037036	0	-0.13786255787037036	752.6668333333333	TRUE	FALSE	-0.2891660931400497	0.7044438713565908	FALSE
C	3	Pex2	ENSMUSG00000040374.15	ENSMUST00000412022.1	GENCODE	full-splice_match	FALSE	up in Q157R	0.109	0.4024	0.5114	4.686e-16	0.1117436150213027	0.3106596788643472	FALSE	TRUE	407.56666666666666	371.26666666666665	TRUE	NA	NA	NA	0.048587483976732515	0.13519113155773288	0.08660364758100036	687.8333333333334	TRUE	FALSE	-0.5210662231301725	0.2534553108254913	FALSE
C	3	Cenpa	ENSMUSG00000029177.11	ENSMUST00000133316.8	GENCODE	full-splice_match	FALSE	down in Q157R	-0.1086	0.4213	0.3127	1.474e-11	-0.11751854883526708	0.01828065769255118	TRUE	TRUE	382.06666666666666	224.46666666666667	TRUE	NA	NA	NA	0.16934538839184932	0.14935461416001783	-0.019990774231831487	2505.833166666667	FALSE	FALSE	-0.3843108242483722	0.7245393407714261	FALSE
C	3	Tcf12	ENSMUSG00000032228.18	ENSMUST00000183404.8	GENCODE	full-splice_match	FALSE	down in Q157R	-0.1081	0.16	0.05195	3.35e-16	-0.1318234088400241	0.00172201943073741	TRUE	TRUE	57.32	22.28666666666667	TRUE	NA	NA	NA	0	0	0	5092.166666666667	FALSE	FALSE	0.26811746032892125	0.7968207639734094	FALSE
C	3	Mettl8	ENSMUSG00000041975.19	ENSMUST00000112186.10	GENCODE	full-splice_match	FALSE	up in Q157R	0.1077	0.6571	0.7648	3.056e-7	0.1054940570095596	0.18061276540475185	FALSE	TRUE	251	286.6	TRUE	transcript18308.chr2.nic	0.125180797867248	TRUE	0.04060444444444444	0.01979785478547855	-0.020806589658965893	465.6666666666667	FALSE	FALSE	-0.04606591738358154	0.9741170415936116	FALSE
C	3	Ndufb7	ENSMUSG00000033938.7	ENSMUST00000036996.6	GENCODE	full-splice_match	FALSE	up in Q157R	0.1074	0.8486	0.9561	7.667e-4	0.07870648267800584	0.4590327780381447	FALSE	TRUE	46	171.33333333333334	TRUE	transcript15202.chr8.nic	0.15481319574041408	TRUE	0.8515275277607146	0.8904341253717623	0.038906597611047644	883.0003333333334	FALSE	FALSE	1.7210517469616686	0.03235063795916464	TRUE
C	3	Zfp426	ENSMUSG00000059475.15	ENSMUST00000115562.9	GENCODE	full-splice_match	FALSE	up in Q157R	0.1067	0.1528	0.2595	0.008046	0.1585055116731401	0.46756722708582255	FALSE	TRUE	13.093333333333334	32.07333333333333	TRUE	NA	NA	NA	0.03601119094307914	0.149067861715749	0.11305667077266987	868.667	TRUE	FALSE	0.41986680896381856	0.7698478053198162	FALSE
C	3	Srgap2	ENSMUSG00000026425.17	ENSMUST00000186543.8	GENCODE	full-splice_match	FALSE	down in Q157R	-0.1066	0.8495	0.7429	0.005951	-0.07529345623577577	0.7148085680409235	FALSE	TRUE	115.92	81.77	TRUE	ENSMUST00000186543.8	-0.09401424617269838	TRUE	0.17245947118216365	0.1515675287841521	-0.020891942398011537	2139.8333333333335	FALSE	FALSE	-0.2928362611558336	0.8305117472139495	FALSE
C	3	5730480H06Rik	ENSMUSG00000029089.10	ENSMUST00000200566.5	GENCODE	full-splice_match	TRUE	up in Q157R	0.1063	0.1918	0.2981	9.077e-5	0.11956558918009284	0.08121081600950883	FALSE	TRUE	47.236666666666665	67.62666666666667	TRUE	ENSMUST00000200566.5	0.1120171366754261	TRUE	0.08787382788966525	0.07254671968190855	-0.015327108207756693	430.99966666666666	FALSE	FALSE	-0.14101627341931924	0.9206001945984004	FALSE
C	3	Trmt61a	ENSMUSG00000060950.14	ENSMUST00000084947.11	GENCODE	full-splice_match	FALSE	down in Q157R	-0.1052	0.4957	0.3905	4.281e-5	-0.1137477410550468	0.2971466016473659	FALSE	TRUE	199.93333333333334	139.03333333333333	TRUE	ENSMUST00000084947.11	-0.1143171524023544	TRUE	0.3407893895983212	0.5855323451766384	0.2447429555783172	682.5	FALSE	FALSE	-0.23896193165573187	0.8088171231746034	FALSE
C	3	Prorsd1	ENSMUSG00000032673.7	ENSMUST00000133103.3	GENCODE	full-splice_match	FALSE	down in Q157R	-0.1046	0.2229	0.1183	0.005065	-0.10891404909875237	0.4021559907754139	FALSE	TRUE	29	11.333333333333334	TRUE	transcript7561.chr11.nic	-0.09366642072498692	TRUE	0.1479755909053093	0.12323425650881838	-0.024741334396490913	237	FALSE	FALSE	-0.3952666827928146	0.7523992121913691	FALSE
C	3	Prxl2a	ENSMUSG00000021792.17	ENSMUST00000022317.16	GENCODE	full-splice_match	FALSE	up in Q157R	0.1045	0.5731	0.6776	1.912e-4	0.10592752365623936	0.3709769878972748	FALSE	TRUE	216.33333333333334	226.4	TRUE	transcript7088.chr14.nic	0.04421331398789741	TRUE	0.16873737167521746	0.1572402020414253	-0.01149716963379216	507.5	FALSE	FALSE	-0.211421800905523	0.9198664685694016	FALSE
C	3	Psma8	ENSMUSG00000036743.6	ENSMUST00000040860.4	GENCODE	full-splice_match	FALSE	up in Q157R	0.1039	0.6836	0.7875	0.04139	0.07702832164862028	0.8160687524316911	FALSE	TRUE	100.86	75.72666666666666	TRUE	ENSMUST00000040860.4	0.08840753274022461	TRUE	0.3191673798608904	0.359252602690894	0.0400852228300036	471.50016666666664	FALSE	FALSE	-0.6164717765415574	0.5683726104180195	FALSE
C	3	Ankrd26	ENSMUSG00000007827.12	ENSMUST00000112830.4	GENCODE	full-splice_match	FALSE	down in Q157R	-0.1037	0.2654	0.1617	2.661e-4	-0.11514113490819892	0.46756722708582255	FALSE	FALSE	34.61666666666667	25.62	TRUE	NA	NA	NA	0.9499435076627942	0.16372186444471076	-0.7862216432180835	1010.6668333333333	TRUE	TRUE	0.3853148523112639	0.7996836091143015	FALSE
C	3	Zfp959	ENSMUSG00000003198.12	ENSMUST00000224379.2	GENCODE	full-splice_match	FALSE	up in Q157R	0.1029	0.4394	0.5423	0.02397	0.10856585819375748	0.7004756048398557	FALSE	TRUE	70.66666666666667	66.66666666666667	TRUE	transcript23270.chr17.nic	0.08451793485623604	TRUE	0.06628473764476495	0.05665692788589919	-0.009627809758865756	445.6211666666666	FALSE	FALSE	-0.4329262594817875	0.8404290061517238	FALSE
C	3	Med15	ENSMUSG00000012114.19	ENSMUST00000012259.10	GENCODE	full-splice_match	FALSE	down in Q157R	-0.1023	0.4819	0.3795	7.401e-6	-0.0942405822211808	0.906998441965608	FALSE	TRUE	221.26666666666668	149.73333333333335	TRUE	transcript5290.chr16.nic	-0.06349147406753719	TRUE	0	0	0	2499.833	FALSE	FALSE	-0.2102323045838864	0.8560254219252563	FALSE
C	3	Mrpl15	ENSMUSG00000033845.15	ENSMUST00000130201.9	GENCODE	full-splice_match	FALSE	up in Q157R	0.1023	0.1839	0.2862	2.065e-6	0.11014107848809554	0.2691318290965902	FALSE	TRUE	78.89	119.60000000000001	TRUE	ENSMUST00000130201.9	0.1528700457532447	TRUE	0.1036607279504274	0.12824195895741242	0.02458123100698502	1091.6671666666666	FALSE	FALSE	3.858742369915686e-4	0.9994688140747026	FALSE
C	3	Rnf20	ENSMUSG00000028309.16	ENSMUST00000167496.9	GENCODE	full-splice_match	FALSE	up in Q157R	0.102	0.3754	0.4775	1.727e-7	0.09757140788078732	0.781039770127776	FALSE	FALSE	174.6	294.2	TRUE	ENSMUST00000167496.9	0.0542512956429812	TRUE	0	0.12043460126419654	0.12043460126419654	3626.9996666666666	TRUE	FALSE	0.3378248530378979	0.6514428967080359	FALSE
C	3	Bbs9	ENSMUSG00000035919.18	ENSMUST00000039798.17	GENCODE	full-splice_match	FALSE	up in Q157R	0.1015	0.3421	0.4436	0.0119	0.09842561261614292	0.4768572842829926	FALSE	TRUE	59.53	86.56666666666666	TRUE	NA	NA	NA	0.0940104839635563	0.20282513617048611	0.10881465220692982	1194.0004999999999	TRUE	FALSE	0.10557604569401362	0.9410674739545598	FALSE
C	3	Rpl22l1	ENSMUSG00000039221.12	ENSMUST00000043867.11	GENCODE	full-splice_match	FALSE	up in Q157R	0.1008	0.1056	0.2063	0.04842	0.09676122930788358	0.5462844887320685	FALSE	TRUE	10.426666666666666	28.083333333333332	TRUE	NA	NA	NA	0.21262969848276864	0.283710997700397	0.07108129921762835	1802.6135	TRUE	FALSE	0.6169038522850305	0.5011943026114422	FALSE
C	3	Rps14	ENSMUSG00000024608.13	ENSMUST00000122279.3	GENCODE	full-splice_match	FALSE	down in Q157R	-0.09955	0.1727	0.07311	9.558e-22	-0.10462079408941705	0.00294276572986821	FALSE	TRUE	90.50333333333333	132.43333333333334	TRUE	transcript10661.chr18.nic	-0.09468427900411155	TRUE	0	0.001550272459343129	0.001550272459343129	20515.000333333333	FALSE	FALSE	1.691863919825812	0.03235063795916464	TRUE
C	2	Ifit1bl1	ENSMUSG00000079339.8	ENSMUST00000112467.2	GENCODE	full-splice_match	FALSE	down in Q157R	-0.6944	0.6944	0	0.01342	NA	NA	FALSE	TRUE	2.3333333333333335	0	FALSE	ENSMUST00000112467.2	-0.6944444444444444	TRUE	0.4598333333333333	0.6666666666666666	0.2068333333333333	35.333333333333336	FALSE	FALSE	NA	NA	FALSE
C	2	Ifit1bl1	ENSMUSG00000079339.8	ENSMUST00000168254.3	GENCODE	full-splice_match	FALSE	up in Q157R	0.6944	0.3056	1	0.01342	NA	NA	FALSE	TRUE	1.3333333333333333	3.3333333333333335	FALSE	ENSMUST00000168254.3	0.6944444444444444	TRUE	0.5401666666666667	0.3333333333333333	-0.20683333333333337	35.333333333333336	FALSE	FALSE	NA	NA	FALSE
C	2	Gm40630	ENSMUSG00000120201.2	ENSMUST00000241848.2	GENCODE	full-splice_match	NA	up in Q157R	0.6889	0.1111	0.8	0.0489	NA	NA	FALSE	NA	0.6666666666666666	2.3333333333333335	FALSE	transcript6306.chr10.nic	0.005211809668915982	TRUE	0.4285565048017768	0.6620342014500461	0.23347769664826928	115.27733333333333	TRUE	FALSE	NA	NA	FALSE
C	2	Gm53692	ENSMUSG00000120024.2	ENSMUST00000241065.2	GENCODE	full-splice_match	NA	down in Q157R	-0.6869	0.8202	0.1333	0.03927	NA	NA	FALSE	TRUE	8.666666666666666	0.6666666666666666	FALSE	ENSMUST00000241065.2	NA	NA	0.8252672394814289	0.5762517222932882	-0.24901551718814063	214.16666666666666	TRUE	FALSE	NA	NA	FALSE
C	2	Carmil1	ENSMUSG00000021338.19	ESPRESSO:chr13:416:1	novel	novel_in_catalog	FALSE	down in Q157R	-0.6444	0.6444	0	0.02262	NA	NA	FALSE	TRUE	3.6666666666666665	0	FALSE	transcript3482.chr13.nic	-0.16944444444444445	TRUE	0	0.028882629107981218	0.028882629107981218	136.83333333333334	FALSE	FALSE	NA	NA	FALSE
C	2	Cabyr	ENSMUSG00000024430.16	ENSMUST00000080415.11	GENCODE	full-splice_match	TRUE	down in Q157R	-0.5583	0.8083	0.25	0.008062	NA	NA	FALSE	TRUE	7	2	FALSE	ENSMUST00000080415.11	NA	NA	0.97705	0.7028899521531101	-0.27416004784688985	28.5	TRUE	FALSE	NA	NA	FALSE
C	2	Gm53692	ENSMUSG00000120024.2	ENSMUST00000246004.1	GENCODE	full-splice_match	NA	up in Q157R	0.5444	0.08889	0.6333	0.03927	NA	NA	FALSE	TRUE	0.6666666666666666	1.3333333333333333	FALSE	NA	NA	NA	0.07981355932203389	0.24917660136549027	0.16936304204345637	214.16666666666666	TRUE	FALSE	NA	NA	FALSE
C	2	Tns3	ENSMUSG00000020422.16	ENSMUST00000239111.3	GENCODE	full-splice_match	FALSE	up in Q157R	0.4867	0	0.4867	1.534e-36	NA	NA	FALSE	TRUE	0	32.833333333333336	TRUE	ENSMUST00000239111.3	-0.0476106609609175	FALSE	0.2635498053658633	0.25002429609459864	-0.013525509271264669	5867.999833333333	FALSE	FALSE	-0.10910636835117173	0.9741170415936116	FALSE
C	2	Cd59b	ENSMUSG00000068686.15	ENSMUST00000129749.9	GENCODE	full-splice_match	FALSE	up in Q157R	0.4556	0.2333	0.6889	0.03931	NA	NA	FALSE	TRUE	0.6666666666666666	3.6666666666666665	FALSE	ENSMUST00000129749.9	0.13208360267183797	TRUE	0.4887713376593053	0.2058585330186551	-0.2829128046406502	18.618166666666667	FALSE	FALSE	NA	NA	FALSE
C	2	Relch	ENSMUSG00000026319.15	ENSMUST00000086721.11	GENCODE	full-splice_match	FALSE	down in Q157R	-0.4433	0.5951	0.1518	2.654e-5	-0.410601899759194	0.08033913236894659	FALSE	TRUE	19.416666666666664	3.6766666666666667	TRUE	NA	NA	NA	0.6622478315633271	0.6975350430900518	0.03528721152672465	1622.4998333333335	FALSE	FALSE	-0.743554627867521	0.5410707482649109	FALSE
C	2	Dnhd1	ENSMUSG00000030882.21	ESPRESSO:chr7:2370:4	novel	novel_not_in_catalog	FALSE	down in Q157R	-0.4272	0.4272	0	0.03883	NA	NA	FALSE	TRUE	3.6666666666666665	0	FALSE	NA	NA	NA	0.22827622456394392	0.16957501480522344	-0.05870120975872048	152.616	TRUE	FALSE	NA	NA	FALSE
C	2	Gm45799	ENSMUSG00000110234.3	ESPRESSO:chr7:2370:4	novel	novel_not_in_catalog	FALSE	down in Q157R	-0.4043	0.4043	0	0.02438	NA	NA	FALSE	TRUE	3.6666666666666665	0	FALSE	NA	NA	NA	0.22827622456394392	0.16957501480522344	-0.05870120975872048	152.616	TRUE	FALSE	NA	NA	FALSE
C	2	Gm5134	ENSMUSG00000033255.11	ENSMUST00000249883.2	GENCODE	full-splice_match	FALSE	down in Q157R	-0.3944	0.3944	0	0.01956	NA	NA	FALSE	TRUE	3.1766666666666667	0	FALSE	ENSMUST00000249883.2	-0.46825396825396826	TRUE	0.03759203980099502	0	-0.03759203980099502	113.5	FALSE	FALSE	NA	NA	FALSE
C	2	4930549G23Rik	ENSMUSG00000118134.4	ENSMUST00000291265.1	GENCODE	full-splice_match	NA	down in Q157R	-0.3889	0.3889	0	0.03974	NA	NA	FALSE	TRUE	2	0	FALSE	transcript12764.chr18.nic	-0.07023809523809524	TRUE	0.030120833333333333	0	-0.030120833333333333	116.66666666666667	FALSE	FALSE	NA	NA	FALSE
C	2	Caap1	ENSMUSG00000028578.10	ENSMUST00000030313.10	GENCODE	full-splice_match	FALSE	down in Q157R	-0.381	0.7539	0.3729	5.795e-31	-0.3282943797334507	0.21794304197753137	FALSE	FALSE	453.8666666666667	102.44	TRUE	transcript12925.chr4.nic	-0.16494560031408234	TRUE	0.09964369849631956	0.06306706099410637	-0.03657663750221318	363.16683333333333	FALSE	FALSE	-1.5206704687991908	0.2339095145988414	FALSE
C	2	2610020C07Rik	ENSMUSG00000097537.5	ENSMUST00000244248.2	GENCODE	full-splice_match	FALSE	down in Q157R	-0.375	0.375	0	0.0353	NA	NA	FALSE	TRUE	2.6666666666666665	0	FALSE	ENSMUST00000244248.2	-0.012332821443529247	TRUE	0	0.18127083333333335	0.18127083333333335	78.66666666666667	FALSE	FALSE	NA	NA	FALSE
C	2	E230032D23Rik	ENSMUSG00000109251.3	ENSMUST00000207189.2	GENCODE	full-splice_match	NA	down in Q157R	-0.3718	0.6556	0.2837	0.006021	-0.45288795319134656	0.23818623932756672	FALSE	TRUE	6.666666666666667	2.3333333333333335	FALSE	transcript37138.chr7.nic	-0.3271043771043771	TRUE	0.2500771884421022	0.41825279019129985	0.16817560174919766	101.33333333333333	FALSE	FALSE	-0.06977267313671065	0.987420181991646	FALSE
C	2	Tnpo2	ENSMUSG00000031691.16	ENSMUST00000397849.1	GENCODE	full-splice_match	FALSE	up in Q157R	0.3683	0.04543	0.4138	0.005614	0.36729117103605974	0.12842033466691843	FALSE	TRUE	0.73	6.206666666666667	FALSE	transcript16986.chr8.nic	0.009804338493191747	TRUE	0.13999237228429476	0.18208330413029233	0.042090931845997576	3125.666833333333	FALSE	FALSE	0.1000524049871476	0.9741170415936116	FALSE
C	2	Insr	ENSMUSG00000005534.12	ENSMUST00000139504.2	GENCODE	full-splice_match	FALSE	up in Q157R	0.3673	0.1507	0.518	0.0249	0.3446472302454861	0.2499946202269323	FALSE	TRUE	2.6666666666666665	6.48	FALSE	ENSMUST00000139504.2	0.08200058221886987	TRUE	0.04390583333165887	0.05039069269220544	0.006484859360546567	3418.3333333333335	FALSE	FALSE	-0.2546113024062979	0.9267784003715271	FALSE
C	2	Fndc3b	ENSMUSG00000039286.14	ENSMUST00000046157.11	GENCODE	full-splice_match	FALSE	down in Q157R	-0.3654	0.6862	0.3208	1.664e-6	-0.377143121708963	0.40631840157668786	FALSE	FALSE	44.47666666666667	24.226666666666667	TRUE	ENSMUST00000046157.11	-0.0073142933677008415	TRUE	0.09588205512945813	0.1656539646674357	0.06977190953797757	2548.8334999999997	FALSE	FALSE	0.07670445904005016	0.9748298670206182	FALSE
C	2	Caap1	ENSMUSG00000028578.10	ENSMUST00000153294.2	GENCODE	full-splice_match	FALSE	up in Q157R	0.3527	0.09554	0.4483	3.429e-26	0.2932709257306688	0.3579836686515575	FALSE	FALSE	52.666666666666664	57.666666666666664	TRUE	ENSMUST00000153294.2	0.22210022202651541	TRUE	0.08545160052699173	0.09027578596834303	0.0048241854413512975	363.16683333333333	FALSE	FALSE	-1.5206704687991908	0.2339095145988414	FALSE
C	2	Map3k2	ENSMUSG00000024383.11	ENSMUST00000096575.6	GENCODE	full-splice_match	FALSE	down in Q157R	-0.3503	0.6492	0.2988	0.01625	-0.35599474659480296	0.18137428470069303	FALSE	TRUE	9.63	4	FALSE	transcript4904.chr18.nic	-0.004119585687382297	TRUE	0.8957463684039343	0.9381058356250153	0.04235946722108097	2951.167	FALSE	FALSE	-0.17302331808948784	0.9537433244374288	FALSE
C	2	Lin9	ENSMUSG00000058729.15	ENSMUST00000191744.6	GENCODE	full-splice_match	FALSE	up in Q157R	0.348	0.2588	0.6068	2.895e-5	0.3811848358627973	0.1299598398418076	FALSE	TRUE	7.6000000000000005	12.033333333333333	TRUE	NA	NA	NA	0.08890647583290524	0.07311313517368796	-0.01579334065921728	821.6663333333333	FALSE	FALSE	-0.8933047568471063	0.7109417553526801	FALSE
C	2	Gm42715	ENSMUSG00000107023.3	ESPRESSO:chr7:2775:9	novel	incomplete-splice_match	FALSE	down in Q157R	-0.3393	0.8934	0.5541	0.001603	-0.05808783474211945	0.977493960348763	FALSE	TRUE	14.333333333333334	7.333333333333333	TRUE	NA	NA	NA	0.5958318259857286	0.5745180513191377	-0.0213137746665909	18086.92883333333	FALSE	FALSE	NA	NA	FALSE
C	2	Rcor1	ENSMUSG00000037896.19	ENSMUST00000084968.15	GENCODE	full-splice_match	FALSE	up in Q157R	0.3379	0.4897	0.8276	3.8540000000000005e-20	0.3807475989586946	0.7458219237225943	FALSE	FALSE	154.2	287.43333333333334	TRUE	NA	NA	NA	0.5833797553601585	0.7623452721348364	0.17896551677467787	4324.6665	TRUE	FALSE	0.4555372840459088	0.8560254219252563	FALSE
C	2	Ccdc191	ENSMUSG00000022701.20	ENSMUST00000178400.9	GENCODE	full-splice_match	FALSE	up in Q157R	0.3335	0.3374	0.6709	5.664e-5	0.3866901173237415	0.3938945172629703	FALSE	FALSE	15.386666666666667	24.486666666666665	TRUE	transcript12926.chr16.nic	-0.03447671156004489	FALSE	0	0.10877110835816668	0.10877110835816668	503.6666666666667	TRUE	FALSE	-0.16008156678392113	0.9326916094134964	FALSE
C	2	Rcor1	ENSMUSG00000037896.19	ENSMUST00000116388.5	GENCODE	full-splice_match	FALSE	down in Q157R	-0.3306	0.4959	0.1653	5.274e-19	-0.3807475989586946	0.7458219237225943	FALSE	FALSE	84.8	51.73333333333333	TRUE	NA	NA	NA	0.3538158992557742	0.12773520074696545	-0.22608069850880877	4324.6665	TRUE	FALSE	0.4555372840459088	0.8560254219252563	FALSE
C	2	Msmo1	ENSMUSG00000031604.12	ENSMUST00000135943.8	GENCODE	full-splice_match	FALSE	up in Q157R	0.3303	0.02209	0.3524	2.835e-9	0.2916633171867944	0.00585368996221606	TRUE	TRUE	2.6666666666666665	5.333333333333333	FALSE	NA	NA	NA	0.07074335636738356	0.042780253163241605	-0.027963103204141956	579.8335000000001	FALSE	FALSE	-3.0159532574131545	0.0416875753357865	TRUE
C	2	Arhgap33	ENSMUSG00000036882.9	ENSMUST00000443622.1	GENCODE	full-splice_match	TRUE	down in Q157R	-0.3234	0.4455	0.1221	3.168e-4	-0.3694859388883107	0.4806118950484227	FALSE	FALSE	14.803333333333335	2.9766666666666666	TRUE	ENSMUST00000443622.1	-0.11018518518518516	TRUE	0.25371528803895355	0.5865972154471183	0.33288192740816475	598.8333333333334	FALSE	FALSE	-0.5515935527562644	0.8174812763630072	FALSE
C	2	Mrpl23	ENSMUSG00000037772.15	ENSMUST00000209576.2	GENCODE	full-splice_match	NA	down in Q157R	-0.3131	0.4428	0.1297	9.333e-5	-0.28784233253875813	0.06741125478844028	FALSE	TRUE	11.666666666666666	6	TRUE	NA	NA	NA	0.39621824435388936	0.5037452427467557	0.10752699839286634	182.15383333333332	FALSE	FALSE	0.7037598656588783	0.4928417356716318	FALSE
C	2	Frs2	ENSMUSG00000020170.6	ENSMUST00000020381.6	GENCODE	full-splice_match	FALSE	up in Q157R	0.3091	0.3432	0.6522	0.04961	0.2988386242576297	0.4594561645567479	FALSE	TRUE	7.193333333333333	10.616666666666667	TRUE	NA	NA	NA	0.9302622788185894	0.9150537901297213	-0.015208488688868038	2733.3334999999997	FALSE	FALSE	-0.32002520005999113	0.9136587804799592	FALSE
C	2	Atrnl1	ENSMUSG00000054843.11	ESPRESSO:chr19:964:0	novel	novel_not_in_catalog	FALSE	down in Q157R	-0.3032	0.4117	0.1085	6.405e-7	-0.40612229215601914	0.684081509290803	FALSE	FALSE	16.606666666666666	4.766666666666667	TRUE	transcript20600.chr19.nnic	-0.01384409050942157	TRUE	0.38051791189546985	0.5162326564366112	0.13571474454114135	892.0493333333334	FALSE	FALSE	0.17562360759766182	0.942682747591764	FALSE
C	2	Rttn	ENSMUSG00000023066.12	ESPRESSO:chr18:1066:4	novel	incomplete-splice_match	FALSE	down in Q157R	-0.3024	0.5857	0.2833	0.007066	-0.3059520765820991	0.31514557964459855	FALSE	TRUE	21.666666666666668	6	TRUE	NA	NA	NA	0.5562156580182355	0.6073757132872921	0.05116005526905665	1157.6666666666667	FALSE	FALSE	-0.8646743322260625	0.43794845523372905	FALSE
C	2	Myl6b	ENSMUSG00000039824.6	ENSMUST00000440207.1	GENCODE	full-splice_match	FALSE	up in Q157R	0.2995	0.1199	0.4194	0.043	0.30850100922613766	0.286633871944242	FALSE	TRUE	2.4366666666666665	6.62	FALSE	ENSMUST00000440207.1	0.1888074888074888	TRUE	0.13648567682726975	0.10398265666342527	-0.03250302016384449	140.16649999999998	FALSE	FALSE	0.0960239652967261	0.9741170415936116	FALSE
C	2	Frs2	ENSMUSG00000020170.6	ENSMUST00000219483.2	GENCODE	full-splice_match	NA	down in Q157R	-0.2991	0.6061	0.307	0.04961	-0.29883862425762975	0.4594561645567479	FALSE	FALSE	11.566666666666666	5.05	TRUE	transcript23691.chr10.nic	-0.09386279082680882	TRUE	0.036281496139979066	0.02311307651537762	-0.013168419624601448	2733.3334999999997	FALSE	FALSE	-0.32002520005999113	0.9136587804799592	FALSE
C	2	Tmem150b	ENSMUSG00000046456.16	ESPRESSO:chr7:63:4	novel	novel_not_in_catalog	FALSE	up in Q157R	0.2899	0.1271	0.417	0.009825	0.2744305396710792	0.2347345924616661	FALSE	TRUE	5.52	7.5633333333333335	FALSE	transcript744.chr7.nnic	0.005496246672717264	TRUE	0.06434692931754511	0	-0.06434692931754511	221.49983333333333	FALSE	FALSE	-0.9794939071728622	0.6478182798522705	FALSE
C	2	Ppp3r1	ENSMUSG00000033953.12	ESPRESSO:chr11:176:0	novel	novel_not_in_catalog	TRUE	up in Q157R	0.288	0.04056	0.3286	1.107e-8	0.24061152358987573	0.00796365057420218	TRUE	TRUE	7.666666666666667	5.666666666666667	FALSE	NA	NA	NA	0.0018490200301529182	0.00835632790145012	0.006507307871297201	3356.3331666666663	FALSE	FALSE	-3.7324944873706456	0.06902155109568708	FALSE
C	2	Baz2a	ENSMUSG00000040054.19	ENSMUST00000220049.2	GENCODE	full-splice_match	FALSE	down in Q157R	-0.2844	0.4329	0.1486	4.01e-18	-0.35418224338552107	0.05227291080426678	FALSE	TRUE	59.82333333333333	22.076666666666668	TRUE	NA	NA	NA	0.06478573568618809	0.19432126068199584	0.12953552499580775	6558.3335	FALSE	FALSE	0.10215943043132676	0.9475883261569452	FALSE
C	2	Pde3b	ENSMUSG00000030671.11	ENSMUST00000032909.10	GENCODE	full-splice_match	FALSE	up in Q157R	0.2822	0.5314	0.8136	3.154e-5	0.20452233122390415	0.9477500793365587	FALSE	FALSE	16.51	28.806666666666665	TRUE	NA	NA	NA	0.4772635317546353	0.7734918132140267	0.2962282814593914	1291.5	TRUE	FALSE	0.04914024663833163	0.980377074496227	FALSE
C	2	Zfp560	ENSMUSG00000045519.17	ENSMUST00000143992.3	GENCODE	full-splice_match	NA	up in Q157R	0.2763	0.1911	0.4675	0.03194	0.2652186675329572	0.32608569219640704	FALSE	FALSE	4	9	FALSE	ENSMUST00000143992.3	0.139625865969952	TRUE	0.15709423015908774	0.21854311478080685	0.0614488846217191	346.8333333333333	TRUE	FALSE	-0.11606667172340898	0.9741170415936116	FALSE
C	2	Ercc6	ENSMUSG00000054051.9	ENSMUST00000066807.9	GENCODE	full-splice_match	FALSE	up in Q157R	0.2763	0.1271	0.4034	7.725e-11	NA	NA	FALSE	FALSE	6.87	16.333333333333332	TRUE	NA	NA	NA	0	0.06955263157894737	0.06955263157894737	2003.3331666666668	TRUE	FALSE	-0.7624127967598882	0.7664226017214184	FALSE
C	2	Ggact	ENSMUSG00000041625.17	ENSMUST00000227890.2	GENCODE	full-splice_match	NA	up in Q157R	0.2761	0.04853	0.3247	0.02248	0.2768901515402912	0.203293056558499	FALSE	TRUE	0.6666666666666666	3	FALSE	transcript21877.chr14.nnic	0.2118751618751619	TRUE	0.1775593383690855	0.1296181922652917	-0.0479411461037938	399.333	FALSE	FALSE	-0.7899797981185667	0.7664226017214184	FALSE
C	2	Rps29	ENSMUSG00000034892.10	ENSMUST00000094291.3	GENCODE	full-splice_match	NA	down in Q157R	-0.2724	0.2852	0.01275	1.266e-5	-0.2791831553228066	0.00903034154504023	TRUE	TRUE	3.3333333333333335	0.6666666666666666	FALSE	NA	NA	NA	0.0142266695735202	0.012318822108058007	-0.001907847465462192	10810.4995	FALSE	FALSE	2.2021186867249165	0.05950423404397983	FALSE
C	2	Tmem245	ENSMUSG00000055296.16	ENSMUST00000565453.1	GENCODE	full-splice_match	TRUE	up in Q157R	0.27	0	0.27	5.326e-6	0.27881543293880673	NA	FALSE	TRUE	0	7.03	FALSE	transcript9233.chr4.nic	0.02920264259549974	TRUE	0.021455765716040773	0.06082549906320547	0.03936973334716469	3667.824833333333	FALSE	FALSE	0.16801209428663066	0.9513534859616952	FALSE
C	2	Dock10	ENSMUSG00000038608.17	ENSMUST00000077946.12	GENCODE	full-splice_match	FALSE	down in Q157R	-0.2678	0.5735	0.3057	5.7529999999999995e-55	-0.3873943249588374	0.27075576757027914	FALSE	FALSE	298.76666666666665	160.56666666666666	TRUE	ENSMUST00000077946.12	-0.01082262394965855	TRUE	0.10184875746718178	0.209857765252805	0.10800900778562322	9498.000333333333	FALSE	FALSE	0.06585491511477005	0.9553599400330272	FALSE
C	2	Pkd1	ENSMUSG00000032855.7	ESPRESSO:chr17:384:26	novel	incomplete-splice_match	FALSE	down in Q157R	-0.2607	0.8147	0.554	1.814e-5	-0.20043528997067328	0.8621889044543599	FALSE	TRUE	43.46	29.650000000000002	TRUE	NA	NA	NA	0.7294373595355258	0.7987348873730152	0.06929752783748944	3582.8331666666663	FALSE	FALSE	-1.6275519085426433e-4	0.9994688140747026	FALSE
C	2	Agk	ENSMUSG00000029916.13	ENSMUST00000031977.13	GENCODE	full-splice_match	FALSE	down in Q157R	-0.2544	0.9069	0.6525	1.06e-18	-0.14228306410921565	0.5472201171727916	FALSE	FALSE	761.3333333333334	157.5	TRUE	ENSMUST00000031977.13	-0.3365415634361	TRUE	0.024597639723892232	0.04334368040848254	0.01874604068459031	1209.5003333333334	FALSE	FALSE	-2.0435143617596476	0.15261390241742093	FALSE
C	2	Baz2a	ENSMUSG00000040054.19	ENSMUST00000045621.9	GENCODE	full-splice_match	FALSE	up in Q157R	0.2514	0.5229	0.7743	1.362e-12	0.35418224338552107	0.05227291080426678	FALSE	TRUE	74.35333333333334	118.55666666666667	TRUE	NA	NA	NA	0.7944013259713685	0.7004412465331471	-0.09396007943822138	6558.3335	FALSE	FALSE	0.10215943043132676	0.9475883261569452	FALSE
C	2	Asdurf	ENSMUSG00000117809.2	ESPRESSO:chr1:564:19	novel	novel_in_catalog	TRUE	up in Q157R	0.2498	0.2836	0.5333	0.03177	NA	NA	FALSE	TRUE	8.68	14.69	TRUE	NA	NA	NA	0.03485441105864138	0	-0.03485441105864138	2073.833333333333	FALSE	FALSE	-0.301273762675868	0.9337633298412096	FALSE
C	2	Emcn	ENSMUSG00000054690.19	ENSMUST00000119475.7	GENCODE	full-splice_match	FALSE	down in Q157R	-0.2487	0.2487	0	0.04237	NA	NA	FALSE	TRUE	3	0	FALSE	ENSMUST00000119475.7	-0.4351851851851852	TRUE	0.4235620369016967	0.5865864525790454	0.1630244156773487	358.66683333333333	FALSE	FALSE	-0.6993765132682479	0.8377106837760565	FALSE
C	2	Foxn2	ENSMUSG00000034998.20	ENSMUST00000134107.2	GENCODE	full-splice_match	FALSE	up in Q157R	0.2449	0.138	0.3828	0.004323	0.21899167390218272	0.5312912819437804	FALSE	FALSE	26.666666666666668	28.666666666666668	TRUE	ENSMUST00000134107.2	0.14691798595485514	TRUE	0.03264341969627803	0.028673365742157852	-0.003970053954120176	1898.5003333333334	FALSE	FALSE	-0.6388295565138439	0.8719334418622499	FALSE
C	2	Cd163	ENSMUSG00000008845.11	ENSMUST00000032234.6	GENCODE	full-splice_match	FALSE	up in Q157R	0.244	0.2	0.444	7.109e-11	0.4409553131366716	0.22373322190147624	FALSE	FALSE	6	32.666666666666664	TRUE	ENSMUST00000032234.6	0.04603619951361576	TRUE	0.22608474576271187	0.026576666666666665	-0.1995080790960452	86.66666666666667	FALSE	FALSE	0.4851750692533829	0.7027162003185177	FALSE
C	2	Rps28	ENSMUSG00000067288.15	ENSMUST00000234017.2	GENCODE	full-splice_match	NA	down in Q157R	-0.2434	0.2966	0.05314	1.105e-7	-0.2459577963527696	4.793526493951164e-4	TRUE	TRUE	9.333333333333334	6.666666666666667	FALSE	NA	NA	NA	0.007766968962460325	0.007239058515180516	-5.27910447279809e-4	10973.112666666666	FALSE	FALSE	1.8777016036537957	0.03303995513587431	TRUE
C	2	Mrpl52	ENSMUSG00000010406.14	ENSMUST00000010550.13	GENCODE	full-splice_match	FALSE	up in Q157R	0.2419	0.4666	0.7085	0.02138	0.22275797595631996	0.37951226059961785	FALSE	TRUE	8.876666666666667	31	TRUE	transcript9860.chr14.nic	-0.27803677803677795	FALSE	0.4873227237012514	0.5345766999488882	0.04725397624763683	604.1668333333333	FALSE	FALSE	1.1409435368729717	0.3648212839941522	FALSE
C	2	Kdm2a	ENSMUSG00000054611.19	ENSMUST00000047898.14	GENCODE	full-splice_match	FALSE	down in Q157R	-0.2419	0.5007	0.2588	9.769e-16	NA	NA	FALSE	TRUE	85.53333333333333	61.82666666666666	TRUE	NA	NA	NA	0.04355128971171289	0.014217711116857745	-0.029333578594855143	9573.833333333332	FALSE	FALSE	0.4420580528022927	0.6142490565347524	FALSE
C	2	Plekhm2	ENSMUSG00000028917.16	ENSMUST00000084203.12	GENCODE	full-splice_match	FALSE	down in Q157R	-0.2411	0.626	0.3848	6.725e-7	-0.3700210618723272	0.5777426405894395	FALSE	FALSE	34.236666666666665	18.066666666666666	TRUE	ENSMUST00000084203.12	-0.025029451952789605	TRUE	0.3899058827822108	0.36244989417954776	-0.027455988602663017	1257.6668333333332	FALSE	FALSE	-0.01601320781484841	0.9933718370767556	FALSE
C	2	Crebzf	ENSMUSG00000051451.8	ENSMUST00000207252.2	GENCODE	full-splice_match	NA	up in Q157R	0.2407	0.3225	0.5633	4.732e-4	0.2574402516600934	0.1390508562461217	FALSE	FALSE	21	22.14666666666667	TRUE	ENSMUST00000207252.2	0.1160010517992619	TRUE	0.04908182052436305	0.07395650166678033	0.024874681142417282	2804.1665	FALSE	FALSE	-0.8125101769414699	0.4506009288936405	FALSE
C	2	Nlrc5	ENSMUSG00000074151.15	ENSMUST00000211816.2	GENCODE	full-splice_match	FALSE	down in Q157R	-0.2384	0.4429	0.2044	0.00231	-0.29942887062327583	0.7174019501012124	FALSE	FALSE	24.34	19.9	TRUE	ENSMUST00000211816.2	0.10577219905216073	FALSE	0.32242398921529825	0.14473225834045292	-0.17769173087484533	3869.6665000000003	TRUE	FALSE	0.37707869243953623	0.8698020273360699	FALSE
C	2	Plekhm2	ENSMUSG00000028917.16	ENSMUST00000487650.1	GENCODE	full-splice_match	FALSE	up in Q157R	0.2377	0.2894	0.5271	1.512e-6	0.3700210618723272	0.5777426405894395	FALSE	FALSE	10.65	26.34	TRUE	NA	NA	NA	0.4096451646898121	0.4968483100886347	0.08720314539882262	1257.6668333333332	TRUE	FALSE	-0.01601320781484841	0.9933718370767556	FALSE
C	2	Rpl36a	ENSMUSG00000079435.11	ENSMUST00000113211.9	GENCODE	full-splice_match	FALSE	up in Q157R	0.2375	0.5628	0.8002	2.845e-9	0.17259641039105722	0.1226667774313912	FALSE	TRUE	46.12	172.03333333333333	TRUE	NA	NA	NA	0.9069676598858859	0.9144667077294432	0.0074990478435572605	7679.0453333333335	FALSE	FALSE	1.430343208816765	0.04174775172773596	TRUE
C	2	Fbxl19	ENSMUSG00000030811.16	ESPRESSO:chr7:2780:4	novel	novel_in_catalog	FALSE	down in Q157R	-0.2371	0.2771	0.03996	1.151e-9	-0.23300034904344297	0.13727780920203936	FALSE	TRUE	21.813333333333333	3.0366666666666666	TRUE	NA	NA	NA	0	0	0	2210.1663333333336	FALSE	FALSE	-0.00641080651282067	0.9980902827443394	FALSE
C	2	Vps13a	ENSMUSG00000046230.13	ENSMUST00000510472.1	GENCODE	full-splice_match	FALSE	down in Q157R	-0.2368	0.4232	0.1864	0.007701	-0.22508701470996503	0.26094937640484817	FALSE	TRUE	15.553333333333335	7.76	TRUE	NA	NA	NA	0.011676214546475707	0.021669253084366194	0.009993038537890487	4696.5	FALSE	FALSE	0.18704550477597165	0.9489451661736517	FALSE
C	2	Efcab7	ENSMUSG00000073791.15	ESPRESSO:chr4:1145:48	novel	novel_in_catalog	FALSE	down in Q157R	-0.2367	0.2971	0.06044	3.087e-5	-0.37663774384522486	0.6171123321567223	FALSE	FALSE	31.893333333333334	1.47	TRUE	NA	NA	NA	0.2522642859191415	0	-0.2522642859191415	127	TRUE	FALSE	-2.1121919431139995	0.08003343235783379	FALSE
C	2	S100a13	ENSMUSG00000042312.13	ENSMUST00000575085.1	GENCODE	full-splice_match	FALSE	up in Q157R	0.2363	0.7056	0.9419	0.03509	0.16230443452156285	0.3679778843333618	FALSE	TRUE	14.333333333333334	40.666666666666664	TRUE	ENSMUST00000575085.1	-0.15740740740740738	FALSE	0.047495395948434625	0.08166767161410018	0.03417227566566556	290.3333333333333	FALSE	FALSE	1.2455881066507533	0.40981120270159194	FALSE
C	2	Dock10	ENSMUSG00000038608.17	ESPRESSO:chr1:908:45	novel	novel_in_catalog	FALSE	up in Q157R	0.2256	0.03255	0.2582	7.540999999999999e-88	0.29457778640452514	0.6818760193258295	FALSE	TRUE	20.463333333333335	161.78333333333333	TRUE	NA	NA	NA	0	0.02764409487467648	0.02764409487467648	9498.000333333333	FALSE	FALSE	0.06585491511477005	0.9553599400330272	FALSE
C	2	Hmmr	ENSMUSG00000020330.18	ENSMUST00000020579.10	GENCODE	full-splice_match	FALSE	down in Q157R	-0.225	0.8336	0.6087	7.145e-45	-0.18682372611461995	0.4311850049028895	FALSE	TRUE	575.6666666666666	272.3	TRUE	NA	NA	NA	0.8532029973877315	0.851509161753749	-0.00169383563398251	2019.4998333333335	FALSE	FALSE	-0.6638955408353082	0.164963537421631	FALSE
C	2	Arid1a	ENSMUSG00000007880.18	ENSMUST00000008024.8	GENCODE	full-splice_match	FALSE	up in Q157R	0.2223	0.4758	0.6981	1.776e-26	0.38272934580062734	0.38261333708771333	FALSE	FALSE	171.27666666666664	307.9666666666667	TRUE	ENSMUST00000008024.8	0.029499435259613294	TRUE	0.007594459583218115	0.005882737703121877	-0.0017117218800962375	19416.499833333335	FALSE	FALSE	0.26875021176180297	0.7552347529608956	FALSE
C	2	Odf2l	ENSMUSG00000028256.18	ENSMUST00000106192.10	GENCODE	full-splice_match	FALSE	down in Q157R	-0.2213	0.3402	0.1189	0.008329	-0.2031181947843212	0.3709769878972748	FALSE	TRUE	30.036666666666665	3.7666666666666666	TRUE	NA	NA	NA	0	0	0	667.5001666666667	FALSE	FALSE	-1.71029799739664	0.0807800297358674	FALSE
C	2	Ppp2cb	ENSMUSG00000009630.12	ESPRESSO:chr8:436:2	novel	novel_not_in_catalog	NA	up in Q157R	0.2207	0.02039	0.2411	9.493e-4	0.19425674800542592	0.06524473398207407	FALSE	TRUE	1.3333333333333333	3	FALSE	transcript5757.chr8.nnic	0.03652587211909246	TRUE	0.07488076285500218	0.031256727405205714	-0.04362403544979647	2073.5495	FALSE	FALSE	-2.2272598325396733	0.06988833520134291	FALSE
C	2	Manba	ENSMUSG00000028164.17	ENSMUST00000140893.8	GENCODE	full-splice_match	FALSE	up in Q157R	0.2202	0.128	0.3481	0.01795	0.20437739976079203	0.4852015464586614	FALSE	TRUE	5.703333333333333	5.2	FALSE	ENSMUST00000140893.8	0.07956883884844201	TRUE	0.11151099694220704	0.1272774847668095	0.015766487824602465	1502.5	FALSE	FALSE	-1.7956672222669774	0.2591611390369717	FALSE
C	2	Dop1a	ENSMUSG00000034973.18	ESPRESSO:chr9:1310:18	novel	incomplete-splice_match	FALSE	down in Q157R	-0.2198	0.639	0.4192	0.001554	-0.2071901872614376	0.2550670070895419	FALSE	TRUE	47.03333333333333	19.94	TRUE	NA	NA	NA	0.5777458338940527	0.5659283116353977	-0.011817522258654956	1718.5	FALSE	FALSE	-0.6508427180138551	0.453665993791736	FALSE
C	2	Pde3b	ENSMUSG00000030671.11	ESPRESSO:chr7:2567:2	novel	novel_not_in_catalog	FALSE	down in Q157R	-0.219	0.3668	0.1478	7.53e-4	-0.1943340227438114	0.9356770665887209	FALSE	FALSE	13.25	4.816666666666666	TRUE	transcript26809.chr7.nnic	0.10079760954346917	FALSE	0.34705565304520064	0.22417235032372876	-0.12288330272147188	1291.5	TRUE	FALSE	0.04914024663833163	0.980377074496227	FALSE
C	2	Ndufa6	ENSMUSG00000022450.8	ENSMUST00000023085.7	GENCODE	full-splice_match	FALSE	up in Q157R	0.2152	0.5721	0.7873	1.517e-5	0.20010554708576656	0.286633871944242	FALSE	TRUE	45.32333333333333	151.33333333333334	TRUE	NA	NA	NA	0.8039054131088758	0.8077404192545786	0.0038350061457028684	838.0003333333333	FALSE	FALSE	1.33438342371827	0.06243104323637567	FALSE
C	2	Abcc10	ENSMUSG00000032842.15	ENSMUST00000095261.11	GENCODE	full-splice_match	FALSE	up in Q157R	0.2142	0	0.2142	2.802e-4	0.23776749955100765	NA	FALSE	TRUE	0	3.73	FALSE	NA	NA	NA	0.1162296341504344	0.18446285010078237	0.06823321595034797	403.66266666666667	TRUE	FALSE	-0.31353679600608114	0.9041734100578408	FALSE
C	2	Synrg	ENSMUSG00000034940.18	ENSMUST00000492401.1	GENCODE	full-splice_match	FALSE	down in Q157R	-0.2107	0.4543	0.2436	2.31e-4	NA	NA	FALSE	FALSE	35.86666666666667	17.92	TRUE	NA	NA	NA	0.44282867088931677	0.13598586439146795	-0.3068428064978488	3414.4686666666666	TRUE	FALSE	-0.10495997425217564	0.9553441940608728	FALSE
C	2	Fastkd1	ENSMUSG00000027086.18	ENSMUST00000140776.2	GENCODE	full-splice_match	FALSE	up in Q157R	0.2092	0.05002	0.2593	0.009471	0.2095658022128285	0.3044073058134049	FALSE	TRUE	1.6666666666666667	4.333333333333333	FALSE	transcript17611.chr2.nic	0.2286609686609687	TRUE	0.13318214635231898	0.08019841655769859	-0.05298372979462039	878.9998333333333	FALSE	FALSE	-1.0109254638291776	0.5548753625228999	FALSE
C	2	Crip1	ENSMUSG00000006360.13	ENSMUST00000006523.13	GENCODE	full-splice_match	NA	up in Q157R	0.2083	0.6903	0.8987	4.995e-4	0.22081996513759736	0.13527080217145662	FALSE	TRUE	12.333333333333334	66.66666666666667	TRUE	NA	NA	NA	0.915546232816879	0.9523437825409657	0.036797549724086775	1385.6666666666665	FALSE	FALSE	1.9355236261119464	0.04468212345259453	TRUE
C	2	Lnpep	ENSMUSG00000023845.8	ENSMUST00000232462.2	GENCODE	full-splice_match	FALSE	up in Q157R	0.2076	0.2795	0.4871	0.01008	0.18811582080836664	0.7282857936115579	FALSE	FALSE	21.5	26.556666666666665	TRUE	transcript3693.chr17.nic	0.0046218504369748	TRUE	0.03324000239526537	0.023349186912955414	-0.009890815482309953	15501.1665	FALSE	FALSE	-0.4112921501564486	0.8053910690833652	FALSE
C	2	Slc2a4rg-ps	ENSMUSG00000121871.2	ESPRESSO:chr2:2752:40	novel	fusion	TRUE	down in Q157R	-0.2076	0.2242	0.01667	0.04119	NA	NA	FALSE	FALSE	2.36	0.3333333333333333	FALSE	NA	NA	NA	0.07053650024529903	0.007877711140023344	-0.06265878910527568	2276.047	TRUE	TRUE	NA	NA	FALSE
C	2	Naa20	ENSMUSG00000002728.16	ENSMUST00000134759.4	GENCODE	full-splice_match	NA	up in Q157R	0.2073	0.071	0.2783	2.944e-4	0.2095489815005016	0.07745689926065939	FALSE	TRUE	6.333333333333333	6.333333333333333	FALSE	transcript38895.chr2.nic	0.3358033420949331	TRUE	0.090274687432942	0.10995583855721996	0.01968115112427797	712.1671666666666	FALSE	FALSE	-2.0437091492641892	0.163973623230681	FALSE
C	2	Zfp507	ENSMUSG00000044452.12	ENSMUST00000061586.12	GENCODE	full-splice_match	FALSE	up in Q157R	0.2069	0.6219	0.8288	0.01271	0.22086846261117787	0.5294175611255549	FALSE	FALSE	27.473333333333333	39.99333333333333	TRUE	ENSMUST00000061586.12	0.05186186266221898	TRUE	0.750913128632101	0.6909239482624998	-0.059989180369601214	2839.5	FALSE	FALSE	0.25693110516648454	0.9207397086995482	FALSE
C	2	Arhgap21	ENSMUSG00000036591.18	ESPRESSO:chr2:170:11	novel	novel_in_catalog	FALSE	down in Q157R	-0.2064	0.3742	0.1678	2.855e-5	-0.3346452860105759	0.16914742764406235	FALSE	FALSE	39.55	30.206666666666667	TRUE	NA	NA	NA	0.64856303793198	0.5821802337835492	-0.06638280414843079	3333.1663333333336	TRUE	FALSE	0.4537640140476156	0.8176060342246907	FALSE
C	2	Med12l	ENSMUSG00000056476.15	ENSMUST00000040846.16	GENCODE	full-splice_match	FALSE	up in Q157R	0.2044	0.2887	0.4931	0.02941	0.25338891184486145	0.49834345178988543	FALSE	FALSE	4.926666666666667	13.223333333333333	TRUE	ENSMUST00000040846.16	0.034045539927029286	TRUE	0.2930367669513009	0.21714590863176647	-0.0758908583195344	1573.8201666666666	FALSE	FALSE	0.3602043478505386	0.8921268882970996	FALSE
C	2	Snhg3	ENSMUSG00000085241.8	ENSMUST00000152943.8	GENCODE	full-splice_match	NA	up in Q157R	0.2026	0.7098	0.9124	0.007708	0.2235948477210552	0.20005002170399375	FALSE	FALSE	10.666666666666666	42.666666666666664	TRUE	ENSMUST00000152943.8	0.042683667273831216	TRUE	0.7222788625959153	0.7000623210230579	-0.022216541572857462	154.721	FALSE	FALSE	1.572163290585183	0.15318125205978608	FALSE
C	2	Nfix	ENSMUSG00000001911.18	ENSMUST00000099070.11	GENCODE	full-splice_match	FALSE	up in Q157R	0.2024	0.5923	0.7947	0.01398	0.22675477691398735	0.5764021971939602	FALSE	FALSE	26.553333333333335	27.526666666666667	TRUE	ENSMUST00000099070.11	0.009863074562659724	TRUE	0.09189548824241153	0.11229000661144935	0.020394518369037815	5827.833166666666	FALSE	FALSE	-0.3818426237455755	0.9041734100578408	FALSE
C	2	Hmmr	ENSMUSG00000020330.18	ENSMUST00000543700.1	GENCODE	full-splice_match	FALSE	up in Q157R	0.2024	0.06336	0.2658	5.7529999999999995e-55	0.18682372611461995	0.4311850049028895	FALSE	TRUE	44.983333333333334	118.46666666666667	TRUE	NA	NA	NA	0.006495238095238095	0	-0.006495238095238095	2019.4998333333335	FALSE	FALSE	-0.6638955408353082	0.164963537421631	FALSE
C	2	Inpp4a	ENSMUSG00000026113.19	ENSMUST00000193024.2	GENCODE	full-splice_match	NA	down in Q157R	-0.2016	0.7966	0.595	0.006911	-0.14564528013359035	0.939875350958602	FALSE	TRUE	25.333333333333332	10.333333333333334	TRUE	NA	NA	NA	0.03618314095813653	0.023682072172810584	-0.012501068785325947	1283.6665	FALSE	FALSE	-0.7940899847973941	0.7348647872451898	FALSE
C	2	Rnasek	ENSMUSG00000093989.3	ENSMUST00000040428.5	GENCODE	full-splice_match	FALSE	up in Q157R	0.1995	0.5908	0.7903	0.006484	0.05069012197996137	1	FALSE	TRUE	24.333333333333332	46	TRUE	ENSMUST00000040428.5	0	FALSE	0.9154843777000615	0.9482817228437526	0.03279734514369104	489.2548333333333	FALSE	FALSE	0.8456184709021164	0.5036475925410479	FALSE
C	2	Ptpn21	ENSMUSG00000021009.17	ENSMUST00000559847.1	GENCODE	full-splice_match	FALSE	down in Q157R	-0.1973	0.2396	0.0423	0.003277	-0.23235336573914633	0.11005753012276988	FALSE	TRUE	8.413333333333334	1.3966666666666667	FALSE	NA	NA	NA	0.33812804817903414	0.08674923747276687	-0.2513788107062673	1491.3335000000002	TRUE	FALSE	-0.290234617975499	0.8797994743780342	FALSE
C	2	Ago1	ENSMUSG00000041530.19	ENSMUST00000097888.11	GENCODE	full-splice_match	FALSE	down in Q157R	-0.1953	0.3704	0.1752	0.001236	-0.23894283859902057	0.6277103160343321	FALSE	FALSE	18.856666666666666	11.416666666666668	TRUE	ENSMUST00000239428.2	-6.652069082901946e-6	TRUE	0.8039893164152382	0.7719523905114828	-0.0320369259037554	8067.430666666667	NA	NA	0.3640968804669464	0.851374297135837	FALSE
C	2	Ago1	ENSMUSG00000041530.19	ENSMUST00000239399.3	GENCODE	full-splice_match	FALSE	down in Q157R	-0.1953	0.3704	0.1752	0.001236	-0.23894296876737656	0.6277103160343321	FALSE	FALSE	18.856666666666666	11.416666666666668	TRUE	ENSMUST00000239428.2	-6.652069082901946e-6	TRUE	NA	NA	NA	NA	NA	NA	0.3640968804669464	0.851374297135837	FALSE
C	2	Cdk2ap1	ENSMUSG00000029394.13	ENSMUST00000031341.12	GENCODE	full-splice_match	FALSE	up in Q157R	0.1932	0.411	0.6042	1.286e-11	0.20310706412366783	0.6922687246174403	FALSE	FALSE	65.97	193.01333333333335	TRUE	ENSMUST00000031341.12	0.04198602653002914	TRUE	0.4046343604847639	0.39048514427426684	-0.014149216210497084	4183.109333333334	FALSE	FALSE	1.0501949504918668	0.7523288819366841	FALSE
C	2	Efcab7	ENSMUSG00000073791.15	ENSMUST00000136874.4	GENCODE	full-splice_match	FALSE	down in Q157R	-0.1928	0.2102	0.01748	1.845e-5	-0.2426948891432709	0.7180652880612831	FALSE	FALSE	23.586666666666666	0.3666666666666667	TRUE	NA	NA	NA	0.08535507246376811	0	-0.08535507246376811	127	TRUE	FALSE	-2.1121919431139995	0.08003343235783379	FALSE
C	2	Kif13a	ENSMUSG00000021375.13	ENSMUST00000056978.9	GENCODE	full-splice_match	FALSE	up in Q157R	0.1906	0.5842	0.7749	1.729e-5	0.16097497801770932	0.4259961956176	FALSE	TRUE	78.13333333333334	80.85666666666667	TRUE	NA	NA	NA	0.8364557957858361	0.8386232807662992	0.0021674849804631524	3112.5001666666667	FALSE	FALSE	-0.4097530595589211	0.7410897981169566	FALSE
C	2	Rpl22	ENSMUSG00000028936.17	ENSMUST00000139685.9	GENCODE	full-splice_match	FALSE	down in Q157R	-0.1903	0.3264	0.1361	4.254e-16	-0.22110001909424196	0.47517893320029553	FALSE	TRUE	83.27333333333334	38.67	TRUE	ENSMUST00000103191.12	0.2282767605775933	FALSE	0.16184697325705136	0.20336398383802196	0.0415170105809706	8068.1665	FALSE	FALSE	0.1066207721983857	0.9315921286364522	FALSE
C	2	Npl	ENSMUSG00000042684.10	ENSMUST00000402902.1	GENCODE	full-splice_match	FALSE	up in Q157R	0.1903	0.01097	0.2013	0.03527	NA	NA	FALSE	TRUE	2.3366666666666664	3.6666666666666665	FALSE	ENSMUST00000402902.1	0.2401548918010575	TRUE	0.06585265246449458	0	-0.06585265246449458	633.5	FALSE	FALSE	-1.499426376155188	0.5611750550583631	FALSE
C	2	Ly86	ENSMUSG00000021423.8	ENSMUST00000021860.7	GENCODE	full-splice_match	FALSE	down in Q157R	-0.1902	0.666	0.4758	0.04883	-0.27173908122305784	0.5809287051869886	FALSE	FALSE	13.333333333333334	6	TRUE	transcript5874.chr13.nic	-0.09576067762940077	TRUE	0.8071276279276279	0.902209516515455	0.09508188858782707	103	FALSE	FALSE	-0.3964956643547125	0.935884833487098	FALSE
C	2	Naa30	ENSMUSG00000036282.17	ENSMUST00000153488.10	GENCODE	full-splice_match	FALSE	up in Q157R	0.1896	0.273	0.4626	2.713e-6	0.18806379377904064	0.40459744963172983	FALSE	FALSE	29	83.66666666666667	TRUE	transcript8440.chr14.nic	0.06956203392318694	TRUE	0	0	0	1800.167	FALSE	FALSE	0.7707088063146158	0.5410707482649109	FALSE
C	2	Wfs1	ENSMUSG00000039474.15	ENSMUST00000419902.1	GENCODE	full-splice_match	FALSE	up in Q157R	0.1896	0	0.1896	0.02686	NA	NA	FALSE	TRUE	0	2.81	FALSE	NA	NA	NA	0.5940802308802309	0.7307341500110861	0.13665391913085523	567.8333333333334	TRUE	FALSE	0.2635726413026523	0.9323866483560684	FALSE
C	2	Arglu1	ENSMUSG00000040459.13	ENSMUST00000048545.11	GENCODE	full-splice_match	FALSE	up in Q157R	0.1895	0.2424	0.4319	4.648e-4	0.23278658727042567	0.3795981979663739	FALSE	FALSE	16.786666666666665	17.533333333333335	TRUE	transcript981.chr8.nic	0.11524632345065788	TRUE	0.08798647287741759	0.12353741586158179	0.0355509429841642	3801.5001666666667	FALSE	FALSE	-0.96858312723499	0.24021386193804584	FALSE
C	2	Slc20a1	ENSMUSG00000027397.16	ENSMUST00000028880.11	GENCODE	full-splice_match	FALSE	down in Q157R	-0.1878	0.2358	0.04794	6.561e-22	-0.21991744167798377	0.10620820995815652	FALSE	TRUE	57.56666666666666	10.02	TRUE	NA	NA	NA	0.2087284623479501	0.29476240335014126	0.08603394100219117	1723.6665	FALSE	FALSE	-0.2308402927509902	0.888222258380456	FALSE
C	2	Ptpn3	ENSMUSG00000038764.16	ESPRESSO:chr4:676:1	novel	novel_in_catalog	FALSE	down in Q157R	-0.1817	0.1968	0.01513	1.225e-6	NA	NA	FALSE	FALSE	11.346666666666666	1.0133333333333334	TRUE	NA	NA	NA	0.08837920489296636	0.01371432110544074	-0.07466488378752562	750.5001666666667	TRUE	FALSE	0.03096692570458708	0.9931331674321768	FALSE
C	2	Trmt13	ENSMUSG00000033439.14	ENSMUST00000184963.8	GENCODE	full-splice_match	TRUE	up in Q157R	0.181	0.368	0.549	0.01271	0.12495588577798666	0.7811122359652205	FALSE	FALSE	26.656666666666666	36.07	TRUE	NA	NA	NA	0	0.15330575052566894	0.15330575052566894	356.605	TRUE	FALSE	-0.16125518162872532	0.9337633298412096	FALSE
C	2	Rps17	ENSMUSG00000061787.17	ENSMUST00000080813.6	GENCODE	full-splice_match	FALSE	up in Q157R	0.1794	0.5602	0.7396	3.212e-4	0.15828215110189625	0.11150601632063084	FALSE	TRUE	37	168.33333333333334	TRUE	NA	NA	NA	0.9373049586293544	0.9455846499192767	0.008279691289922342	11007.948	FALSE	FALSE	1.7803152347255915	0.02191570083769201	TRUE
C	2	AI854703	ENSMUSG00000053297.16	ESPRESSO:chr6:585:2	novel	novel_in_catalog	TRUE	up in Q157R	0.1781	0.03049	0.2086	0.003324	0.20022855202744028	0.14187342703717157	FALSE	TRUE	1.7966666666666666	7.553333333333334	FALSE	NA	NA	NA	0.5729763532763532	0.8057162501964482	0.232739896920095	254.66666666666666	TRUE	FALSE	-0.13498053972684912	0.9590113641742792	FALSE
C	2	Dpy19l1	ENSMUSG00000043067.17	ENSMUST00000142064.9	GENCODE	full-splice_match	FALSE	up in Q157R	0.1748	0.4193	0.594	6.369e-4	0.22059771034409745	0.5212404429922756	FALSE	FALSE	132.16666666666666	95.63666666666667	TRUE	ENSMUST00000142064.9	0.10682863916600449	TRUE	0.4082702418990408	0.3195246798128221	-0.0887455620862187	2280	FALSE	FALSE	-0.8686496659958313	0.4187695419800326	FALSE
C	2	Ankzf1	ENSMUSG00000026199.20	ENSMUST00000152233.10	GENCODE	full-splice_match	FALSE	down in Q157R	-0.1747	0.6706	0.4959	3.985e-9	-0.07733072913859884	0.247040923553611	FALSE	TRUE	144.7	85.59666666666666	TRUE	NA	NA	NA	0.1461649999100335	0.11758943131522744	-0.028575568594806075	766.7941666666668	FALSE	FALSE	-0.28952025256968256	0.8031806070929252	FALSE
C	2	Fhod1	ENSMUSG00000014778.12	ENSMUST00000014922.6	GENCODE	full-splice_match	FALSE	down in Q157R	-0.172	0.8528	0.6808	1.752e-4	-0.08563095182778879	0.8570712230044042	FALSE	TRUE	74.97	61.19	TRUE	ENSMUST00000014922.6	0.05173591840258518	FALSE	0.5403727858958225	0.5691751887226119	0.028802402826789364	1384.7746666666667	FALSE	FALSE	0.04169002974515318	0.9856028924410332	FALSE
C	2	Pdcd5	ENSMUSG00000030417.17	ENSMUST00000118501.8	GENCODE	full-splice_match	FALSE	up in Q157R	0.1717	0.557	0.7287	1.438e-5	0.18230189282816345	0.18729273683360004	FALSE	FALSE	68.33333333333333	149.66666666666666	TRUE	ENSMUST00000118501.8	0.17905388492396002	TRUE	0.6486182747873054	0.6498910393033798	0.0012727645160743872	572.6668333333333	FALSE	FALSE	0.7913042000259588	0.3564265677348324	FALSE
C	2	Zfp217	ENSMUSG00000052056.16	ESPRESSO:chr2:2484:5	novel	novel_not_in_catalog	FALSE	down in Q157R	-0.1706	0.4624	0.2918	0.01389	-0.15721619359479183	0.9219417153711438	FALSE	FALSE	28.22	21.726666666666667	TRUE	NA	NA	NA	0.25777910808562887	0.1336005399250137	-0.12417856816061518	5418.833666666666	TRUE	FALSE	0.28728628969371334	0.8409731295191649	FALSE
C	2	Cops7a	ENSMUSG00000030127.17	ENSMUST00000577516.1	GENCODE	full-splice_match	FALSE	down in Q157R	-0.168	0.6441	0.4761	2.013e-28	-0.20012198032856163	0.05236243412419381	FALSE	TRUE	792.1333333333333	438.8	TRUE	NA	NA	NA	0.055780447886623	0.0883188599547635	0.0325384120681405	2214.1665000000003	FALSE	FALSE	-0.49070143599853205	0.6378898655085247	FALSE
C	2	Mrpl53	ENSMUSG00000030037.11	ENSMUST00000113938.5	GENCODE	full-splice_match	FALSE	up in Q157R	0.1678	0.3943	0.562	2.891e-4	0.05248867243986466	0.953991068626657	FALSE	TRUE	39.666666666666664	84.33333333333333	TRUE	NA	NA	NA	0.17365711872282877	0.2203567146910368	0.046699595968208024	717.989	FALSE	FALSE	0.98251098642815	0.3164063377229929	FALSE
C	2	Cdv3	ENSMUSG00000032803.17	ENSMUST00000190127.2	GENCODE	full-splice_match	NA	down in Q157R	-0.1671	0.4256	0.2585	1.18e-5	-0.16115111120928616	0.46756722708582255	FALSE	TRUE	56.333333333333336	47.666666666666664	TRUE	transcript24457.chr9.nnic	5.118435313390506e-4	FALSE	0.03815566507243135	0.025737439908749816	-0.012418225163681535	8147.746333333334	FALSE	FALSE	0.4316248578437003	0.8293667139283545	FALSE
C	2	Ubr3	ENSMUSG00000044308.20	ENSMUST00000525381.1	GENCODE	full-splice_match	FALSE	down in Q157R	-0.1666	0.4328	0.2662	1.161e-5	-0.18268706133311452	0.7332401780558403	FALSE	FALSE	66.25333333333333	52.89666666666667	TRUE	NA	NA	NA	0.39168877269899854	0.33939119185677624	-0.0522975808422223	4596.3335	TRUE	FALSE	0.27012595455545935	0.8155017379650152	FALSE
C	2	Set	ENSMUSG00000054766.15	ENSMUST00000067996.7	GENCODE	full-splice_match	FALSE	up in Q157R	0.1647	0.2905	0.4551	0	0.1537047859054495	0.9204852331562222	FALSE	FALSE	2178.3333333333335	5406.7	TRUE	ENSMUST00000067996.7	0.17018476752035872	TRUE	0.48515596254005283	0.46507639306557275	-0.020079569474480086	20386.680166666665	FALSE	FALSE	0.5029686340187814	0.7886261462932612	FALSE
C	2	Mocs2	ENSMUSG00000015536.16	ENSMUST00000166104.10	GENCODE	full-splice_match	FALSE	down in Q157R	-0.1643	0.5926	0.4283	8.021e-6	-0.1663587554455258	0.9348551226088648	FALSE	FALSE	99.69	67.53	TRUE	ENSMUST00000166104.10	0.05056688938342324	FALSE	0.6104341711381385	0.542755692482258	-0.0676784786558805	648.9998333333333	TRUE	FALSE	-0.08784231572245381	0.9524824693486876	FALSE
C	2	Cdk2ap1	ENSMUSG00000029394.13	ENSMUST00000111473.9	GENCODE	full-splice_match	NA	down in Q157R	-0.1642	0.4443	0.2801	1.797e-7	-0.17314907972233212	0.7640825884732751	FALSE	FALSE	46.65	51.19	TRUE	ENSMUST00000111473.9	-0.04510945684469595	TRUE	0.025133050517179265	0.03936451130367794	0.014231460786498677	4183.109333333334	FALSE	FALSE	1.0501949504918668	0.7523288819366841	FALSE
C	2	Mrpl14	ENSMUSG00000023939.9	ENSMUST00000432592.1	GENCODE	full-splice_match	FALSE	down in Q157R	-0.1638	0.1984	0.0346	6.032e-4	-0.13799294706595502	0.1221578960025732	FALSE	TRUE	6.806666666666667	2.6666666666666665	FALSE	transcript20160.chr17.nic	-0.16176230860062968	TRUE	0.07261352952632942	0.04596929296979417	-0.02664423655653525	402	FALSE	FALSE	0.9773961921189356	0.40981120270159194	FALSE
C	2	Usp19	ENSMUSG00000006676.19	ENSMUST00000178075.9	GENCODE	full-splice_match	FALSE	down in Q157R	-0.1636	0.4859	0.3223	7.983e-10	-0.1652784654353055	0.09106535802750236	FALSE	TRUE	271.6333333333333	135.90333333333334	TRUE	NA	NA	NA	0.04073801616279416	0.04220815330830525	0.0014701371455110857	7683.333500000001	FALSE	FALSE	-0.566370581864423	0.7348647872451898	FALSE
C	2	Gpcpd1	ENSMUSG00000027346.17	ENSMUST00000060955.13	GENCODE	full-splice_match	FALSE	down in Q157R	-0.1633	0.4952	0.3319	3.673e-13	-0.16981960257073136	0.31706020314928307	FALSE	FALSE	172.74	84.76666666666667	TRUE	transcript36963.chr2.nic	-0.1966929121156845	TRUE	0	0.0638002551485329	0.0638002551485329	1613.0003333333334	FALSE	FALSE	-0.3123701536586686	0.8123695748118992	FALSE
C	2	Acp5	ENSMUSG00000001348.17	ENSMUST00000213815.3	GENCODE	full-splice_match	FALSE	down in Q157R	-0.162	0.4034	0.2414	0.005979	-0.18278491668237773	0.7148085680409235	FALSE	FALSE	24.42	10.666666666666666	TRUE	ENSMUST00000213815.3	-0.1786208997973704	TRUE	0.19817869241192412	0.270296509662973	0.07211781725104885	237.66683333333333	FALSE	FALSE	-0.309249464205513	0.9077013008392044	FALSE
C	2	Tubgcp5	ENSMUSG00000033790.13	ENSMUST00000549073.1	GENCODE	full-splice_match	FALSE	up in Q157R	0.1615	0.06748	0.229	0.03516	0.1452141738912716	0.8589890976111867	FALSE	FALSE	11.023333333333333	11.283333333333333	TRUE	ENSMUST00000549073.1	0.07203384444072544	TRUE	0.02041225295335655	0.06083378970537265	0.040421536752016096	1007.6671666666667	FALSE	FALSE	-1.0210046371011048	0.6680487438881348	FALSE
C	2	Tcf19	ENSMUSG00000050410.17	ENSMUST00000161012.9	GENCODE	full-splice_match	FALSE	down in Q157R	-0.1614	0.3833	0.2219	1.042e-8	-0.16731682601455553	0.09834331428252668	FALSE	TRUE	70.16666666666667	36.416666666666664	TRUE	NA	NA	NA	0.23824679060851245	0.2191900047233901	-0.019056785885122357	722.6666666666666	FALSE	FALSE	-0.02626545353971631	0.9884521972488916	FALSE
C	2	Tnfsf13	ENSMUSG00000089669.9	ENSMUST00000018896.15	GENCODE	full-splice_match	FALSE	up in Q157R	0.161	0.7466	0.9076	0.03589	-0.02379537571083934	1	FALSE	TRUE	37.333333333333336	31.913333333333334	TRUE	NA	NA	NA	0.679495567439326	0.6564555665698507	-0.02304000086947533	306.1791666666667	FALSE	FALSE	-0.1896202822282108	0.9326916094134964	FALSE
C	2	Zfp512b	ENSMUSG00000000823.18	ENSMUST00000514435.1	GENCODE	full-splice_match	FALSE	down in Q157R	-0.1609	0.1794	0.01857	4.141e-4	-0.17396069426138822	0.1483457532018767	FALSE	TRUE	8.593333333333334	1.04	FALSE	ENSMUST00000514435.1	-0.2281144781144781	TRUE	0	0	0	3447.0003333333334	FALSE	FALSE	0.00336972382515934	0.9988358499247544	FALSE
C	2	Trerf1	ENSMUSG00000064043.17	ENSMUST00000540436.1	GENCODE	full-splice_match	FALSE	down in Q157R	-0.1603	0.1948	0.03447	0.03619	-0.14520742666131214	0.377824438755857	FALSE	TRUE	6.546666666666667	2.1766666666666667	FALSE	NA	NA	NA	0.10252327290543851	0	-0.10252327290543851	1416	TRUE	FALSE	0.477312897212989	0.8031806070929252	FALSE
C	2	Tarbp1	ENSMUSG00000090290.4	ENSMUST00000170518.3	GENCODE	full-splice_match	FALSE	down in Q157R	-0.1601	0.5868	0.4268	0.0319	-0.17188226917401933	0.6531138805342455	FALSE	FALSE	57.81333333333333	37.17333333333333	TRUE	ENSMUST00000170518.3	-0.00618334864504555	TRUE	0.6467274123457066	0.7979329027959801	0.15120549045027343	1538.5118333333335	FALSE	FALSE	-0.26167498608892464	0.9136587804799592	FALSE
C	2	Gtpbp6	ENSMUSG00000033434.17	ENSMUST00000077220.15	GENCODE	full-splice_match	FALSE	down in Q157R	-0.16	0.4262	0.2662	0.006506	-0.16942109829695962	0.1185785248090384	FALSE	TRUE	38.14333333333333	22.196666666666665	TRUE	NA	NA	NA	0.13529851429629847	0.1830040442758989	0.047705529979600425	569.3333333333334	FALSE	FALSE	-0.11626826968898486	0.9475883261569452	FALSE
C	2	Dennd4b	ENSMUSG00000042404.17	ENSMUST00000129564.8	GENCODE	full-splice_match	FALSE	down in Q157R	-0.16	0.4547	0.2947	0.001597	-0.15996831872807205	0.8421984202342867	FALSE	FALSE	68.73	47.92666666666666	TRUE	ENSMUST00000129564.8	-0.11309853134980469	TRUE	0.5112611883961498	0.6143931364800095	0.10313194808385973	2833.4998333333333	FALSE	FALSE	-0.08009084631918918	0.9634910196227248	FALSE
C	2	Nsd1	ENSMUSG00000021488.10	ESPRESSO:chr13:885:74	novel	novel_in_catalog	FALSE	up in Q157R	0.1586	0.08979	0.2484	7.802e-16	0.170486981933203	0.6631439806441706	FALSE	FALSE	20.553333333333335	69.47666666666666	TRUE	NA	NA	NA	0.2357257850446839	0.4272556329836271	0.19152984793894323	14343.166833333333	TRUE	FALSE	0.2032157084669194	0.8305117472139495	FALSE
C	2	Set	ENSMUSG00000054766.15	ENSMUST00000102866.11	GENCODE	full-splice_match	FALSE	down in Q157R	-0.1566	0.6754	0.5188	0	-0.15370478590544956	0.9204852331562222	FALSE	FALSE	4535.333333333333	4235	TRUE	ENSMUST00000102866.11	-0.04652668299620813	TRUE	0.24445420642675075	0.2071066893669409	-0.03734751705980985	20386.680166666665	FALSE	FALSE	0.5029686340187814	0.7886261462932612	FALSE
C	2	Zfp78	ENSMUSG00000055150.17	ENSMUST00000207347.3	GENCODE	full-splice_match	FALSE	up in Q157R	0.1559	0.6758	0.8317	0.04243	0.1905310894242173	0.45587960513800985	FALSE	TRUE	18.633333333333333	19.283333333333335	TRUE	transcript1526.chr7.nic	NA	NA	0.06900444444444444	0	-0.06900444444444444	41.33316666666666	FALSE	FALSE	-0.26839524257075137	0.9136587804799592	FALSE
C	2	Mgst2	ENSMUSG00000074604.11	ESPRESSO:chr3:482:0	novel	novel_in_catalog	TRUE	down in Q157R	-0.1557	0.1557	0	0.008418	-0.15796649619961867	NA	FALSE	TRUE	4.39	0	FALSE	transcript5133.chr3.nic	-0.2913524384112619	TRUE	0	0	0	103.166	FALSE	FALSE	-0.6360402284191494	0.8874437143541035	FALSE
C	2	Armcx5	ENSMUSG00000072969.4	ENSMUST00000096321.4	GENCODE	full-splice_match	FALSE	down in Q157R	-0.1553	0.5582	0.4029	0.009881	-0.17837171481791914	0.4157115960316847	FALSE	FALSE	57	41.333333333333336	TRUE	transcript13820.chrX.nic	-0.11545944104083639	TRUE	0.3051202499372681	0.4766564448037057	0.17153619486643762	357.5751666666667	FALSE	FALSE	0.00436715472760124	0.9986874550349408	FALSE
C	2	Rnf138	ENSMUSG00000024317.17	ENSMUST00000234536.3	GENCODE	full-splice_match	FALSE	down in Q157R	-0.1549	0.3384	0.1836	7.896e-20	-0.1794034654073267	0.02980835581207695	TRUE	FALSE	142.28	55.78333333333333	TRUE	NA	NA	NA	0.06302148294532896	0.0834478133267968	0.020426330381467836	1031.3336666666667	FALSE	FALSE	-0.2938948024282927	0.8487603765159569	FALSE
C	2	Dennd4b	ENSMUSG00000042404.17	ENSMUST00000098914.11	GENCODE	full-splice_match	FALSE	up in Q157R	0.1547	0.3857	0.5404	0.005218	0.19392255274000608	0.7270963456994642	FALSE	FALSE	61.64	80.12666666666667	TRUE	ENSMUST00000098914.11	0.1482010914948096	TRUE	0.34001627304391935	0.27561939492074033	-0.06439687812317901	2833.4998333333333	FALSE	FALSE	-0.08009084631918918	0.9634910196227248	FALSE
C	2	Clpx	ENSMUSG00000015357.12	ENSMUST00000113824.9	GENCODE	full-splice_match	FALSE	up in Q157R	0.153	0.1826	0.3356	5.231e-45	0.15908858757937716	0.2856944486468198	FALSE	TRUE	188.16666666666666	334.9	TRUE	NA	NA	NA	0	0	0	1279.1665	FALSE	FALSE	-0.1269808358126022	0.906871908616782	FALSE
C	2	Ankrd28	ENSMUSG00000014496.10	ENSMUST00000227863.2	GENCODE	full-splice_match	FALSE	down in Q157R	-0.1527	0.395	0.2422	7.542e-13	-0.23580743623230005	0.286633871944242	FALSE	FALSE	146.68	92.63333333333333	TRUE	transcript5992.chr14.nic	-0.0038113503498213297	TRUE	0.17915906815899554	0.15013446484533963	-0.029024603313655917	6870.609833333333	FALSE	FALSE	0.04437965562150324	0.9801382151104971	FALSE
C	2	Rcsd1	ENSMUSG00000040723.16	ENSMUST00000040357.12	GENCODE	full-splice_match	FALSE	down in Q157R	-0.152	0.7336	0.5816	6.471e-35	-0.1595709645034996	0.15591709100312928	FALSE	TRUE	537.5333333333333	425.2	TRUE	NA	NA	NA	0	0	0	5061.000333333333	FALSE	FALSE	0.09176733285728346	0.970751724777298	FALSE
C	2	Atp13a3	ENSMUSG00000022533.16	ENSMUST00000061350.14	GENCODE	full-splice_match	FALSE	up in Q157R	0.1519	0.4573	0.6091	3.318e-4	0.1639829290307433	0.8528737886667116	FALSE	FALSE	76.73	83.13666666666667	TRUE	NA	NA	NA	0.5501377445810655	0.7296505395326319	0.17951279495156647	5429.8330000000005	TRUE	FALSE	-0.36246734403962105	0.861672231883351	FALSE
C	2	BC028528	ENSMUSG00000038543.15	ENSMUST00000145949.8	GENCODE	full-splice_match	FALSE	up in Q157R	0.1518	0.3806	0.5324	0.04821	0.19002128244500816	0.7529959518989221	FALSE	FALSE	17.666666666666668	25	TRUE	ENSMUST00000145949.8	0.562962962962963	TRUE	0.0878006324981704	0.007150271351785833	-0.08065036114638456	473.4766666666667	FALSE	FALSE	-0.11070710459135472	0.9741170415936116	FALSE
C	2	Snhg3	ENSMUSG00000085241.8	ENSMUST00000141090.8	GENCODE	full-splice_match	NA	down in Q157R	-0.151	0.2147	0.06371	0.04581	-0.16462076710132006	0.4160541844977958	FALSE	FALSE	3.6666666666666665	3	FALSE	ENSMUST00000141090.8	-0.04268366727383121	TRUE	0.23234938227412738	0.15958914515744874	-0.07276023711667864	154.721	TRUE	FALSE	1.572163290585183	0.15318125205978608	FALSE
C	2	Gnl3l	ENSMUSG00000025266.13	ENSMUST00000112691.9	GENCODE	full-splice_match	FALSE	down in Q157R	-0.1509	0.545	0.3941	7.388e-4	-0.1502460992599569	0.38261333708771333	FALSE	FALSE	95.14	51.25333333333333	TRUE	ENSMUST00000112691.9	-0.15375127369210423	TRUE	0.7957209740358536	0.8536480707082159	0.05792709667236229	3230.5003333333334	FALSE	FALSE	-0.4213784464705216	0.766987621363142	FALSE
C	2	Snrpe	ENSMUSG00000090553.10	ENSMUST00000166915.9	GENCODE	full-splice_match	FALSE	up in Q157R	0.1509	0.6601	0.811	1.275e-4	0.1558290318141311	0.18553965090363456	FALSE	TRUE	45.9	148.03333333333333	TRUE	NA	NA	NA	0.8676841950181451	0.9097587898321927	0.04207459481404763	1380.6666666666667	FALSE	FALSE	1.391138365060887	0.07021668187213959	FALSE
C	2	Atp11b	ENSMUSG00000037400.19	ENSMUST00000029257.16	GENCODE	full-splice_match	FALSE	down in Q157R	-0.1507	0.7563	0.6057	1.847e-16	-0.10114161599298745	0.7355450953935568	FALSE	FALSE	655.1	339.66666666666663	TRUE	ENSMUST00000029257.16	-0.01245128515866635	TRUE	0.4801770824998604	0.5814764542479118	0.10129937174805143	9069.833333333334	FALSE	FALSE	-0.6937286460299241	0.5548753625228999	FALSE
C	2	Bora	ENSMUSG00000022070.9	ENSMUST00000022656.9	GENCODE	full-splice_match	FALSE	down in Q157R	-0.1506	0.7266	0.576	5.654e-18	-0.10163988409855462	0.8621889044543599	FALSE	FALSE	612.7666666666667	388.8	TRUE	NA	NA	NA	0.2754679551464812	0	-0.2754679551464812	1228.8333333333333	TRUE	FALSE	-0.3416760979596236	0.7832645667833729	FALSE
C	2	Rpl12	ENSMUSG00000038900.19	ENSMUST00000126610.3	GENCODE	full-splice_match	FALSE	up in Q157R	0.1502	0.4538	0.604	0.005805	0.1471352500670925	0.1483457532018767	FALSE	TRUE	48.666666666666664	79	TRUE	NA	NA	NA	0.07863137276152543	0.10891548254457438	0.03028410978304895	1843.8148333333334	FALSE	FALSE	0.3195414087385794	0.8439061644673073	FALSE
C	2	Cep164	ENSMUSG00000043987.20	ESPRESSO:chr9:705:6	novel	novel_in_catalog	FALSE	down in Q157R	-0.1502	0.2792	0.129	0.002648	-0.03695889663749086	1	FALSE	FALSE	21.363333333333333	10.893333333333334	TRUE	transcript8512.chr9.nic	-0.014102564102564094	TRUE	0.018430770074255014	0	-0.018430770074255014	758.9993333333333	FALSE	FALSE	0.05648887705511039	0.97703770993431	FALSE
C	2	Jade1	ENSMUSG00000025764.16	ENSMUST00000163764.9	GENCODE	full-splice_match	FALSE	up in Q157R	0.1501	0.2601	0.4102	5.181e-4	0.14615467687882583	0.40767903825862806	FALSE	TRUE	40.596666666666664	75.65666666666667	TRUE	NA	NA	NA	0.6188339203243742	0.526353328033225	-0.09248059229114924	3903.6665000000003	FALSE	FALSE	0.29543982183562434	0.7741789827301241	FALSE
C	2	Gpr146	ENSMUSG00000044197.10	ENSMUST00000051293.8	GENCODE	full-splice_match	FALSE	up in Q157R	0.1501	0.4537	0.6039	0.03027	0.1389588184448176	0.7104066514780029	FALSE	FALSE	32	39.333333333333336	TRUE	ENSMUST00000051293.8	0.14290674034153683	TRUE	0.8338622583142135	0.8784032454297688	0.04454098711555532	884.5	FALSE	FALSE	-0.14905830301779843	0.939352264712714	FALSE
C	2	Reps1	ENSMUSG00000019854.19	ENSMUST00000150029.8	GENCODE	full-splice_match	FALSE	up in Q157R	0.1493	0.1119	0.2612	4.445e-6	0.1449163457088266	0.7148085680409235	FALSE	FALSE	18.513333333333335	40.05666666666667	TRUE	ENSMUST00000150029.8	0.13779178075432813	TRUE	0.11399025458398974	0.12369815704257352	0.009707902458583773	2804.8334999999997	FALSE	FALSE	-0.06043190801931117	0.9741170415936116	FALSE
C	2	Lacc1	ENSMUSG00000044350.16	ENSMUST00000062789.16	GENCODE	full-splice_match	FALSE	up in Q157R	0.1489	0.6243	0.7732	2.857e-4	0.16827399272434584	0.6587355147263361	FALSE	FALSE	48.93333333333333	69.89666666666668	TRUE	ENSMUST00000062789.16	-0.023283870826610653	FALSE	0.1384326906576173	0.4486231681544795	0.31019047749686224	318.52166666666665	TRUE	FALSE	0.11436416874239022	0.9497255064469604	FALSE
C	2	Itpr1	ENSMUSG00000030102.13	ESPRESSO:chr6:1572:15	novel	novel_in_catalog	FALSE	up in Q157R	0.1486	0.6552	0.8038	1.784e-9	0.169247781647754	0.6861032685103888	FALSE	FALSE	104.03333333333333	185.76666666666668	TRUE	NA	NA	NA	0.41957298705995155	0.4702397472932295	0.05066676023327793	4182.833166666667	TRUE	FALSE	0.4406274276859363	0.6058770834064511	FALSE
C	2	Clpx	ENSMUSG00000015357.12	ENSMUST00000015501.12	GENCODE	full-splice_match	FALSE	down in Q157R	-0.1484	0.7435	0.595	2.882e-38	-0.15908858757937716	0.2856944486468198	FALSE	TRUE	800.8333333333334	585.3666666666667	TRUE	NA	NA	NA	0.010772302463891248	0	-0.010772302463891248	1279.1665	FALSE	FALSE	-0.1269808358126022	0.906871908616782	FALSE
C	2	Etv6	ENSMUSG00000030199.18	ENSMUST00000081028.14	GENCODE	full-splice_match	FALSE	up in Q157R	0.1482	0.3339	0.4821	0.0454	0.15361287494837034	0.5080832029350666	FALSE	TRUE	35.75	32.526666666666664	TRUE	NA	NA	NA	0.10449001757894837	0.1231659743910218	0.01867595681207343	19768.2155	FALSE	FALSE	-0.6507392686724769	0.6176682333059236	FALSE
C	2	Nktr	ENSMUSG00000032525.17	ENSMUST00000035112.13	GENCODE	full-splice_match	FALSE	up in Q157R	0.1482	0.1897	0.338	1.878e-13	0.14540181337208635	0.4341680578908812	FALSE	TRUE	51.763333333333335	139.8	TRUE	NA	NA	NA	0	0	0	6088.334666666667	FALSE	FALSE	0.48909319771609694	0.3904455971197968	FALSE
C	2	Lrp8	ENSMUSG00000028613.17	ENSMUST00000429513.1	GENCODE	full-splice_match	FALSE	up in Q157R	0.1481	0.04203	0.1901	0.01235	0.12913666429185014	0.6171123321567223	FALSE	TRUE	1.6366666666666667	12.4	TRUE	NA	NA	NA	0.17600978698875708	0.02487824463118581	-0.15113154235757126	1270.5001666666667	FALSE	FALSE	0.9070144847820084	0.2827601543833102	FALSE
C	2	Rpl28	ENSMUSG00000030432.14	ENSMUST00000032597.13	GENCODE	full-splice_match	NA	up in Q157R	0.148	0.1016	0.2496	5.672e-5	0.13838936235537358	0.2187542987796328	FALSE	TRUE	12.893333333333333	51.73666666666667	TRUE	NA	NA	NA	0.7994404934976431	0.823263518197276	0.023823024699632822	25031.0965	FALSE	FALSE	0.9123655699296735	0.4176982598979877	FALSE
C	2	Pdcd5	ENSMUSG00000030417.17	ESPRESSO:chr7:1245:2	novel	novel_in_catalog	NA	down in Q157R	-0.1474	0.2974	0.15	2.135e-6	-0.15419283285650986	0.24370357163706088	FALSE	FALSE	34.666666666666664	28.333333333333332	TRUE	transcript10117.chr7.nic	-0.16913019684679173	TRUE	0	9.340647935716806e-4	9.340647935716806e-4	572.6668333333333	FALSE	FALSE	0.7913042000259588	0.3564265677348324	FALSE
C	2	Ndufaf8	ENSMUSG00000078572.5	ENSMUST00000186913.2	GENCODE	full-splice_match	NA	down in Q157R	-0.1467	0.2008	0.05412	0.009442	-0.13659507739746768	0.2347345924616661	FALSE	TRUE	7.666666666666667	4.666666666666667	FALSE	transcript47004.chr11.nic	-0.08316514640044052	TRUE	0.24785486432445455	0.2066644702540451	-0.04119039407040945	228.16466666666665	FALSE	FALSE	0.8843576468899208	0.4547003220574683	FALSE
C	2	Cox20	ENSMUSG00000026500.8	ENSMUST00000027781.8	GENCODE	full-splice_match	FALSE	up in Q157R	0.1448	0.5331	0.6779	0.01356	0.13586479403152563	0.8951187521088789	FALSE	FALSE	32	94.66666666666667	TRUE	NA	NA	NA	0.41910208812666216	0.49401498476418493	0.07491289663752276	376.68533333333335	TRUE	FALSE	1.1876737620898383	0.22340549057180115	FALSE
C	2	Vamp8	ENSMUSG00000050732.11	ENSMUST00000142613.2	GENCODE	full-splice_match	NA	down in Q157R	-0.1445	0.3868	0.2423	1.469e-12	-0.14895198523701145	0.16826947510530782	FALSE	TRUE	147.66666666666666	148.33333333333334	TRUE	NA	NA	NA	0.01074965592743349	0.01607388701579849	0.005324231088365	3661.5	FALSE	FALSE	0.6633926896201954	0.3453330914621184	FALSE
C	2	Nbas	ENSMUSG00000020576.12	ENSMUST00000457656.1	GENCODE	full-splice_match	FALSE	up in Q157R	0.1444	0.3536	0.498	0.01287	0.14276383263491843	0.5472201171727916	FALSE	FALSE	35.67666666666666	51.87	TRUE	transcript2187.chr12.nic	0.01988467265516647	TRUE	0.2606158063151066	0.3070795640360723	0.04646375772096567	2806.3336666666664	FALSE	FALSE	0.00718146070865483	0.9982978501158694	FALSE
C	2	Uxt	ENSMUSG00000001134.11	ESPRESSO:chrX:268:9	novel	novel_in_catalog	FALSE	down in Q157R	-0.1436	0.2557	0.1122	0.0331	-0.19990656828582112	0.3988878504019398	FALSE	FALSE	7.333333333333333	4.416666666666667	FALSE	transcript2832.chrX.nic	-0.22856237329921536	TRUE	0.11896733130247793	0.04984421286590376	-0.06912311843657418	330.89183333333335	TRUE	FALSE	0.6902998103649848	0.7027162003185177	FALSE
C	2	Zfp644	ENSMUSG00000049606.18	ENSMUST00000112698.9	GENCODE	full-splice_match	FALSE	down in Q157R	-0.1435	0.2541	0.1106	4.386e-5	-0.1533315218244018	0.7083368456524441	FALSE	FALSE	22.82	12.323333333333332	TRUE	NA	NA	NA	0.26195721703927927	0.21002931521372742	-0.05192790182555185	4799.500166666667	TRUE	FALSE	0.3207002190841263	0.8031806070929252	FALSE
C	2	Zfp644	ENSMUSG00000049606.18	ENSMUST00000112696.9	GENCODE	full-splice_match	FALSE	up in Q157R	0.142	0.1838	0.3258	0.001712	0.17620058915795653	0.3679778843333618	FALSE	FALSE	13.726666666666667	34.373333333333335	TRUE	NA	NA	NA	0.021473049378062572	0.1176185037871047	0.09614545440904212	4799.500166666667	TRUE	FALSE	0.3207002190841263	0.8031806070929252	FALSE
C	2	Tcf19	ENSMUSG00000050410.17	ESPRESSO:chr17:728:24	novel	novel_in_catalog	FALSE	down in Q157R	-0.142	0.5199	0.3779	0.004738	-0.12855965042351275	0.4156030789327553	FALSE	FALSE	83.47666666666667	61.123333333333335	TRUE	transcript17670.chr17.nic	-0.2782735049701246	TRUE	0.30925494402251397	0.297075405629405	-0.01217953839310898	722.6666666666666	FALSE	FALSE	-0.02626545353971631	0.9884521972488916	FALSE
C	2	Matcap2	ENSMUSG00000036411.12	ESPRESSO:chr9:272:1	novel	novel_not_in_catalog	FALSE	down in Q157R	-0.1402	0.214	0.07385	0.04481	-0.14652117825718647	0.22419206243621104	FALSE	TRUE	9.59	2.7266666666666666	FALSE	NA	NA	NA	0.12254761904761903	0	-0.12254761904761903	44.83316666666667	TRUE	FALSE	-0.3749661577436039	0.875545191461656	FALSE
C	2	Erdr1y	ENSMUSG00000096768.11	ENSMUST00000364346.1	GENCODE	full-splice_match	NA	down in Q157R	-0.1396	0.6277	0.4881	2.699e-6	-0.1331110435546634	0.8977626363231048	FALSE	FALSE	211.66666666666666	217	TRUE	ENSMUST00000364346.1	-0.11777747884631423	TRUE	0	0.006107823242207047	0.006107823242207047	12328.639166666668	FALSE	FALSE	0.2906502183696637	0.8649089594601584	FALSE
C	2	Atrx	ENSMUSG00000031229.18	ESPRESSO:chrX:1412:85	novel	novel_in_catalog	FALSE	down in Q157R	-0.1394	0.1394	0	5.194e-101	-0.18627645486496663	NA	FALSE	TRUE	99.59333333333333	0	TRUE	NA	NA	NA	0	0.04867222252943513	0.04867222252943513	14789.292166666666	FALSE	FALSE	0.14061767458379532	0.8783409136621808	FALSE
C	2	Rcc2	ENSMUSG00000040945.15	ENSMUST00000395170.1	GENCODE	full-splice_match	FALSE	down in Q157R	-0.1393	0.7193	0.58	7.362e-51	-0.14264254967328038	0.7458219237225943	FALSE	FALSE	1204.3333333333333	1090.0666666666666	TRUE	ENSMUST00000395170.1	-0.12530864197530867	TRUE	0.06872209055106869	0.08051926087826008	0.011797170327191395	24605.985666666667	FALSE	FALSE	0.11795076254412933	0.9260354800061285	FALSE
C	2	Zfp846	ENSMUSG00000058192.18	ENSMUST00000407341.1	GENCODE	full-splice_match	FALSE	up in Q157R	0.1386	0.06542	0.204	7.316e-4	0.15439290435772668	0.4423231202941263	FALSE	FALSE	2.6666666666666665	10.596666666666666	TRUE	NA	NA	NA	0.04923219373219373	0.26097080904433845	0.21173861531214472	399.8335	TRUE	FALSE	-0.0464072602286078	0.985542174086416	FALSE
C	2	Rpl34	ENSMUSG00000062006.14	ENSMUST00000062601.15	GENCODE	full-splice_match	FALSE	down in Q157R	-0.1381	0.4315	0.2934	1.985e-4	-0.1693848476162717	0.07814988783013165	FALSE	TRUE	44.81	101.1	TRUE	NA	NA	NA	0.039602839979001825	0.037915020535683526	-0.0016878194433182989	6429.190666666666	FALSE	FALSE	1.7408050229664431	0.02513329275159671	TRUE
C	2	Trappc2l	ENSMUSG00000015013.11	ENSMUST00000211904.2	GENCODE	full-splice_match	FALSE	down in Q157R	-0.1378	0.198	0.06014	0.03034	-0.14233057018433862	0.2100104850013536	FALSE	TRUE	6.666666666666667	2.6666666666666665	FALSE	transcript28012.chr8.nic	-0.01634399551066218	TRUE	0	0	0	344.3335	FALSE	FALSE	0.393682643582296	0.8341853980813375	FALSE
C	2	Map7d3	ENSMUSG00000067878.15	ENSMUST00000114766.9	GENCODE	full-splice_match	FALSE	down in Q157R	-0.1378	0.9832	0.8453	0.01194	-0.14987546525163042	0.2172548054405544	FALSE	TRUE	27.226666666666667	27.243333333333332	TRUE	ENSMUST00000114766.9	0.02470584970584966	FALSE	0.5240910652920963	0.4833694968553459	-0.040721568436750344	216.5	FALSE	FALSE	0.23147221802356704	0.9199068037203358	FALSE
C	2	Rps27	ENSMUSG00000090733.8	ENSMUST00000170122.5	GENCODE	full-splice_match	NA	up in Q157R	0.1376	0.8235	0.9612	9.055e-5	0.05470909129677537	0.4806118950484227	FALSE	TRUE	37	257.6666666666667	TRUE	NA	NA	NA	0.1745865514126885	0.1754526472595913	8.66095846902809e-4	716.5961666666667	FALSE	FALSE	2.5795037338537368	0.02513329275159671	TRUE
C	2	Marchf7	ENSMUSG00000026977.19	ENSMUST00000102748.12	GENCODE	full-splice_match	FALSE	down in Q157R	-0.1375	0.6278	0.4902	0.004379	-0.04631495914975603	1	FALSE	FALSE	252.79999999999998	102.47333333333333	TRUE	transcript16516.chr2.nic	-0.2417171243564174	TRUE	0	0	0	2760.5006666666663	FALSE	FALSE	-1.021038725749054	0.25256127163629993	FALSE
C	2	Prtn3	ENSMUSG00000057729.14	ENSMUST00000165982.2	GENCODE	full-splice_match	FALSE	up in Q157R	0.1365	0.3063	0.4428	4.33e-61	0.14712229977674224	0.21794304197753137	FALSE	TRUE	468.3333333333333	782	TRUE	NA	NA	NA	0.6878053546708109	0.7289666274886837	0.04116127281787274	5112.2415	FALSE	FALSE	0.1636319573275345	0.9634910196227248	FALSE
C	2	Siglecf	ENSMUSG00000039013.18	ENSMUST00000012798.15	GENCODE	full-splice_match	FALSE	down in Q157R	-0.1354	0.5318	0.3965	0.02485	-0.13848873750373836	0.30580874031422006	FALSE	TRUE	62.029999999999994	40.29666666666667	TRUE	NA	NA	NA	0.5069542069656472	0.5621785009861933	0.05522429402054607	203.3335	FALSE	FALSE	-0.1783686155858508	0.9392630247395924	FALSE
C	2	Cbx3	ENSMUSG00000029836.17	ENSMUST00000203404.2	GENCODE	full-splice_match	NA	down in Q157R	-0.1352	0.3121	0.1769	0.0197	-0.14514735766917497	0.2748870945322928	FALSE	TRUE	17.333333333333332	15.666666666666666	TRUE	NA	NA	NA	0.024338597018289967	0.016856813068471487	-0.00748178394981848	7756.333333333333	FALSE	FALSE	0.6874281825725753	0.3722926111295833	FALSE
C	2	Ptpra	ENSMUSG00000027303.20	ESPRESSO:chr2:1836:14	novel	novel_not_in_catalog	FALSE	down in Q157R	-0.1349	0.3327	0.1978	2.921e-31	-0.15824545032328213	0.1226296617056714	FALSE	FALSE	243.66666666666669	161.9	TRUE	transcript35667.chr2.nnic	-0.12559684827900042	TRUE	0.0025021745606291996	0.001999085242401158	-5.030893182280415e-4	4457.166333333334	FALSE	FALSE	0.25121738715171615	0.9273278314145104	FALSE
C	2	Ubp1	ENSMUSG00000009741.18	ENSMUST00000009885.15	GENCODE	full-splice_match	FALSE	up in Q157R	0.1343	0.171	0.3053	1.736e-11	0.14190086062098373	0.11645006557556202	FALSE	TRUE	45.89	134.70333333333332	TRUE	NA	NA	NA	0	0	0	3230.3326666666667	FALSE	FALSE	0.5950272872231399	0.453665993791736	FALSE
C	2	Prdm10	ENSMUSG00000042496.20	ENSMUST00000487465.1	GENCODE	full-splice_match	FALSE	down in Q157R	-0.1343	0.1539	0.01961	0.012	-0.13499517243424675	0.12943008954719742	FALSE	TRUE	5	0.3333333333333333	FALSE	ENSMUST00000487465.1	-0.11580070323086977	TRUE	0.06294679971245609	0.04136586257309942	-0.021580937139356673	1106.6668333333332	FALSE	FALSE	-0.29086889390922316	0.9201156332110032	FALSE
C	2	Ift46	ENSMUSG00000002031.14	ENSMUST00000002099.11	GENCODE	full-splice_match	FALSE	up in Q157R	0.1335	0.4477	0.5812	6.241e-4	0.2077192557105149	0.9219417153711438	FALSE	FALSE	58.39	65.78333333333333	TRUE	NA	NA	NA	0.09769979613562488	0.15491632809164974	0.05721653195602486	668	TRUE	FALSE	-0.2969072398491467	0.8176060342246907	FALSE
C	2	Ndst2	ENSMUSG00000039308.8	ENSMUST00000223679.3	GENCODE	full-splice_match	FALSE	up in Q157R	0.1332	0.2897	0.423	0.001128	0.17176501686486756	0.28191072165400005	FALSE	FALSE	49.230000000000004	93.01333333333332	TRUE	ENSMUST00000223679.3	0.10833080513890914	TRUE	0.32385390497736666	0.2289655314566874	-0.09488837352067925	1530.3326666666667	FALSE	FALSE	0.3862850836535744	0.8723083038322046	FALSE
C	2	Ehbp1	ENSMUSG00000042302.16	ENSMUST00000549751.1	GENCODE	full-splice_match	FALSE	down in Q157R	-0.1327	0.16	0.02728	0.03966	-0.11980960138505944	0.7458219237225943	FALSE	FALSE	4.196666666666666	0.5066666666666667	FALSE	ENSMUST00000549751.1	-0.04082545543646113	TRUE	0.1759065487639163	0.07103519089051105	-0.10487135787340524	430.0005	TRUE	FALSE	-0.08677721979812289	0.97703770993431	FALSE
C	2	Zfp783	ENSMUSG00000072653.17	ESPRESSO:chr6:570:25	novel	novel_in_catalog	FALSE	up in Q157R	0.1325	0.03341	0.1659	0.004111	0.0664197966496102	0.28191072165400005	FALSE	TRUE	2.77	6.84	FALSE	NA	NA	NA	0	0.14205085873128329	0.14205085873128329	234.98683333333332	TRUE	FALSE	NA	NA	FALSE
C	2	Usp37	ENSMUSG00000033364.15	ENSMUST00000044260.12	GENCODE	full-splice_match	FALSE	up in Q157R	0.1319	0.4268	0.5587	0.03018	0.1449656820136721	0.7458219237225943	FALSE	FALSE	34.32	48.806666666666665	TRUE	NA	NA	NA	0.4779746619547441	0.5953848134138914	0.1174101514591473	4053.1668333333337	TRUE	FALSE	0.04880148243459799	0.9821303947258286	FALSE
C	2	Rpl36al	ENSMUSG00000049751.8	ENSMUST00000054544.8	GENCODE	full-splice_match	FALSE	up in Q157R	0.1315	0.7334	0.8649	8.313e-4	0.15360726896086185	0.06115134380603879	FALSE	TRUE	71.33333333333333	241.33333333333334	TRUE	NA	NA	NA	0.9461435363619973	0.9637065710210063	0.01756303465900899	1212.6143333333334	FALSE	FALSE	1.4579165528464222	0.03962279915990488	TRUE
C	2	1810009A15Rik	ENSMUSG00000071653.10	ENSMUST00000096251.10	GENCODE	full-splice_match	FALSE	up in Q157R	0.1315	0.4363	0.5679	6.352e-4	0.00935015548996265	1	FALSE	TRUE	89.66666666666667	142.66666666666666	TRUE	NA	NA	NA	0.7209561739175728	0.6718980520314868	-0.04905812188608605	455.48400000000004	FALSE	FALSE	0.6349441105027275	0.5410707482649109	FALSE
C	2	Hps5	ENSMUSG00000014418.18	ESPRESSO:chr7:1500:14	novel	novel_in_catalog	FALSE	down in Q157R	-0.1314	0.2207	0.08922	2.018e-5	-0.15131228538830582	0.17323902748196415	FALSE	TRUE	24.313333333333333	10.95	TRUE	NA	NA	NA	0.09799915589631254	0.3210351600721155	0.223036004175803	1552.6668333333332	FALSE	FALSE	0.1922529416831891	0.9184821265832304	FALSE
C	2	Helq	ENSMUSG00000035266.18	ENSMUST00000510940.1	GENCODE	full-splice_match	FALSE	up in Q157R	0.1309	0.04071	0.1716	0.005176	0.16443256686671767	0.34296930682354376	FALSE	TRUE	4	6.273333333333333	FALSE	NA	NA	NA	0	0.09875889976522423	0.09875889976522423	459.1665	TRUE	FALSE	-1.330272084728839	0.15076290213601518	FALSE
C	2	Rpl36al	ENSMUSG00000049751.8	ENSMUST00000110619.2	GENCODE	full-splice_match	NA	down in Q157R	-0.13	0.2259	0.09593	5.181e-4	-0.10233225318573302	0.3379749457611512	FALSE	TRUE	19	26.666666666666668	TRUE	NA	NA	NA	0.03648409971383804	0.023860801059285102	-0.012623298654552941	1212.6143333333334	FALSE	FALSE	1.4579165528464222	0.03962279915990488	TRUE
C	2	Fbrsl1	ENSMUSG00000043323.19	ENSMUST00000198768.4	GENCODE	full-splice_match	FALSE	down in Q157R	-0.1295	0.2108	0.08131	0.006131	-0.1482266512126292	0.3221541193805238	FALSE	TRUE	11.833333333333334	5.61	TRUE	NA	NA	NA	0.09823039959534648	0.07939855710540371	-0.01883184248994277	1558.4998333333333	FALSE	FALSE	0.2262928622882934	0.913374696375456	FALSE
C	2	Trim33	ENSMUSG00000033014.14	ENSMUST00000106860.6	GENCODE	full-splice_match	FALSE	up in Q157R	0.1286	0.3619	0.4906	2.611e-4	0.1273675092109766	0.7174019501012124	FALSE	FALSE	60.156666666666666	90.83333333333333	TRUE	ENSMUST00000106860.6	0.12602037856117543	TRUE	0.6453389081560026	0.6439504140155066	-0.0013884941404960216	4801.166666666667	FALSE	FALSE	0.05174391714103684	0.9741170415936116	FALSE
C	2	Dgka	ENSMUSG00000025357.10	ENSMUST00000026414.10	GENCODE	full-splice_match	FALSE	down in Q157R	-0.1281	0.7895	0.6613	0.04545	-0.07111107220543667	0.9065376534706358	FALSE	TRUE	47.86666666666667	38.40333333333333	TRUE	transcript28375.chr10.nic	0.03521804043254728	FALSE	0	0	0	779.5	FALSE	FALSE	-0.06325949502118768	0.9776916549909992	FALSE
C	2	Kctd9	ENSMUSG00000034327.19	ENSMUST00000249619.1	GENCODE	full-splice_match	FALSE	up in Q157R	0.1277	0.1336	0.2614	1.316e-4	0.1867860995829128	0.2113056779062827	FALSE	FALSE	15.676666666666666	40.9	TRUE	ENSMUST00000150768.9	-0.04769636476425357	FALSE	0.0451987495886805	0.1567172952796877	0.11151854569100719	777.8335	TRUE	FALSE	0.33322971872711854	0.7664226017214184	FALSE
C	2	Cab39	ENSMUSG00000036707.18	ENSMUST00000113360.9	GENCODE	full-splice_match	FALSE	up in Q157R	0.1261	0.5934	0.7195	5.2369999999999996e-12	0.12002722601916672	0.7277623189969303	FALSE	FALSE	188.53333333333333	333.93333333333334	TRUE	ENSMUST00000113360.9	0.22993718084197984	TRUE	0.7884308295292353	0.7094726150772442	-0.07895821445199103	5064.000333333333	FALSE	FALSE	0.49038804181705514	0.7027162003185177	FALSE
C	2	Taf1d	ENSMUSG00000031939.18	ENSMUST00000213763.2	GENCODE	full-splice_match	TRUE	down in Q157R	-0.1256	0.2481	0.1225	7.072e-7	-0.17732482177986214	0.06497834609648617	FALSE	FALSE	82.75333333333333	25.006666666666668	TRUE	ENSMUST00000213763.2	-0.13476832575878817	TRUE	0.002994386339737197	9.98269769138893e-4	-0.001996116570598304	10532.001166666667	FALSE	FALSE	-0.7585939043054802	0.15564509337878624	FALSE
C	2	Usp40	ENSMUSG00000005501.16	ENSMUST00000187758.8	GENCODE	full-splice_match	FALSE	down in Q157R	-0.1255	0.1622	0.03665	4.999e-7	-0.16935304155109215	0.02519305571752417	TRUE	FALSE	17.866666666666667	4.276666666666666	TRUE	NA	NA	NA	0	0	0	1500.4066666666668	FALSE	FALSE	0.14189340302984266	0.9326916094134964	FALSE
C	2	Chac2	ENSMUSG00000020309.8	ENSMUST00000020553.6	GENCODE	full-splice_match	FALSE	up in Q157R	0.1254	0.2565	0.382	6.933e-4	0.13040327472291363	0.5312912819437804	FALSE	TRUE	33.666666666666664	44.333333333333336	TRUE	transcript8183.chr11.nic	-0.0909481313893079	FALSE	0.6471487050960736	0.1838052362707535	-0.46334346882532007	88.5	FALSE	FALSE	-0.3588239618873474	0.8073567026171939	FALSE
C	2	Trim33	ENSMUSG00000033014.14	ENSMUST00000029444.14	GENCODE	full-splice_match	FALSE	down in Q157R	-0.1248	0.6327	0.508	2.611e-4	-0.1273675092109766	0.7174019501012124	FALSE	FALSE	107.53333333333333	90.86666666666667	TRUE	transcript17668.chr3.nic	-0.07661285237898616	TRUE	0.3431237327532677	0.3496623857792399	0.00653865302597223	4801.166666666667	FALSE	FALSE	0.05174391714103684	0.9741170415936116	FALSE
C	2	Gm57848	ENSMUSG00000144222.1	ENSMUST00000100540.10	GENCODE	full-splice_match	FALSE	up in Q157R	0.1242	0.2737	0.3979	0.0343	NA	NA	FALSE	FALSE	22.683333333333334	23.336666666666666	TRUE	ENSMUST00000100540.10	0.11437032930935376	TRUE	0.001361869389281868	0.020309313909156444	0.018947444519874575	2706.5	FALSE	FALSE	-0.03766994132760262	0.9931416147608088	FALSE
C	2	Cebpg	ENSMUSG00000056216.11	ENSMUST00000205752.2	GENCODE	full-splice_match	NA	down in Q157R	-0.1238	0.1647	0.04091	0.003044	-0.11901911712212863	0.28191072165400005	FALSE	TRUE	10.666666666666666	5.666666666666667	TRUE	NA	NA	NA	0.04547197381828304	0.03843917672814663	-0.007032797090136406	2732.5	FALSE	FALSE	0.6730660411654193	0.7523288819366841	FALSE
C	2	Itga6	ENSMUSG00000027111.18	ENSMUST00000523389.1	GENCODE	full-splice_match	TRUE	down in Q157R	-0.1235	0.4739	0.3504	2.609e-4	-0.13218334017869998	0.5367633482035022	FALSE	TRUE	81.8	89.13333333333334	TRUE	ENSMUST00000523389.1	0.06766383193763453	FALSE	0.6437416057098125	0.6317455670289321	-0.011996038680880394	6846.829833333333	FALSE	FALSE	0.5709657900691336	0.4176982598979877	FALSE
C	2	Gm9805	ENSMUSG00000140910.1	ESPRESSO:chr17:318:8	novel	novel_in_catalog	FALSE	up in Q157R	0.1233	0.2302	0.3535	0.02959	0.12045748922685162	0.8630603960996994	FALSE	FALSE	8.833333333333334	24.87666666666667	TRUE	transcript4611.chr17.nnic	0.07919982820508789	TRUE	0.02171367421611657	0.05195228352335762	0.03023860930724105	212.8835	FALSE	FALSE	0.6139436169722434	0.7027162003185177	FALSE
C	2	Pym1	ENSMUSG00000064030.17	ENSMUST00000065210.11	GENCODE	full-splice_match	FALSE	up in Q157R	0.1231	0.1188	0.242	0.02806	0.1143497216735866	0.28191072165400005	FALSE	TRUE	16.213333333333335	19.816666666666666	TRUE	NA	NA	NA	0.11597535354986176	0.03333115105115398	-0.08264420249870777	767.8338333333334	FALSE	FALSE	-0.5140461833533244	0.7664226017214184	FALSE
C	2	Slc39a3	ENSMUSG00000046822.16	ENSMUST00000059551.8	GENCODE	full-splice_match	FALSE	down in Q157R	-0.123	0.3292	0.2061	0.01508	-0.1291694358312725	0.5404548825604443	FALSE	TRUE	33.25333333333333	19.773333333333333	TRUE	NA	NA	NA	0.2630905330064914	0.391505473608806	0.12841494060231462	706.1668333333333	FALSE	FALSE	-0.06024102844183598	0.9741170415936116	FALSE
C	2	Atp6v0a1	ENSMUSG00000019302.19	ESPRESSO:chr11:1723:6	novel	novel_in_catalog	FALSE	down in Q157R	-0.1227	0.6618	0.5391	1.329e-4	-0.11223558837582116	0.28191072165400005	FALSE	TRUE	159.73333333333335	166.66666666666666	TRUE	NA	NA	NA	0.3246415876952752	0.36787359424001975	0.04323200654474457	2149.3326666666667	FALSE	FALSE	0.35152049752075687	0.7499085367513838	FALSE
C	2	Ctcf	ENSMUSG00000005698.17	ENSMUST00000005841.17	GENCODE	full-splice_match	FALSE	up in Q157R	0.1226	0.2328	0.3554	1.614e-7	0.23104111340468023	0.4505961541910169	FALSE	FALSE	161.1	258.6	TRUE	transcript22030.chr8.nic	0.013496138854986017	TRUE	0	0	0	6948.000166666667	FALSE	FALSE	0.19288799765119777	0.8921268882970996	FALSE
C	2	Gnl3l	ENSMUSG00000025266.13	ESPRESSO:chrX:1975:5	novel	novel_not_in_catalog	TRUE	up in Q157R	0.1226	0.1035	0.226	2.315e-4	0.11877887453906376	0.3485684787033381	FALSE	TRUE	17.28	26.72	TRUE	NA	NA	NA	0.06362914666297922	0	-0.06362914666297922	3230.5003333333334	FALSE	FALSE	-0.4213784464705216	0.766987621363142	FALSE
C	2	Eri2	ENSMUSG00000030929.19	ENSMUST00000150844.4	GENCODE	full-splice_match	FALSE	down in Q157R	-0.1224	0.5887	0.4663	0.002694	-0.09110152230693568	0.9204852331562222	FALSE	FALSE	91.46333333333334	65.18	TRUE	ENSMUST00000150844.4	0.005581616938999834	FALSE	0.21164807780077907	0.04010940917743944	-0.17153866862333964	582.5	TRUE	FALSE	-0.12090375899891125	0.9529256450435896	FALSE
C	2	Rps12	ENSMUSG00000061983.8	ENSMUST00000220171.2	GENCODE	full-splice_match	NA	down in Q157R	-0.1213	0.165	0.04374	0.01733	-0.11776664912409417	0.21574529467389847	FALSE	TRUE	5.666666666666667	2.6666666666666665	FALSE	ENSMUST00000220171.2	-0.31096561548730695	TRUE	0.019919658768213024	0.013580563746429384	-0.00633909502178364	14771.344166666666	FALSE	FALSE	0.8277037118692939	0.6128639592376479	FALSE
C	2	Rps24	ENSMUSG00000025290.19	ENSMUST00000223939.2	GENCODE	full-splice_match	FALSE	down in Q157R	-0.121	0.2188	0.09786	4.322e-9	-0.1417701360304714	0.20005002170399375	FALSE	TRUE	42.806666666666665	44.49666666666666	TRUE	NA	NA	NA	0.007773658196415434	0.005473361727032403	-0.002300296469383031	19791.015666666666	FALSE	FALSE	1.1700798635007263	0.04264103474017907	TRUE
C	2	Tbcel	ENSMUSG00000037287.17	ENSMUST00000066148.13	GENCODE	full-splice_match	FALSE	up in Q157R	0.1207	0.5137	0.6344	0.02706	0.1321945840292431	0.9008398107011664	FALSE	FALSE	30.21	56.79666666666667	TRUE	transcript7119.chr9.nic	0.1042103634569388	TRUE	0.7791047800855493	0.8138718974351489	0.034767117349599586	2109.6665	FALSE	FALSE	0.5331484434941844	0.8313658762055647	FALSE
C	2	Plekhg5	ENSMUSG00000039713.19	ENSMUST00000105661.10	GENCODE	full-splice_match	FALSE	down in Q157R	-0.1205	0.1918	0.07124	0.04647	-0.11132180852340123	0.6210676035694895	FALSE	FALSE	9.643333333333333	4.596666666666667	FALSE	ENSMUST00000105661.10	-0.09283276388539546	TRUE	0.26039015288120576	0.1909779286926995	-0.06941222418850626	511.66633333333334	TRUE	FALSE	0.25889644286777713	0.9260354800061285	FALSE
C	2	Chac2	ENSMUSG00000020309.8	ENSMUST00000101394.6	GENCODE	full-splice_match	FALSE	down in Q157R	-0.1202	0.7382	0.618	6.933e-4	-0.1304032747229137	0.5312912819437804	FALSE	TRUE	100.33333333333333	65.66666666666667	TRUE	transcript8175.chr11.nic	0.09094813138930787	FALSE	0.28643179377013966	0.8161947637292465	0.5297629699591069	88.5	FALSE	FALSE	-0.3588239618873474	0.8073567026171939	FALSE
C	2	Dnajc19	ENSMUSG00000027679.15	ENSMUST00000117223.5	GENCODE	full-splice_match	FALSE	down in Q157R	-0.1201	0.2084	0.08831	8.093e-7	-0.11303414180979864	0.3515467159526459	FALSE	FALSE	26	21.333333333333332	TRUE	ENSMUST00000117223.5	-0.08187785235199027	TRUE	0.06294618395905727	0.06640293279807297	0.0034567488390156997	445.83366666666666	FALSE	FALSE	1.0368898162214353	0.3036729957404716	FALSE
C	2	Bbc3	ENSMUSG00000002083.15	ESPRESSO:chr7:494:4	novel	novel_in_catalog	FALSE	down in Q157R	-0.1187	0.2258	0.1071	0.004553	-0.14294620202998914	0.28674993662459314	FALSE	TRUE	16.333333333333332	9.333333333333334	TRUE	NA	NA	NA	0.18047941456535238	0.4005605857170756	0.2200811711517232	490.33366666666666	FALSE	FALSE	0.30013697246382526	0.9136587804799592	FALSE
C	2	Ctla2a	ENSMUSG00000044258.12	ENSMUST00000225856.2	GENCODE	full-splice_match	NA	down in Q157R	-0.1178	0.2043	0.08643	2.813e-4	-0.10260786150435457	0.8418536518181106	FALSE	FALSE	18.333333333333332	11.333333333333334	TRUE	transcript12567.chr13.nic	-0.08840371928966279	TRUE	0.05865605152218834	0.04850297174634588	-0.010153079775842462	2527.2438333333334	FALSE	FALSE	0.6478087141501521	0.6058770834064511	FALSE
C	2	2900076A07Rik	ENSMUSG00000097277.10	ENSMUST00000321398.1	GENCODE	full-splice_match	NA	up in Q157R	0.1172	0.02968	0.1469	0.0465	0.12177060957936264	0.4806118950484227	FALSE	TRUE	1.3333333333333333	4.333333333333333	FALSE	ENSMUST00000321398.1	0.04055692008910722	TRUE	0.27659096775107106	0.039715686274509804	-0.23687528147656126	316.49983333333336	FALSE	FALSE	-0.571740334559624	0.800946926422799	FALSE
C	2	Huwe1	ENSMUSG00000025261.20	ESPRESSO:chrX:1990:16	novel	novel_in_catalog	FALSE	down in Q157R	-0.117	0.5818	0.4649	2.78e-5	-0.1109851866016619	0.3724287283517505	FALSE	TRUE	193.83333333333334	136.5	TRUE	NA	NA	NA	0.013051667759026693	0.005839942974636911	-0.007211724784389782	25735.333166666664	FALSE	FALSE	-0.2491259836567953	0.8305117472139495	FALSE
C	2	Ptpn12	ENSMUSG00000028771.15	ENSMUST00000030556.9	GENCODE	full-splice_match	FALSE	up in Q157R	0.116	0.5933	0.7093	0.001703	0.10588363509746757	0.5312912819437804	FALSE	FALSE	179.23333333333332	217.70000000000002	TRUE	ENSMUST00000030556.9	0.05519286555010125	TRUE	0.5516293457845916	0.27873760783160206	-0.2728917379529895	2924.8333333333335	FALSE	FALSE	-0.00675003590334368	0.9973149037518088	FALSE
C	2	Zfp809	ENSMUSG00000057982.10	ENSMUST00000215618.3	GENCODE	full-splice_match	FALSE	down in Q157R	-0.116	0.5223	0.4063	0.02985	-0.11071496139287762	0.7684076985108282	FALSE	TRUE	39.333333333333336	39.666666666666664	TRUE	ENSMUST00000215618.3	0.019550327839801512	FALSE	0.03114342285570977	0.03571144213866332	0.004568019282953549	1884.3391666666666	FALSE	FALSE	0.3909880647728384	0.7635729964145824	FALSE
C	2	Prtn3	ENSMUSG00000057729.14	ENSMUST00000006679.15	GENCODE	full-splice_match	NA	down in Q157R	-0.1157	0.5702	0.4545	2.797e-58	-0.1471222997767423	0.21794304197753137	FALSE	TRUE	1017	795.0333333333333	TRUE	ENSMUST00000006679.15	6.375445265016655e-4	FALSE	0.10726788958537067	0.06188969792473329	-0.04537819166063738	5112.2415	FALSE	FALSE	0.1636319573275345	0.9634910196227248	FALSE
C	2	Thoc2	ENSMUSG00000037475.17	ESPRESSO:chrX:532:15	novel	novel_in_catalog	FALSE	up in Q157R	0.1155	0.01613	0.1316	9.833e-13	0.14860971349627758	0.06766503061527102	FALSE	TRUE	4.383333333333334	33.10666666666667	TRUE	NA	NA	NA	0.014364416130872942	0	-0.014364416130872942	4693.666333333334	FALSE	FALSE	0.28184421103938334	0.8309451394137736	FALSE
C	2	Evl	ENSMUSG00000021262.17	ESPRESSO:chr12:1434:10	novel	novel_in_catalog	FALSE	down in Q157R	-0.1154	0.4664	0.3511	0.02485	-0.1446365319575843	0.789960072380593	FALSE	FALSE	36.20333333333333	25.616666666666667	TRUE	transcript21345.chr12.nic	-0.0924341625567594	TRUE	0.3151027544303257	0.3845622475268625	0.06945949309653682	409.50016666666664	FALSE	FALSE	0.07459589557419043	0.980377074496227	FALSE
C	2	Pip5k1b	ENSMUSG00000024867.16	ENSMUST00000025800.16	GENCODE	full-splice_match	FALSE	down in Q157R	-0.1154	0.8828	0.7674	0.04222	-0.09460540792217809	0.8570712230044042	FALSE	FALSE	89.33	40.96	TRUE	transcript9399.chr19.nic	-0.07527144610076143	TRUE	0.6599892197836581	0.8494159565588876	0.18942673677522948	613.5001666666667	FALSE	FALSE	-0.9716667396721866	0.32950970183742534	FALSE
C	2	Incenp	ENSMUSG00000024660.11	ENSMUST00000025562.10	GENCODE	full-splice_match	FALSE	up in Q157R	0.115	0.305	0.42	3.115e-12	0.142001826194045	0.12520773359247275	FALSE	TRUE	239.93333333333334	378.43333333333334	TRUE	NA	NA	NA	0	0	0	4265.000333333333	FALSE	FALSE	0.2307891441155819	0.8032079483646296	FALSE
C	2	Jup	ENSMUSG00000001552.16	ENSMUST00000524996.1	GENCODE	full-splice_match	FALSE	down in Q157R	-0.1142	0.1751	0.06088	6.369e-4	-0.1271835830060135	0.6663835531740954	FALSE	FALSE	10.913333333333334	3.216666666666667	TRUE	ENSMUST00000524996.1	-0.11853979353979353	TRUE	0	0	0	711.9998333333333	FALSE	FALSE	0.18270533429418212	0.931819109403512	FALSE
C	2	Usp19	ENSMUSG00000006676.19	ESPRESSO:chr9:1643:39	novel	novel_in_catalog	FALSE	up in Q157R	0.1141	0.1211	0.2351	4.348e-9	0.13397883604384742	0.11744135014388736	FALSE	TRUE	68.18333333333334	83.12333333333333	TRUE	NA	NA	NA	0.024142912003974264	0.0011764448480714334	-0.02296646715590283	7683.333500000001	FALSE	FALSE	-0.566370581864423	0.7348647872451898	FALSE
C	2	Rpl10a	ENSMUSG00000037805.17	ENSMUST00000042334.17	GENCODE	full-splice_match	FALSE	up in Q157R	0.114	0.465	0.5791	8.725e-5	0.10569744752009023	0.4245628922701763	FALSE	TRUE	265.96666666666664	344.8	TRUE	NA	NA	NA	0.05199814923174336	0.058229706818205156	0.0062315575864617945	9415.18	FALSE	FALSE	0.1630195587163571	0.8833554207172618	FALSE
C	2	Rnf220	ENSMUSG00000028677.21	ENSMUST00000221654.3	GENCODE	full-splice_match	FALSE	up in Q157R	0.1139	0.1432	0.2571	6.953e-10	0.06864101018190572	0.9529054893885218	FALSE	FALSE	48.22333333333333	116.11666666666667	TRUE	ENSMUST00000221654.3	0.07703094315859593	TRUE	0.2747040612764323	0.2757781750259082	0.001074113749475858	6673.665999999999	FALSE	FALSE	0.3913240252904108	0.7348647872451898	FALSE
C	2	Arl5a	ENSMUSG00000036093.9	ENSMUST00000130357.2	GENCODE	full-splice_match	NA	down in Q157R	-0.1138	0.1393	0.02548	3.453e-4	-0.10985377833099765	0.32355844044643195	FALSE	TRUE	4.666666666666667	1	FALSE	NA	NA	NA	0.0069978369583011315	0	-0.0069978369583011315	3744.1666666666665	FALSE	TRUE	1.2496101724774376	0.7664226017214184	FALSE
C	2	Usp40	ENSMUSG00000005501.16	ENSMUST00000453974.1	GENCODE	full-splice_match	FALSE	down in Q157R	-0.1134	0.1633	0.04991	2.021e-4	-0.13913668451817085	0.2113907008556673	FALSE	TRUE	16.076666666666668	5.536666666666667	TRUE	NA	NA	NA	0	0.009045827875171712	0.009045827875171712	1500.4066666666668	FALSE	FALSE	0.14189340302984266	0.9326916094134964	FALSE
C	2	Cd200r1	ENSMUSG00000022667.20	ENSMUST00000057488.16	GENCODE	full-splice_match	FALSE	down in Q157R	-0.113	0.7834	0.6704	0.04146	-0.1242191156438156	0.8326251683469925	FALSE	FALSE	53.27	45.74	TRUE	ENSMUST00000057488.16	-0.1006123020400157	TRUE	0.32174984632402925	0.2745682709014417	-0.04718157542258755	336.8306666666667	FALSE	FALSE	0.01487079846773168	0.9943208514884936	FALSE
C	2	Ndufa7	ENSMUSG00000041881.15	ESPRESSO:chr17:623:0	novel	novel_in_catalog	NA	down in Q157R	-0.1126	0.1472	0.0346	1.246e-5	-0.11192399134722962	0.01913952852581644	TRUE	TRUE	8.333333333333334	6	FALSE	NA	NA	NA	0.20380194298929838	0.23881437735926528	0.0350124343699669	849.167	FALSE	FALSE	1.8105351290033904	0.03235063795916464	TRUE
C	2	Taf4	ENSMUSG00000039117.18	ENSMUST00000227325.2	GENCODE	full-splice_match	FALSE	up in Q157R	0.1125	0.2716	0.3842	0.001786	0.22387160192140185	0.8437518758519426	FALSE	FALSE	23.593333333333334	31.173333333333332	TRUE	NA	NA	NA	0.4908601382549938	0.5719313063759203	0.08107116812092646	1930.8966666666668	TRUE	FALSE	-0.3955683421236591	0.8176060342246907	FALSE
C	2	Myc	ENSMUSG00000022346.19	ENSMUST00000022971.9	GENCODE	full-splice_match	FALSE	up in Q157R	0.1121	0.3136	0.4257	8.851e-11	0.1810446328005587	0.9818136286294952	FALSE	FALSE	1220.3333333333333	1026.0666666666666	TRUE	transcript7175.chr15.nic	0.024100514618169977	TRUE	0.1895810442899184	0	-0.1895810442899184	9288.999833333333	FALSE	FALSE	-0.48271134429713497	0.8677342064407804	FALSE
C	2	Prorsd1	ENSMUSG00000032673.7	ENSMUST00000039900.5	GENCODE	full-splice_match	FALSE	up in Q157R	0.1118	0.7625	0.8743	0.005065	0.10891404909875237	0.4021559907754139	FALSE	TRUE	102.33333333333333	89.66666666666667	TRUE	ENSMUST00000039900.5	-0.04993239190901555	FALSE	0.8282026562142187	0.8516847931527963	0.02348213693857759	237	FALSE	FALSE	-0.3952666827928146	0.7523992121913691	FALSE
C	2	Helq	ENSMUSG00000035266.18	ESPRESSO:chr5:1145:5	novel	novel_not_in_catalog	FALSE	up in Q157R	0.1117	0.02707	0.1388	0.004451	0.1220022993230172	0.5554362147480706	FALSE	TRUE	2.5933333333333333	5.203333333333333	FALSE	NA	NA	NA	0.012277660324171954	0.07034398837047427	0.058066328046302317	459.1665	TRUE	FALSE	-1.330272084728839	0.15076290213601518	FALSE
C	2	Rpl27	ENSMUSG00000063316.15	ENSMUST00000077856.14	GENCODE	full-splice_match	FALSE	up in Q157R	0.1115	0.1426	0.2541	5.282e-6	0.11392289269572752	0.16744944217218244	FALSE	TRUE	21.666666666666668	87.66666666666667	TRUE	NA	NA	NA	0.7597217067437774	0.6710773815980982	-0.08864432514567921	2602.873833333333	FALSE	FALSE	1.1042137420668354	0.2495865065909019	FALSE
C	2	Tbk1	ENSMUSG00000020115.5	ENSMUST00000020316.5	GENCODE	full-splice_match	FALSE	down in Q157R	-0.1101	0.9341	0.8241	0.003109	-0.10270892824264022	0.29265520997315164	FALSE	TRUE	115.67999999999999	19.259999999999998	TRUE	NA	NA	NA	0.5742271973218358	0.5292446838071657	-0.044982513514670086	2044.6665	FALSE	FALSE	-2.4603006940204324	0.11269860682192258	FALSE
C	2	Rbm25	ENSMUSG00000010608.17	ENSMUST00000048155.17	GENCODE	full-splice_match	FALSE	down in Q157R	-0.1098	0.6295	0.5196	3.842e-15	-0.1540254401911807	0.30663235025299485	FALSE	TRUE	675.8333333333334	617.8	TRUE	NA	NA	NA	0.046852771455905384	0	-0.046852771455905384	6237.7345	FALSE	FALSE	0.04253574174151431	0.9800523366917374	FALSE
C	2	Incenp	ENSMUSG00000024660.11	ESPRESSO:chr19:224:38	novel	novel_in_catalog	FALSE	down in Q157R	-0.1097	0.4613	0.3516	3.738e-10	-0.12383803782258584	0.2658192286463559	FALSE	FALSE	343.26666666666665	316.76666666666665	TRUE	transcript6082.chr19.nic	-0.11714856343127872	TRUE	0.400500710807464	0.43532860054932293	0.03482788974185891	4265.000333333333	FALSE	FALSE	0.2307891441155819	0.8032079483646296	FALSE
C	2	4930523C07Rik	ENSMUSG00000090394.9	ENSMUST00000191933.2	GENCODE	full-splice_match	NA	up in Q157R	0.1097	0.3764	0.4861	0.004782	0.07839312077601412	0.7684076985108282	FALSE	TRUE	55.333333333333336	73	TRUE	NA	NA	NA	0.16823399616260032	0.20821666089782098	0.03998266473522066	751.6388333333333	FALSE	FALSE	0.03705232829055673	0.980377074496227	FALSE
C	2	Zfp560	ENSMUSG00000045519.17	ENSMUST00000444420.1	GENCODE	full-splice_match	FALSE	down in Q157R	-0.1096	0.1096	0	0.03463	-0.11884865212494382	NA	FALSE	TRUE	2.4066666666666667	0	FALSE	NA	NA	NA	0.12780163807897885	0.013658585858585858	-0.11414305222039299	346.8333333333333	TRUE	FALSE	-0.11606667172340898	0.9741170415936116	FALSE
C	2	Slc20a1	ENSMUSG00000027397.16	ESPRESSO:chr2:1804:4	novel	novel_in_catalog	FALSE	up in Q157R	0.1095	0.4187	0.5282	0.002963	0.14535218156329385	0.956495139240484	FALSE	FALSE	107.33333333333333	115.43333333333334	TRUE	transcript35098.chr2.nic	0.09729484878257572	TRUE	0.1282552325710055	0.0744810181124294	-0.053774214458576094	1723.6665	FALSE	FALSE	-0.2308402927509902	0.888222258380456	FALSE
C	2	Hspe1	ENSMUSG00000073676.6	ENSMUST00000134628.2	GENCODE	full-splice_match	FALSE	down in Q157R	-0.1092	0.1596	0.05046	3.873e-9	-0.11189231174791214	0.11406961957416537	FALSE	TRUE	24.333333333333332	16.666666666666668	TRUE	NA	NA	NA	0	0.005876453488372093	0.005876453488372093	1206.1668333333334	FALSE	FALSE	1.1447390766136434	0.04897280293312311	TRUE
C	2	Sfmbt1	ENSMUSG00000006527.18	ENSMUST00000438114.1	GENCODE	full-splice_match	FALSE	down in Q157R	-0.109	0.3292	0.2202	1.323e-5	-0.12987227785588995	0.6660516913129781	FALSE	FALSE	78.45666666666666	49.43666666666667	TRUE	NA	NA	NA	0.5097889416586562	0.3324683384775703	-0.1773206031810859	1962.1666666666667	TRUE	FALSE	-0.05568112096601192	0.9741170415936116	FALSE
C	2	Lamtor2	ENSMUSG00000028062.17	ENSMUST00000145172.2	GENCODE	full-splice_match	FALSE	down in Q157R	-0.1087	0.1911	0.08236	0.001681	-0.10987925666812218	0.5801476529057118	FALSE	FALSE	16	19	TRUE	transcript10800.chr3.nic	-0.12220530591129682	TRUE	0.03895454281512879	0.012712471119735258	-0.026242071695393533	762.6668333333333	FALSE	FALSE	1.3602077816045948	0.03962279915990488	TRUE
C	2	Phactr4	ENSMUSG00000066043.15	ENSMUST00000084170.13	GENCODE	full-splice_match	FALSE	up in Q157R	0.10780000000000001	0.2204	0.3282	5.159e-5	0.09808108374076292	0.8723185636839589	FALSE	FALSE	41.61	82.36	TRUE	ENSMUST00000084170.13	0.0934623081875779	TRUE	0.1553833098462754	0.20365024686084313	0.04826693701456772	1972.667	FALSE	FALSE	0.25827015935197273	0.9236148359027816	FALSE
C	2	Nfkbil1	ENSMUSG00000042419.10	ESPRESSO:chr17:706:5	novel	novel_not_in_catalog	FALSE	down in Q157R	-0.1076	0.1351	0.02748	0.02115	-0.1295720216850297	0.3795981979663739	FALSE	TRUE	7.943333333333333	1.2366666666666666	FALSE	transcript17190.chr17.nnic	-0.03413848631239935	TRUE	0	0	0	721.6665	FALSE	FALSE	-0.48304766444775155	0.7723823480323132	FALSE
C	2	Clasp2	ENSMUSG00000033392.18	ESPRESSO:chr9:1751:24	novel	novel_in_catalog	FALSE	up in Q157R	0.1075	0.6968	0.8042	0.02358	0.10676629004656568	0.7400111215377223	FALSE	FALSE	76.02666666666667	92.44333333333333	TRUE	NA	NA	NA	0.45175738720022046	0.5837054029625349	0.13194801576231446	4211.499666666667	TRUE	FALSE	0.01869292266899924	0.9931331674321768	FALSE
C	2	Suco	ENSMUSG00000040297.14	ESPRESSO:chr1:1884:9	novel	novel_in_catalog	FALSE	up in Q157R	0.1075	0.2539	0.3614	3.961e-4	0.13261382743778638	0.9263230268651774	FALSE	FALSE	44.656666666666666	71.44	TRUE	NA	NA	NA	0.3044286851685997	0.3947149662880192	0.0902862811194195	3428.3326666666667	TRUE	FALSE	0.11593957812954345	0.9323866483560684	FALSE
C	2	Strn3	ENSMUSG00000020954.18	ENSMUST00000218212.2	GENCODE	full-splice_match	NA	down in Q157R	-0.107	0.2664	0.1593	0.009345	-0.1075808070669273	0.3644759598292574	FALSE	TRUE	41.333333333333336	22	TRUE	transcript6679.chr12.nnic	0.0014306802182035491	FALSE	0.13426729253537964	0.12498242638806988	-0.009284866147309764	2492.5	FALSE	FALSE	-0.17831047008739168	0.9106015128196532	FALSE
C	2	Gdi1	ENSMUSG00000015291.12	ENSMUST00000015435.12	GENCODE	full-splice_match	FALSE	down in Q157R	-0.1067	0.3727	0.2659	3.711e-32	-0.1153834429999568	0.44325565974610626	FALSE	FALSE	539.9	323.23333333333335	TRUE	ENSMUST00000015435.12	-0.11016636776992883	TRUE	0.12714613247962503	0.09248406099429243	-0.034662071485332596	2154.4995	FALSE	FALSE	-0.16174434943677057	0.8747138809251277	FALSE
C	2	Tasp1	ENSMUSG00000039033.13	ENSMUST00000110079.10	GENCODE	full-splice_match	FALSE	up in Q157R	0.1066	0.2424	0.349	0.001095	0.14054843521640337	0.12943008954719742	FALSE	TRUE	71.14333333333333	68.26	TRUE	NA	NA	NA	0.013603366264178558	0	-0.013603366264178558	660.667	FALSE	FALSE	-0.5534817207771185	0.5492679739773688	FALSE
C	2	Spag9	ENSMUSG00000020859.19	ESPRESSO:chr11:1446:6	novel	novel_in_catalog	FALSE	up in Q157R	0.1064	0.09801	0.2044	0.01996	0.1097720875473946	0.7458219237225943	FALSE	TRUE	6.75	13.246666666666666	TRUE	NA	NA	NA	0.126861313099987	0.16060300996476498	0.03374169686477799	4359.5	FALSE	FALSE	-0.15720482480579182	0.9337633298412096	FALSE
C	2	Cant1	ENSMUSG00000025575.16	ENSMUST00000106288.9	GENCODE	full-splice_match	FALSE	down in Q157R	-0.1063	0.4254	0.3191	4.799e-6	-0.11437803727435486	0.13895478520019372	FALSE	TRUE	145.79333333333332	99.16333333333333	TRUE	NA	NA	NA	0.012374415271425883	0	-0.012374415271425883	2199.8331666666663	FALSE	FALSE	-0.10831497546586252	0.9410674739545598	FALSE
C	2	Tmco4	ENSMUSG00000041143.18	ESPRESSO:chr4:1929:13	novel	novel_in_catalog	FALSE	down in Q157R	-0.1063	0.6343	0.5281	0.007652	-0.10222911040808293	0.5472201171727916	FALSE	FALSE	107.56666666666666	107.83333333333333	TRUE	transcript31050.chr4.nic	-0.104359227963632	TRUE	0.5434218640785002	0.6159300051556165	0.07250814107711623	1304.666	FALSE	FALSE	0.25270718407367226	0.8031806070929252	FALSE
C	2	Zfp825	ENSMUSG00000069208.11	ENSMUST00000221173.3	GENCODE	full-splice_match	FALSE	down in Q157R	-0.106	0.4541	0.3481	3.163e-6	-0.1314134844815434	0.684081509290803	FALSE	FALSE	131.93333333333334	81.92	TRUE	NA	NA	NA	0.18010266864656543	0.08354948582577054	-0.09655318282079489	439.5631666666667	TRUE	FALSE	-0.1978447778377213	0.8649089594601584	FALSE
C	2	Cnot3	ENSMUSG00000035632.18	ENSMUST00000038913.17	GENCODE	full-splice_match	FALSE	down in Q157R	-0.1057	0.4356	0.33	2.423e-10	-0.11853187620328264	0.4332895221306843	FALSE	TRUE	304.3666666666667	192.66666666666666	TRUE	NA	NA	NA	0	0	0	3224.9698333333336	FALSE	FALSE	-0.29313024878594307	0.7787684195802934	FALSE
C	2	Taf1	ENSMUSG00000031314.21	ENSMUST00000518424.1	GENCODE	full-splice_match	FALSE	up in Q157R	0.1055	0.5229	0.6284	3.966e-7	0.06521589771213199	1	FALSE	FALSE	164.23333333333332	205.96666666666667	TRUE	transcript10891.chrX.nic	0.0844225618276524	TRUE	0.051095543432499765	0.06798981773097953	0.01689427429847977	5129.1685	FALSE	FALSE	-0.06218742680985851	0.9705982741208709	FALSE
C	2	Pnkd	ENSMUSG00000026179.16	ENSMUST00000113805.9	GENCODE	full-splice_match	FALSE	up in Q157R	0.1053	0.205	0.3103	0.001243	0.10919088877331888	0.6167783170376043	FALSE	FALSE	27.666666666666668	55.333333333333336	TRUE	ENSMUST00000113805.9	0.1254087341068231	TRUE	0.31601134358469757	0.27270686817400097	-0.0433044754106966	697.8333333333333	FALSE	FALSE	0.28792619270304215	0.8580405045258431	FALSE
C	2	Ndufc1	ENSMUSG00000037152.13	ENSMUST00000145572.3	GENCODE	full-splice_match	NA	down in Q157R	-0.1051	0.1275	0.02238	6.588e-7	-0.1023544365767104	0.19701446386767	FALSE	TRUE	8.333333333333334	5.333333333333333	FALSE	transcript4934.chr3.nic	-0.1459235209235209	TRUE	0.10079567324292896	0.14688182800986535	0.046086154766936394	496.9995	FALSE	FALSE	1.9498691102492784	0.03235063795916464	TRUE
C	2	Slc20a1	ENSMUSG00000027397.16	ENSMUST00000110315.3	GENCODE	full-splice_match	FALSE	up in Q157R	0.105	0.1711	0.2761	9.24e-6	0.1235905854851378	0.945132333836426	FALSE	TRUE	43.18666666666667	63.24333333333333	TRUE	NA	NA	NA	0.10388491201882083	0.051696009389671366	-0.052188902629149464	1723.6665	FALSE	FALSE	-0.2308402927509902	0.888222258380456	FALSE
C	2	Ssbp2	ENSMUSG00000003992.17	ENSMUST00000004094.16	GENCODE	full-splice_match	FALSE	down in Q157R	-0.1045	0.659	0.5546	1.288e-16	-0.10370236546430144	0.21975787284639436	FALSE	TRUE	680.6333333333333	636.2	TRUE	NA	NA	NA	0	0	0	2702.167	FALSE	FALSE	0.1410590817783587	0.9136587804799592	FALSE
C	2	Trappc13	ENSMUSG00000021711.19	ENSMUST00000144060.9	GENCODE	full-splice_match	FALSE	up in Q157R	0.1045	0.2435	0.348	4.339e-27	0.10815395870333108	0.39855344179486296	FALSE	TRUE	235.53333333333333	470.26666666666665	TRUE	NA	NA	NA	0.05425571841558046	0.03009994003019946	-0.024155778385381	2003.5271666666667	FALSE	FALSE	0.31038341658449525	0.8032079483646296	FALSE
C	2	Cuta	ENSMUSG00000024194.18	ENSMUST00000025027.11	GENCODE	full-splice_match	FALSE	up in Q157R	0.104	0.1164	0.2203	0.01464	0.121568480525082	0.2716641633024458	FALSE	TRUE	13	32.25666666666667	TRUE	NA	NA	NA	0	0.011322325312060214	0.011322325312060214	1142.7843333333333	FALSE	FALSE	0.4868822303561219	0.7109417553526801	FALSE
C	2	Zcwpw1	ENSMUSG00000037108.15	ENSMUST00000035852.15	GENCODE	full-splice_match	FALSE	down in Q157R	-0.1039	0.6147	0.5108	0.04198	-0.1222513800003372	0.7327314845159798	FALSE	FALSE	63.71666666666667	40.97666666666667	TRUE	ENSMUST00000035852.15	-0.10634953677255354	TRUE	0.5665944466312354	0.6806089226536	0.11401447602236459	316.66683333333333	FALSE	FALSE	-0.3373960679925457	0.8439061644673073	FALSE
C	2	Trappc13	ENSMUSG00000021711.19	ENSMUST00000022224.17	GENCODE	full-splice_match	FALSE	down in Q157R	-0.1035	0.2619	0.1584	1.066e-31	-0.10824342328436244	0.21993099030159172	FALSE	TRUE	262.26666666666665	186.3	TRUE	NA	NA	NA	0.005560849254926486	0.02942381837253692	0.023862969117610433	2003.5271666666667	FALSE	FALSE	0.31038341658449525	0.8032079483646296	FALSE
C	2	Ndufa12	ENSMUSG00000020022.19	ENSMUST00000020209.17	GENCODE	full-splice_match	FALSE	up in Q157R	0.1033	0.3139	0.4172	1.272e-4	0.09805460339473744	0.4673647165617035	FALSE	TRUE	94.27	240.5	TRUE	NA	NA	NA	0.908211325253341	0.9642562133943051	0.05604488814096409	1058.1664999999998	NA	NA	0.949189792134324	0.12463657809336973	FALSE
C	2	Ndufa12	ENSMUSG00000020022.19	ENSMUST00000179990.9	GENCODE	full-splice_match	FALSE	up in Q157R	0.1033	0.3139	0.4172	1.272e-4	0.09805460339473744	0.4673647165617035	FALSE	TRUE	94.27	240.5	TRUE	NA	NA	NA	NA	NA	NA	NA	NA	NA	0.949189792134324	0.12463657809336973	FALSE
C	2	Prxl2a	ENSMUSG00000021792.17	ENSMUST00000118466.9	GENCODE	full-splice_match	FALSE	down in Q157R	-0.1032	0.3717	0.2685	5.442e-5	-0.10592752365623936	0.3709769878972748	FALSE	TRUE	137.79999999999998	89.73333333333333	TRUE	NA	NA	NA	0.08542754053452409	0.1723067484722741	0.08687920793775	507.5	FALSE	FALSE	-0.211421800905523	0.9198664685694016	FALSE
C	2	Zfp825	ENSMUSG00000069208.11	ENSMUST00000202645.5	GENCODE	full-splice_match	FALSE	up in Q157R	0.103	0.3667	0.4696	4.186e-6	0.13141348448154333	0.684081509290803	FALSE	FALSE	97.16666666666667	118.47666666666666	TRUE	NA	NA	NA	0	0.10411913093030538	0.10411913093030538	439.5631666666667	TRUE	FALSE	-0.1978447778377213	0.8649089594601584	FALSE
C	2	Vgll4	ENSMUSG00000030315.16	ENSMUST00000204693.2	GENCODE	full-splice_match	NA	down in Q157R	-0.1026	0.4	0.2974	2.901e-6	-0.1059769656100472	0.7529959518989221	FALSE	FALSE	138	92	TRUE	transcript21459.chr6.nnic	-0.014150601447102784	TRUE	0.09530086574342668	0.05694162572103539	-0.03835924002239129	2917.1666666666665	FALSE	FALSE	-0.10610976552995442	0.935884833487098	FALSE
C	2	Tlk2	ENSMUSG00000020694.19	ENSMUST00000106941.10	GENCODE	full-splice_match	FALSE	down in Q157R	-0.102	0.5822	0.4802	0.002663	-0.10038738123865644	0.8987569185178262	FALSE	TRUE	132.26666666666665	149.10666666666665	TRUE	ENSMUST00000106941.10	0.07104580328252097	FALSE	0.01602196461090769	0	-0.01602196461090769	2796.9266666666667	FALSE	FALSE	0.3842311132709316	0.7646426582269945	FALSE
C	2	Stag2	ENSMUSG00000025862.16	ENSMUST00000115072.9	GENCODE	full-splice_match	FALSE	up in Q157R	0.1014	0.1086	0.21	0.004177	0.1338574571903396	0.4894553060245405	FALSE	TRUE	20.04	38.269999999999996	TRUE	NA	NA	NA	0.03459879884633276	0.03894223450654844	0.00434343566021568	9749.833	FALSE	FALSE	0.13863968147741396	0.9198664685694016	FALSE
C	2	Snrpe	ENSMUSG00000090553.10	ENSMUST00000164096.3	GENCODE	full-splice_match	FALSE	down in Q157R	-0.1006	0.1473	0.04667	2.899e-4	-0.10557802825070033	0.16629085189566856	FALSE	TRUE	10.333333333333334	8	TRUE	NA	NA	NA	0.04709122106484379	0.023085097426108234	-0.024006123638735558	1380.6666666666667	FALSE	FALSE	1.391138365060887	0.07021668187213959	FALSE
C	2	Pgap6	ENSMUSG00000024180.16	ENSMUST00000128597.4	GENCODE	full-splice_match	FALSE	down in Q157R	-0.1004	0.3826	0.2822	0.01167	-0.17675173218631526	0.8437518758519426	FALSE	FALSE	17.5	6.856666666666667	TRUE	ENSMUST00000128597.4	-0.039766081871345026	TRUE	0.11534257448424007	0.33560707798740175	0.22026450350316168	664.6666666666667	FALSE	FALSE	-0.4057440167113449	0.9201156332110032	FALSE
C	2	Ccdc82	ENSMUSG00000079084.14	ENSMUST00000217444.5	GENCODE	full-splice_match	FALSE	down in Q157R	-0.1001	0.4113	0.3113	0.004848	-0.08129381661271484	0.7828413968535324	FALSE	TRUE	136.56666666666666	98.23333333333333	TRUE	NA	NA	NA	0.12296098231724735	0.14933400076583425	0.026373018448586902	2091.5486666666666	FALSE	FALSE	-0.15724720858877922	0.937527912106792	FALSE
C	2	Atp5pf	ENSMUSG00000022890.15	ENSMUST00000023608.15	GENCODE	full-splice_match	FALSE	down in Q157R	-0.09983	0.2885	0.1887	1.119e-5	-0.1528579464757838	0.02179412790498423	FALSE	TRUE	69.71000000000001	100.22333333333333	TRUE	NA	NA	NA	0	0	0	2075.9651666666664	FALSE	FALSE	1.1294862095425648	0.0613743587896079	FALSE
C	2	Rpl37	ENSMUSG00000041841.10	ENSMUST00000227111.2	GENCODE	full-splice_match	NA	down in Q157R	-0.09932	0.1169	0.0176	3.389e-7	-0.10366225914353688	6.131429612798654e-4	FALSE	TRUE	9	5	FALSE	transcript191.chr15.nic	-0.16612528653061923	TRUE	0.002163969879983365	0	-0.002163969879983365	7191.098666666667	FALSE	FALSE	1.753980083155995	0.0243964110676471	TRUE
C	2	Rpl37	ENSMUSG00000041841.10	ENSMUST00000227674.2	GENCODE	full-splice_match	NA	down in Q157R	-0.09932	0.1169	0.0176	3.389e-7	-0.10366226006816424	6.131429612798654e-4	FALSE	TRUE	9	5	FALSE	transcript191.chr15.nic	-0.16612528653061923	TRUE	0	0	0	7191.098666666667	FALSE	FALSE	1.753980083155995	0.0243964110676471	TRUE
C	2	Tmem39a	ENSMUSG00000002845.16	ENSMUST00000441796.1	GENCODE	full-splice_match	FALSE	up in Q157R	0.09581	0.03792	0.1337	1.416e-15	0.10969386523662228	0.01565427171337302	FALSE	TRUE	13.833333333333334	45.61666666666667	TRUE	NA	NA	NA	0	0	0	961.1665	FALSE	FALSE	-0.2537080621863349	0.9260354800061285	FALSE
C	2	U2surp	ENSMUSG00000032407.16	ENSMUST00000530434.1	GENCODE	full-splice_match	FALSE	up in Q157R	0.09362	0.1342	0.2278	1.259e-50	0.10058055894862494	0.0010894406680487	FALSE	TRUE	313.56666666666666	582.8333333333334	TRUE	NA	NA	NA	0.0886249458523202	0.02074198717948718	-0.06788295867283302	5654.000166666667	FALSE	FALSE	0.07214115621572884	0.959649699976039	FALSE
C	2	Pcyt2	ENSMUSG00000025137.17	ENSMUST00000106188.5	GENCODE	full-splice_match	FALSE	up in Q157R	0.08337	0.182	0.2654	4.024e-12	0.10414164918767096	0.03550892978049402	FALSE	TRUE	171.66666666666666	250.76666666666665	TRUE	NA	NA	NA	0	0	0	1336	FALSE	FALSE	-0.04101494085173343	0.9741170415936116	FALSE
C	1	Carmil1	ENSMUSG00000021338.19	ESPRESSO:chr13:416:0	novel	novel_not_in_catalog	FALSE	up in Q157R	0.6444	0.3556	1	0.02262	NA	NA	FALSE	TRUE	2	2.3333333333333335	FALSE	NA	NA	NA	1	0.9711173708920188	-0.028882629107981228	136.83333333333334	FALSE	FALSE	NA	NA	FALSE
C	1	Gm37240	ENSMUSG00000102805.6	ESPRESSO:chr3:869:12	novel	novel_in_catalog	FALSE	down in Q157R	-0.5385	0.5385	0	0.01534	NA	NA	FALSE	TRUE	4.486666666666666	0	FALSE	NA	NA	NA	0	0.04582042860216723	0.04582042860216723	1386.8331666666668	FALSE	FALSE	NA	NA	FALSE
C	1	Cabyr	ENSMUSG00000024430.16	ENSMUST00000426677.1	GENCODE	full-splice_match	FALSE	up in Q157R	0.5167	0.1917	0.7083	0.008062	NA	NA	FALSE	TRUE	1.6666666666666667	5	FALSE	transcript2458.chr18.nic	NA	NA	0.022949999999999998	0.024807017543859652	0.0018570175438596542	28.5	FALSE	FALSE	NA	NA	FALSE
C	1	Tagap1	ENSMUSG00000052031.10	ENSMUST00000449942.1	GENCODE	full-splice_match	FALSE	down in Q157R	-0.4924	0.9368	0.4444	0.00166	-0.4106534855256988	0.6285706538362066	FALSE	FALSE	19.293333333333333	8.11	TRUE	NA	NA	NA	0.10984235829311359	0.12124652916166728	0.011404170868553692	1250.4071666666666	FALSE	FALSE	-0.5998298117341215	0.7543599413497823	FALSE
C	1	Samd13	ENSMUSG00000048652.14	ESPRESSO:chr3:1895:5	novel	fusion	NA	up in Q157R	0.4777	0.08062	0.5583	0.02902	NA	NA	FALSE	FALSE	1.1666666666666667	2.6	FALSE	NA	NA	NA	0.19840502502502505	0.6477003319108582	0.44929530688583313	34.666666666666664	TRUE	FALSE	NA	NA	FALSE
C	1	Gm28417	ENSMUSG00000100280.5	ENSMUST00000357564.1	GENCODE	full-splice_match	NA	down in Q157R	-0.4556	0.4556	0	0.0381	NA	NA	FALSE	TRUE	1.6666666666666667	0	FALSE	NA	NA	NA	0	0	0	325.17583333333334	FALSE	FALSE	NA	NA	FALSE
C	1	Ppp1r12b	ENSMUSG00000073557.14	ESPRESSO:chr1:1559:4	novel	novel_in_catalog	TRUE	down in Q157R	-0.45	0.5281	0.07814	5.165e-7	-0.4876443998281164	0.21975787284639436	FALSE	FALSE	10.386666666666667	1.2133333333333334	TRUE	NA	NA	NA	0.5188727686056509	0.5844707509221321	0.06559798231648117	676.0001666666667	FALSE	FALSE	-0.16393113044687105	0.9513534859616952	FALSE
C	1	Gm42878	ENSMUSG00000105340.6	ESPRESSO:chr5:1569:30	novel	novel_in_catalog	FALSE	up in Q157R	0.4264	0.1971	0.6235	0.03358	0.07148578467761266	0.4435726249031905	FALSE	TRUE	1.3733333333333333	3.9833333333333334	FALSE	NA	NA	NA	0.11848403678677666	0.12640919814071794	0.007925161353941279	924.2505	FALSE	FALSE	NA	NA	FALSE
C	1	Insr	ENSMUSG00000005534.12	ENSMUST00000207295.2	GENCODE	full-splice_match	NA	down in Q157R	-0.407	0.5059	0.0989	0.0126	-0.3506351959293623	0.15801350484540744	FALSE	TRUE	6.666666666666667	1.3333333333333333	FALSE	NA	NA	NA	0.059565305791846095	0.03835841097640644	-0.021206894815439657	3418.3333333333335	FALSE	FALSE	-0.2546113024062979	0.9267784003715271	FALSE
C	1	St6galnac3	ENSMUSG00000052544.11	ESPRESSO:chr3:1964:5	novel	novel_not_in_catalog	TRUE	down in Q157R	-0.3825	0.5995	0.217	8.188e-6	-0.4703607597086692	0.5170807648778554	FALSE	FALSE	41.11	27.55666666666667	TRUE	NA	NA	NA	0	0.27356363636363634	0.27356363636363634	335.27183333333335	FALSE	FALSE	0.4078595174799152	0.8560254219252563	FALSE
C	1	Nlrc5	ENSMUSG00000074151.15	ESPRESSO:chr8:1224:19	novel	novel_in_catalog	FALSE	up in Q157R	0.3813	0.04439	0.4257	1.463e-13	0.38258416140353446	0.21993099030159172	FALSE	FALSE	4.83	36.42666666666667	TRUE	NA	NA	NA	0.2159657243526606	0.0923777107086966	-0.12358801364396399	3869.6665000000003	FALSE	FALSE	0.37707869243953623	0.8698020273360699	FALSE
C	1	Map3k2	ENSMUSG00000024383.11	ENSMUST00000234576.2	GENCODE	full-splice_match	NA	up in Q157R	0.3803	0.1161	0.4964	0.008084	0.3500881328437454	0.11406961957416537	FALSE	TRUE	1.6666666666666667	6.333333333333333	FALSE	NA	NA	NA	0.03315608453618625	0.015996986898684878	-0.017159097637501373	2951.167	FALSE	FALSE	-0.17302331808948784	0.9537433244374288	FALSE
C	1	Etfbl	ENSMUSG00000107482.3	ESPRESSO:chr7:1370:14	novel	novel_in_catalog	TRUE	down in Q157R	-0.3669	0.6228	0.2559	0.02339	NA	NA	FALSE	TRUE	7.236666666666666	4.976666666666667	FALSE	NA	NA	NA	0.007136058836253515	0.009889252695962664	0.0027531938597091486	2837.6665000000003	FALSE	FALSE	NA	NA	FALSE
C	1	Pcnx3	ENSMUSG00000054874.14	ENSMUST00000554059.1	GENCODE	full-splice_match	FALSE	up in Q157R	0.3601	0.1202	0.4802	2.957e-32	0.29079068963641996	0.44307787162851425	FALSE	FALSE	15.11	68.83	TRUE	NA	NA	NA	0.4158322177051352	0.44562216211440314	0.029789944409267965	5122.999833333333	FALSE	FALSE	-0.04419387169207742	0.980377074496227	FALSE
C	1	Dip2a	ENSMUSG00000020231.17	ENSMUST00000036033.15	GENCODE	full-splice_match	FALSE	up in Q157R	0.3513	0.3778	0.7292	0.02281	0.4314192750808513	0.5404548825604443	FALSE	FALSE	6.723333333333334	12.583333333333334	TRUE	NA	NA	NA	0.8238548706274879	0.52079070830163	-0.30306416232585787	658.0001666666667	FALSE	FALSE	0.00460963684712008	0.9986928089993516	FALSE
C	1	Inppl1	ENSMUSG00000032737.15	ENSMUST00000165052.9	GENCODE	full-splice_match	FALSE	down in Q157R	-0.3413	0.4247	0.08333	0.0358	-0.2922137662892329	0.7739373130849836	FALSE	FALSE	5.766666666666667	0.75	FALSE	ENSMUST00000165052.9	-0.023504273504273504	TRUE	0.24957971014492752	0.5030579743500206	0.2534782642050931	567	FALSE	FALSE	-0.5428032985579436	0.8142198648331771	FALSE
C	1	Macrod2	ENSMUSG00000068205.16	ENSMUST00000043836.8	GENCODE	full-splice_match	FALSE	up in Q157R	0.3253	0.4547	0.78	1.323e-9	0.4342538310737217	0.06524473398207407	FALSE	FALSE	29.333333333333332	36	TRUE	NA	NA	NA	0.31338169112508735	0.1653780008729812	-0.14800369025210613	75.5	FALSE	FALSE	-0.5307696038580165	0.6813364917740855	FALSE
C	1	Zfp939	ENSMUSG00000121502.2	ENSMUST00000244123.1	GENCODE	full-splice_match	TRUE	up in Q157R	0.322	0.04714	0.3691	0.01675	0.4402542359951568	0.25209213989220075	FALSE	TRUE	0.8333333333333334	5.6	FALSE	NA	NA	NA	0.16202242872463749	0.08604592694288371	-0.07597650178175377	121.75450000000001	FALSE	FALSE	0.04804226317285686	0.9875521271670148	FALSE
C	1	Dock9	ENSMUSG00000025558.21	ESPRESSO:chr14:1737:9	novel	novel_not_in_catalog	FALSE	down in Q157R	-0.3206	0.6703	0.3497	3.102e-6	-0.3817371015822052	0.45152309454305745	FALSE	FALSE	35.72	19.560000000000002	TRUE	transcript21301.chr14.nnic	0.03267380836855466	FALSE	0.30612467498550155	0.2754974042492455	-0.03062727073625604	2202.333166666667	FALSE	FALSE	0.02665480945848098	0.9906360880833506	FALSE
C	1	Acot11	ENSMUSG00000034853.18	ENSMUST00000102762.11	GENCODE	full-splice_match	FALSE	down in Q157R	-0.3155	0.4821	0.1667	0.01524	-0.3678589023468776	0.4543639012711278	FALSE	FALSE	6.3533333333333335	2.1666666666666665	FALSE	transcript15219.chr4.nic	-0.07694385992258333	TRUE	0.08943687018375816	0.05901703940362087	-0.03041983078013729	1201.6665	FALSE	FALSE	0.3346647380017724	0.906309188189705	FALSE
C	1	Nr4a2	ENSMUSG00000026826.15	ENSMUST00000542152.1	GENCODE	full-splice_match	FALSE	up in Q157R	0.3102	0.1582	0.4684	0.04494	0.30298065102891825	0.8067896470480899	FALSE	TRUE	1.1666666666666667	5.783333333333333	FALSE	NA	NA	NA	0.07658745456362218	0.07854454454454454	0.0019570899809223663	285	FALSE	FALSE	NA	NA	FALSE
C	1	Septin10	ENSMUSG00000019917.12	ENSMUST00000432338.1	GENCODE	full-splice_match	FALSE	up in Q157R	0.2989	0	0.2989	0.02548	0.2517635822553021	NA	FALSE	TRUE	0	2.0366666666666666	FALSE	transcript8594.chr10.nic	NA	NA	0.40918635170603673	NA	NA	57.166666666666664	NA	NA	NA	NA	FALSE
C	1	Nnt	ENSMUSG00000025453.20	ENSMUST00000099149.11	GENCODE	full-splice_match	FALSE	down in Q157R	-0.2925	0.6662	0.3737	2.782e-23	-0.29686976694115225	0.8621889044543599	FALSE	FALSE	274.8333333333333	225.71	TRUE	transcript25413.chr13.nic	0.044251966914400365	FALSE	0.09758438073278992	0.13072598523269796	0.03314160449990804	3106.666333333333	FALSE	FALSE	0.2770338162369759	0.8649089594601584	FALSE
C	1	Urb2	ENSMUSG00000031976.16	ENSMUST00000430948.1	GENCODE	full-splice_match	FALSE	down in Q157R	-0.2865	0.6199	0.3333	5.159e-5	-0.3528677293926823	0.5305133965607918	FALSE	FALSE	36.513333333333335	7.933333333333334	TRUE	NA	NA	NA	0.011107076747828563	0.05835527426110258	0.04724819751327402	3231.9998333333333	FALSE	FALSE	-1.1683334823641065	0.1445467222209025	FALSE
C	1	Urb2	ENSMUSG00000031976.16	ENSMUST00000430949.1	GENCODE	full-splice_match	FALSE	up in Q157R	0.2833	0.2917	0.5751	2.235e-5	0.3289139593825684	0.6521834610388872	FALSE	FALSE	15.486666666666666	15.476666666666667	TRUE	transcript29179.chr8.nic	-0.04929342687963373	FALSE	0.33124655856603946	0.34330202450122327	0.012055465935183807	3231.9998333333333	FALSE	FALSE	-1.1683334823641065	0.1445467222209025	FALSE
C	1	Dock9	ENSMUSG00000025558.21	ESPRESSO:chr14:1737:12	novel	novel_in_catalog	FALSE	up in Q157R	0.2792	0.234	0.5132	2.807e-5	0.3817371015822052	0.45152309454305745	FALSE	FALSE	15.66	32.16	TRUE	NA	NA	NA	0.020825877772232652	0.014969141346595558	-0.0058567364256370946	2202.333166666667	FALSE	FALSE	0.02665480945848098	0.9906360880833506	FALSE
C	1	Gm4189	ENSMUSG00000092384.10	ESPRESSO:chr10:1717:18	novel	fusion	TRUE	up in Q157R	0.279	0.05243	0.3314	0.007832	NA	NA	FALSE	TRUE	0.7466666666666667	4.22	FALSE	NA	NA	NA	0.003657747942003573	0	-0.003657747942003573	3243.0009999999997	FALSE	FALSE	NA	NA	FALSE
C	1	Nbeal2	ENSMUSG00000056724.17	ENSMUST00000527883.1	GENCODE	full-splice_match	FALSE	down in Q157R	-0.2708	0.6569	0.3861	1.089e-42	-0.5960768812048549	0.4773372106151962	FALSE	FALSE	104.56666666666668	57.96333333333333	TRUE	ENSMUST00000527883.1	NA	NA	0.5981146246266572	0.7504485172010943	0.15233389257443708	7630.8335	FALSE	FALSE	0.33815114192450846	0.8631348862610576	FALSE
C	1	Nbeal2	ENSMUSG00000056724.17	ENSMUST00000167320.9	GENCODE	full-splice_match	FALSE	up in Q157R	0.2706	0.3333	0.604	7.048e-44	0.5960768812048549	0.4773372106151962	FALSE	FALSE	17	94.96333333333334	TRUE	ENSMUST00000167320.9	NA	NA	0.3600463911185538	0.22653808397856856	-0.13350830713998524	7630.8335	FALSE	FALSE	0.33815114192450846	0.8631348862610576	FALSE
C	1	Sox6	ENSMUSG00000051910.15	ENSMUST00000166207.4	GENCODE	full-splice_match	FALSE	up in Q157R	0.2682	0.04697	0.3152	0.01593	0.2793128627984292	0.2805984208246835	FALSE	TRUE	0.37666666666666665	5.696666666666667	FALSE	NA	NA	NA	0.039774300638947824	0.05249699333658378	0.012722692697635957	1826.6666666666667	FALSE	FALSE	0.7157198878630252	0.7523288819366841	FALSE
C	1	Ccdc167	ENSMUSG00000024018.20	ENSMUST00000128751.3	GENCODE	full-splice_match	FALSE	up in Q157R	0.2639	0.2271	0.491	1.929e-5	0.28295452804419385	0.14107070256091486	FALSE	FALSE	12.47	30.436666666666667	TRUE	ENSMUST00000128751.3	-0.12996632996633	FALSE	0.08883172499915773	0.08880876100339431	-2.296399576341701e-5	1102.0925	FALSE	FALSE	0.13245237366104778	0.942682747591764	FALSE
C	1	Fgfr1	ENSMUSG00000031565.21	ENSMUST00000084027.14	GENCODE	full-splice_match	FALSE	up in Q157R	0.2626	0	0.2626	0.004425	0.3547976057717321	NA	FALSE	TRUE	0	2.98	FALSE	NA	NA	NA	0.21168544800716577	0.0998061041292639	-0.11187934387790187	573.5005	FALSE	FALSE	-0.0130116487725676	0.9970761413245012	FALSE
C	1	Bod1l	ENSMUSG00000061755.12	ENSMUST00000493872.1	GENCODE	full-splice_match	FALSE	up in Q157R	0.2626	0.2898	0.5524	1.213e-9	0.2311256417801595	0.6366735983305427	FALSE	FALSE	26.13	42.93333333333333	TRUE	NA	NA	NA	0.058919381533017214	0.039440366504761945	-0.01947901502825527	3860.6666666666665	FALSE	FALSE	-0.3133183107070686	0.8756666761273322	FALSE
C	1	Ptpru	ENSMUSG00000028909.19	ENSMUST00000105987.10	GENCODE	full-splice_match	FALSE	up in Q157R	0.2568	0.2347	0.4915	0.04739	0.24180288534915773	0.7961643990060853	FALSE	FALSE	8.53	15.2	TRUE	NA	NA	NA	0.3333333333333333	0	-0.3333333333333333	106.5	FALSE	FALSE	0.05487327651484994	0.9866711711470252	FALSE
C	1	Cramp1	ENSMUSG00000038002.11	ENSMUST00000233774.3	GENCODE	full-splice_match	FALSE	down in Q157R	-0.2518	0.7443	0.4925	0.001559	-0.2741416627286992	0.7684076985108282	FALSE	FALSE	37.27666666666667	24.28	TRUE	NA	NA	NA	0.4099739203635949	0.48455858530728124	0.07458466494368632	3481.5	FALSE	FALSE	-0.0630648360813532	0.9811723309647415	FALSE
C	1	Cd163	ENSMUSG00000008845.11	ESPRESSO:chr6:1814:23	novel	novel_not_in_catalog	FALSE	down in Q157R	-0.251	0.3565	0.1055	1.223e-10	-0.2763024430043419	0.7097256043709467	FALSE	FALSE	23.333333333333332	8.333333333333334	TRUE	NA	NA	NA	0.11871544715447153	0.3209633333333333	0.2022478861788618	86.66666666666667	FALSE	FALSE	0.4851750692533829	0.7027162003185177	FALSE
C	1	Helq	ENSMUSG00000035266.18	ENSMUST00000044684.15	GENCODE	full-splice_match	FALSE	down in Q157R	-0.2468	0.4908	0.244	4.869e-4	-0.3161291491062572	0.1051550321879888	FALSE	FALSE	44.916666666666664	9.77	TRUE	NA	NA	NA	0	0	0	459.1665	FALSE	FALSE	-1.330272084728839	0.15076290213601518	FALSE
C	1	Kmt2c	ENSMUSG00000038056.17	ESPRESSO:chr5:215:9	novel	novel_in_catalog	FALSE	down in Q157R	-0.2419	0.4818	0.2399	3.025e-10	-0.3561673692468178	0.3149814767074653	FALSE	FALSE	55.88666666666666	23.666666666666668	TRUE	NA	NA	NA	0.28106807044307647	0.31250298967550005	0.031434919232423586	9108.667166666668	FALSE	FALSE	-0.11932062545550856	0.9370630461084106	FALSE
C	1	Pcnx3	ENSMUSG00000054874.14	ENSMUST00000113615.10	GENCODE	full-splice_match	FALSE	down in Q157R	-0.235	0.4407	0.2057	6.19e-15	-0.03750713929602659	1	FALSE	FALSE	59.43666666666667	23.94	TRUE	NA	NA	NA	0.12218022604711708	0.07449815431952451	-0.04768207172759256	5122.999833333333	FALSE	FALSE	-0.04419387169207742	0.980377074496227	FALSE
C	1	Kmt2c	ENSMUSG00000038056.17	ENSMUST00000174734.8	GENCODE	full-splice_match	FALSE	up in Q157R	0.2242	0.2497	0.4738	6.807e-9	0.3706245930660534	0.40459744963172983	FALSE	FALSE	29.886666666666667	54.08	TRUE	NA	NA	NA	0.09862926608266133	0.12931617818541236	0.030686912102751027	9108.667166666668	FALSE	FALSE	-0.11932062545550856	0.9370630461084106	FALSE
C	1	Arid1a	ENSMUSG00000007880.18	ENSMUST00000145664.9	GENCODE	full-splice_match	FALSE	down in Q157R	-0.2219	0.5229	0.301	1.776e-26	-0.38272934580062734	0.38261333708771333	FALSE	FALSE	168.76666666666665	112.36666666666666	TRUE	NA	NA	NA	0.9910248836154257	0.9932762574843903	0.002251373868964568	19416.499833333335	FALSE	FALSE	0.26875021176180297	0.7552347529608956	FALSE
C	1	Myo6	ENSMUSG00000033577.20	ESPRESSO:chr9:1240:2	novel	novel_in_catalog	FALSE	down in Q157R	-0.22	0.6874	0.4674	0.001073	-0.38654531083003063	0.4245235805748187	FALSE	FALSE	9.153333333333332	5.49	FALSE	NA	NA	NA	0.4248687236899442	0.35217424828656774	-0.07269447540337648	467.16700000000003	TRUE	FALSE	0.5383109549938812	0.9039266442086666	FALSE
C	1	Vps54	ENSMUSG00000020128.17	ENSMUST00000109578.9	GENCODE	full-splice_match	FALSE	down in Q157R	-0.2199	0.4611	0.2412	3.801e-5	NA	NA	FALSE	FALSE	40.36	23.933333333333334	TRUE	NA	NA	NA	0.005755214050493962	0	-0.005755214050493962	2235.1666666666665	FALSE	FALSE	0.27897514214537467	0.8176060342246907	FALSE
C	1	Ercc6	ENSMUSG00000054051.9	ENSMUST00000383643.1	GENCODE	full-splice_match	FALSE	down in Q157R	-0.2198	0.2975	0.07778	0.03524	NA	NA	FALSE	FALSE	11.93	2.3333333333333335	TRUE	NA	NA	NA	0.2622955895284706	0.4517305243072579	0.1894349347787873	2003.3331666666668	FALSE	FALSE	-0.7624127967598882	0.7664226017214184	FALSE
C	1	Gm28551	ENSMUSG00000099913.2	ESPRESSO:chr1:564:4	novel	novel_not_in_catalog	FALSE	down in Q157R	-0.2165	0.3012	0.08471	0.02706	NA	NA	FALSE	TRUE	5.223333333333334	1.3333333333333333	FALSE	NA	NA	NA	0	0.014011481814380293	0.014011481814380293	2073.833333333333	FALSE	FALSE	NA	NA	FALSE
C	1	Ahdc1	ENSMUSG00000037692.16	ENSMUST00000463973.1	GENCODE	full-splice_match	FALSE	down in Q157R	-0.2154	0.4916	0.2762	2.505e-4	-0.27177824575200193	0.9292270150067452	FALSE	FALSE	15.266666666666667	5.95	TRUE	NA	NA	NA	0.5827727009382526	0.5930957204883124	0.010323019550059764	3837.8333333333335	FALSE	FALSE	0.04003270505811861	0.990151821230636	FALSE
C	1	Gm61823	ENSMUSG00000133344.1	ESPRESSO:chrX:1235:0	novel	novel_not_in_catalog	NA	down in Q157R	-0.215	0.2507	0.03571	0.009942	-0.2180780315455687	0.12842033466691843	FALSE	FALSE	4.556666666666667	1	FALSE	transcript9909.chrX.nnic	-0.2388888888888889	TRUE	0.17311779448621553	0.3746567901234568	0.20153899563724129	99	FALSE	FALSE	0.35050232747582677	0.9123144083285212	FALSE
C	1	Mterf3	ENSMUSG00000021519.13	ENSMUST00000174011.8	GENCODE	full-splice_match	FALSE	up in Q157R	0.2138	0.03129	0.2451	1.15e-5	0.16174379025700106	0.05272680298562253	FALSE	TRUE	6.9	7.333333333333333	FALSE	NA	NA	NA	0.16961033246022747	0.13589314783797812	-0.03371718462224935	680.046	FALSE	FALSE	-2.330148117874458	0.04541843956698127	TRUE
C	1	Lnpep	ENSMUSG00000023845.8	ENSMUST00000041047.4	GENCODE	full-splice_match	FALSE	down in Q157R	-0.2122	0.7205	0.5083	0.01008	-0.18811582080836664	0.7282857936115579	FALSE	FALSE	55.833333333333336	32.443333333333335	TRUE	NA	NA	NA	0.9598229907514941	0.9692035222295607	0.009380531478066612	15501.1665	FALSE	FALSE	-0.4112921501564486	0.8053910690833652	FALSE
C	1	Sh3d19	ENSMUSG00000028082.16	ENSMUST00000238443.2	GENCODE	full-splice_match	FALSE	up in Q157R	0.2115	0.2564	0.4679	1.718e-4	0.3026158140186999	0.5422187449644817	FALSE	FALSE	12.950000000000001	27.76666666666667	TRUE	transcript9199.chr3.nic	-0.04015355526368869	FALSE	0.4992188094277316	0.5249059779572517	0.025687168529520077	398.66650000000004	FALSE	FALSE	0.04138053788018996	0.9821365298317366	FALSE
C	1	Kidins220	ENSMUSG00000036333.13	ESPRESSO:chr12:339:4	novel	novel_in_catalog	FALSE	down in Q157R	-0.21	0.3451	0.1351	1.026e-7	-0.24588036705536911	0.4386832273818918	FALSE	FALSE	34.629999999999995	18.836666666666666	TRUE	NA	NA	NA	0.30417794643938467	0.37452863463810726	0.07035068819872259	5858.833	FALSE	FALSE	0.34680767439425	0.8416112509759321	FALSE
C	1	Dnaaf8	ENSMUSG00000022543.13	ENSMUST00000229669.3	GENCODE	full-splice_match	TRUE	down in Q157R	-0.2065	0.2065	0	0.04334	-0.4494831379518162	NA	FALSE	TRUE	2.8	0	FALSE	NA	NA	NA	0.11035291461716451	0.2599294117647059	0.1495764971475414	83.33316666666667	FALSE	FALSE	-0.6770806111314807	0.8073567026171939	FALSE
C	1	Ubn2	ENSMUSG00000038538.19	ENSMUST00000434372.1	GENCODE	full-splice_match	FALSE	down in Q157R	-0.2049	0.2597	0.05475	9.873e-8	-0.2482270073659295	0.44632059187454326	FALSE	FALSE	20.38	8.316666666666666	TRUE	NA	NA	NA	0.03170427189285013	0	-0.03170427189285013	5496.736166666667	FALSE	FALSE	0.5022313919672806	0.7635729964145824	FALSE
C	1	Smurf2	ENSMUSG00000018363.19	ENSMUST00000544553.1	GENCODE	full-splice_match	FALSE	up in Q157R	0.2035	0.166	0.3695	0.008483	0.2083884639940248	0.8193793087206073	FALSE	FALSE	13.74	32.36666666666667	TRUE	NA	NA	NA	0.22900123605701295	0.07703220409101245	-0.15196903196600048	2325.9353333333333	FALSE	FALSE	0.3887263845134736	0.7838560804564709	FALSE
C	1	Pkd1	ENSMUSG00000032855.7	ESPRESSO:chr17:384:19	novel	novel_in_catalog	FALSE	up in Q157R	0.2025	0.05877	0.2613	1.631e-4	0.15752840744987506	0.8335540892975206	FALSE	FALSE	3.986666666666667	14.526666666666666	TRUE	NA	NA	NA	0.12352707338691384	0.056632997909780575	-0.06689407547713326	3582.8331666666663	FALSE	FALSE	-1.6275519085426433e-4	0.9994688140747026	FALSE
C	1	Cramp1	ENSMUSG00000038002.11	ENSMUST00000472923.1	GENCODE	full-splice_match	FALSE	up in Q157R	0.1985	0.08201	0.2805	0.002292	0.11021480572	1	FALSE	FALSE	5.056666666666667	13.553333333333333	TRUE	ENSMUST00000472923.1	-0.01602222470569814	FALSE	0.34670239230148675	0.20178397940035983	-0.14491841290112692	3481.5	FALSE	FALSE	-0.0630648360813532	0.9811723309647415	FALSE
C	1	Relch	ENSMUSG00000026319.15	ESPRESSO:chr1:1239:12	novel	novel_not_in_catalog	FALSE	up in Q157R	0.1983	0.053	0.2513	0.01202	0.2152101357373024	0.5420752327147532	FALSE	TRUE	1.75	4.943333333333333	FALSE	NA	NA	NA	0.024343325577985655	0.01047997958747026	-0.013863345990515395	1622.4998333333335	FALSE	FALSE	-0.743554627867521	0.5410707482649109	FALSE
C	1	Gm42715	ENSMUSG00000107023.3	ESPRESSO:chr7:2775:6	novel	fusion	TRUE	up in Q157R	0.1982	0.05505	0.2533	0.04697	NA	NA	FALSE	TRUE	0.8333333333333334	4	FALSE	NA	NA	NA	0.00453128510717943	0.01679823363709857	0.012266948529919141	18086.92883333333	FALSE	FALSE	NA	NA	FALSE
C	1	Tgfbr2	ENSMUSG00000032440.15	ENSMUST00000035014.9	GENCODE	full-splice_match	FALSE	up in Q157R	0.1974	0.3794	0.5768	5.035e-9	0.2058993903588392	0.48225678874205746	FALSE	FALSE	42.83	93.37	TRUE	NA	NA	NA	0.06449278629176435	0.10861591869772902	0.044123132405964674	3835.333166666667	FALSE	FALSE	0.43471161792216795	0.8379338890050875	FALSE
C	1	Senp2	ENSMUSG00000022855.11	ENSMUST00000231408.2	GENCODE	full-splice_match	NA	up in Q157R	0.1955	0.09942	0.295	1.17e-15	0.15355536491284105	0.3938945172629703	FALSE	FALSE	52	53.333333333333336	TRUE	NA	NA	NA	0.04408588642561872	0.047186688944664136	0.0031008025190454175	2594.581166666667	FALSE	FALSE	-1.313940873427797	0.1308042526796799	FALSE
C	1	Tgfbr2	ENSMUSG00000032440.15	ENSMUST00000061101.13	GENCODE	full-splice_match	FALSE	down in Q157R	-0.1946	0.6126	0.418	5.035e-9	-0.2058993903588392	0.48225678874205746	FALSE	FALSE	72.77	60.54666666666667	TRUE	NA	NA	NA	0.1102398403007629	0.09476231305017359	-0.015477527250589318	3835.333166666667	FALSE	FALSE	0.43471161792216795	0.8379338890050875	FALSE
C	1	Ly86	ENSMUSG00000021423.8	ENSMUST00000225716.2	GENCODE	full-splice_match	NA	up in Q157R	0.1902	0.334	0.5242	0.04883	0.2717390812230579	0.5809287051869886	FALSE	FALSE	4.333333333333333	7.333333333333333	FALSE	transcript5878.chr13.nnic	0.028988706176654534	TRUE	0.1928723720723721	0.09779048348454498	-0.09508188858782711	103	FALSE	FALSE	-0.3964956643547125	0.935884833487098	FALSE
C	1	Gm12279	ENSMUSG00000087120.4	ENSMUST00000251151.1	GENCODE	full-splice_match	NA	down in Q157R	-0.1902	0.1902	0	0.03339	NA	NA	FALSE	TRUE	2	0	FALSE	NA	NA	NA	0	0.46474405749032616	0.46474405749032616	44.833333333333336	FALSE	FALSE	NA	NA	FALSE
C	1	Gm21988	ENSMUSG00000040904.11	ESPRESSO:chr11:990:20	novel	novel_in_catalog	FALSE	down in Q157R	-0.19	0.2113	0.02127	0.02117	-0.23050429811651615	0.3116824793597198	FALSE	TRUE	3.93	0.4666666666666666	FALSE	NA	NA	NA	0	7.58743818397854e-4	7.58743818397854e-4	933.6803333333334	FALSE	FALSE	0.07932862587684195	0.9776916549909992	FALSE
C	1	Tarbp1	ENSMUSG00000090290.4	ENSMUST00000441574.1	GENCODE	full-splice_match	FALSE	up in Q157R	0.1846	0.3782	0.5628	0.009317	0.1718822691740194	0.6531138805342455	FALSE	FALSE	41.36	48.083333333333336	TRUE	NA	NA	NA	0.24416886642997077	0.13881128187228908	-0.10535758455768168	1538.5118333333335	FALSE	FALSE	-0.26167498608892464	0.9136587804799592	FALSE
C	1	Cdc14a	ENSMUSG00000033502.17	ENSMUST00000127704.8	GENCODE	full-splice_match	FALSE	up in Q157R	0.1828	0.03608	0.2189	7.041e-5	0.1914748173841735	0.2750671808300996	FALSE	TRUE	3.02	5.513333333333334	FALSE	NA	NA	NA	0.055538286419528314	0.03971054250880625	-0.015827743910722065	1401.8335	FALSE	FALSE	-1.9124946035320791	0.03235063795916464	TRUE
C	1	Cdc14a	ENSMUSG00000033502.17	ENSMUST00000136994.2	GENCODE	full-splice_match	TRUE	up in Q157R	0.1779	0.05354	0.2314	3.976e-4	0.1888538838253483	0.40459744963172983	FALSE	FALSE	4.693333333333333	5.99	FALSE	transcript20771.chr3.nic	0.0062465360129393115	TRUE	0	5.248924400737552e-4	5.248924400737552e-4	1401.8335	FALSE	FALSE	-1.9124946035320791	0.03235063795916464	TRUE
C	1	Crip1	ENSMUSG00000006360.13	ENSMUST00000196932.2	GENCODE	full-splice_match	NA	down in Q157R	-0.1778	0.2579	0.08003	0.002819	-0.22081996513759736	0.13527080217145662	FALSE	TRUE	5.666666666666667	6	FALSE	transcript23673.chr12.nnic	NA	NA	0.03151663710046002	0.013505886907529484	-0.01801075019293054	1385.6666666666665	FALSE	FALSE	1.9355236261119464	0.04468212345259453	TRUE
C	1	Slirp	ENSMUSG00000021040.17	ENSMUST00000161023.9	GENCODE	full-splice_match	FALSE	up in Q157R	0.1768	0.6571	0.8339	0.001596	0.16216765806644706	0.4811096184310627	FALSE	FALSE	31.65	104.97333333333333	TRUE	transcript17724.chr12.nic	-0.0602418414918415	FALSE	0.370327728522473	0.35055291213010065	-0.01977481639237233	382.7323333333333	FALSE	FALSE	1.3330381083282934	0.18098431905119172	FALSE
C	1	Dleu2	ENSMUSG00000097589.12	ENSMUST00000193208.2	GENCODE	full-splice_match	NA	down in Q157R	-0.1742	0.5045	0.3304	2.569e-6	NA	NA	FALSE	FALSE	103.33333333333333	82.33333333333333	TRUE	NA	NA	NA	0.2474374246564399	0.21676609329801427	-0.03067133135842562	1456.6666666666665	FALSE	FALSE	0.6561484237842669	0.3564265677348324	FALSE
C	1	Ubn1	ENSMUSG00000039473.10	ENSMUST00000525337.1	GENCODE	full-splice_match	FALSE	down in Q157R	-0.1739	0.2655	0.09165	7.414e-18	-0.13757835710929223	1	FALSE	FALSE	65.44333333333333	38.82666666666667	TRUE	NA	NA	NA	0.5512217101570203	0.5641833856505605	0.012961675493540215	6923.833333333334	FALSE	FALSE	0.6614326475574122	0.3774154971522449	FALSE
C	1	Chchd1	ENSMUSG00000063787.6	ENSMUST00000071215.5	GENCODE	full-splice_match	FALSE	up in Q157R	0.171	0.5655	0.7365	5.058e-5	0.1826389143055882	0.22272929442840592	FALSE	FALSE	81.66666666666667	162.33333333333334	TRUE	transcript2375.chr14.nnic	NA	NA	0.8244862990027524	0.8047102879500179	-0.01977601105273452	371.1308333333333	FALSE	FALSE	0.6499595071588412	0.5036475925410479	FALSE
C	1	Nr2c2	ENSMUSG00000005893.16	ENSMUST00000527128.1	GENCODE	full-splice_match	FALSE	down in Q157R	-0.1706	0.2648	0.09418	5.519e-8	-0.21437708318977977	0.9877372797252604	FALSE	FALSE	24.049999999999997	8.35	TRUE	NA	NA	NA	0.030851921953226818	0.059580941652771315	0.028729019699544497	8628.482833333333	FALSE	FALSE	0.29879055258514947	0.8677342064407804	FALSE
C	1	Zfp78	ENSMUSG00000055150.17	ENSMUST00000208390.3	GENCODE	full-splice_match	FALSE	down in Q157R	-0.1702	0.2001	0.02996	0.02031	-0.16885982821478404	0.25209213989220075	FALSE	TRUE	5.5	0.7766666666666666	FALSE	NA	NA	NA	0.06632857142857143	0.49507003544619355	0.42874146401762214	41.33316666666666	FALSE	FALSE	-0.26839524257075137	0.9136587804799592	FALSE
C	1	Psmd8	ENSMUSG00000030591.19	ENSMUST00000182328.8	GENCODE	full-splice_match	FALSE	up in Q157R	0.1699	0.6193	0.7892	0.04198	-0.07163528336242064	1	FALSE	FALSE	637	635.9666666666667	TRUE	ENSMUST00000186182.3	0	FALSE	0.8379731728387478	0.852416468533317	0.014443295694569147	2842.833	FALSE	FALSE	-0.06467319375137065	0.9609780401746648	FALSE
C	1	Myo6	ENSMUSG00000033577.20	ENSMUST00000035889.16	GENCODE	full-splice_match	FALSE	up in Q157R	0.1643	0.0603	0.2246	0.02287	0.22437514026586347	0.796149479461197	FALSE	FALSE	0.9366666666666666	6.13	FALSE	transcript20081.chr9.nic	0.25945210620133224	TRUE	0.39202529362171373	0.4196416311102853	0.027616337488571563	467.16700000000003	FALSE	FALSE	0.5383109549938812	0.9039266442086666	FALSE
C	1	Sipa1l1	ENSMUSG00000042700.18	ENSMUST00000053969.8	GENCODE	full-splice_match	FALSE	down in Q157R	-0.1622	0.2406	0.07837	5.66e-14	-0.05641145613007287	1	FALSE	FALSE	50.29666666666667	15.386666666666667	TRUE	NA	NA	NA	0	0.009322513246292964	0.009322513246292964	5543.8335	FALSE	FALSE	-0.0692944208159004	0.9741170415936116	FALSE
C	1	Pcsk4	ENSMUSG00000020131.16	ESPRESSO:chr10:961:10	novel	novel_in_catalog	NA	down in Q157R	-0.1606	0.1606	0	0.03721	-0.12000259958369364	NA	FALSE	TRUE	3	0	FALSE	NA	NA	NA	0	0	0	172.48383333333334	FALSE	FALSE	-0.4520008493168259	0.8921030321301071	FALSE
C	1	Ift46	ENSMUSG00000002031.14	ENSMUST00000238800.2	GENCODE	full-splice_match	FALSE	down in Q157R	-0.1588	0.4477	0.2889	3.47e-6	-0.2858025544686311	0.44159857087653975	FALSE	FALSE	58.39	26.916666666666664	TRUE	NA	NA	NA	0.2968984930391707	0.39650424127602407	0.09960574823685336	668	FALSE	FALSE	-0.2969072398491467	0.8176060342246907	FALSE
C	1	Senp2	ENSMUSG00000022855.11	ENSMUST00000023561.9	GENCODE	full-splice_match	FALSE	down in Q157R	-0.1587	0.6625	0.5037	6.456e-6	-0.14393034924790227	0.5472201171727916	FALSE	FALSE	336.56666666666666	112.52666666666667	TRUE	NA	NA	NA	0.030120098956046795	0	-0.030120098956046795	2594.581166666667	FALSE	FALSE	-1.313940873427797	0.1308042526796799	FALSE
C	1	Ccnc	ENSMUSG00000028252.22	ENSMUST00000102997.9	GENCODE	full-splice_match	FALSE	down in Q157R	-0.1578	0.5011	0.3433	3.522e-6	-0.1701370487052622	0.6925948448928455	FALSE	FALSE	143.4	57.70333333333333	TRUE	NA	NA	NA	0.32272463375379007	0.4283567929075238	0.10563215915373375	614.9998333333333	FALSE	FALSE	-0.7956742048250321	0.31054259364079306	FALSE
C	1	Naa30	ENSMUSG00000036282.17	ENSMUST00000480918.1	GENCODE	full-splice_match	FALSE	down in Q157R	-0.1559	0.4838	0.3279	0.001136	-0.1592305123851912	0.6122475986390314	FALSE	FALSE	43.666666666666664	50.333333333333336	TRUE	NA	NA	NA	0	0	0	1800.167	FALSE	FALSE	0.7707088063146158	0.5410707482649109	FALSE
C	1	Arsg	ENSMUSG00000020604.15	ESPRESSO:chr11:1904:41	novel	novel_not_in_catalog	FALSE	up in Q157R	0.1549	0.02225	0.1771	0.03879	0.14089953463195604	0.7521965782913628	FALSE	FALSE	0.7566666666666667	4.206666666666667	FALSE	transcript42649.chr11.nnic	0.08771043771043771	TRUE	0.30630630630630634	0.2323943661971831	-0.07391194010912325	102.33333333333333	FALSE	FALSE	-0.13330181125366788	0.9627739357675263	FALSE
C	1	Sh3d19	ENSMUSG00000028082.16	ENSMUST00000107664.4	GENCODE	full-splice_match	FALSE	down in Q157R	-0.1544	0.2242	0.06977	8.123e-6	-0.14328693437629575	0.7717302259154529	FALSE	FALSE	14.08	3	TRUE	NA	NA	NA	0.002668954341816795	0	-0.002668954341816795	398.66650000000004	FALSE	FALSE	0.04138053788018996	0.9821365298317366	FALSE
C	1	Mafg	ENSMUSG00000051510.15	ENSMUST00000106182.9	GENCODE	full-splice_match	FALSE	down in Q157R	-0.1534	0.4826	0.3291	3.285e-5	-0.13651987571236462	0.7458219237225943	FALSE	FALSE	72	50.666666666666664	TRUE	NA	NA	NA	0.29537929366410015	0.2764271462212721	-0.018952147442828027	2450.1666666666665	FALSE	FALSE	0.0985119749244048	0.9741170415936116	FALSE
C	1	Esr1	ENSMUSG00000019768.18	ENSMUST00000482252.1	GENCODE	full-splice_match	FALSE	up in Q157R	0.1522	0.07551	0.2278	0.009887	0.14290392927236445	0.4061068776727077	FALSE	FALSE	1.73	8.153333333333332	FALSE	NA	NA	NA	0	0.15422720709570956	0.15422720709570956	2347.1666666666665	TRUE	FALSE	0.1582119993665926	0.9590113641742792	FALSE
C	1	Gm56450	ENSMUSG00000115423.4	ENSMUST00000227806.3	GENCODE	full-splice_match	NA	down in Q157R	-0.1521	0.9614	0.8093	0.001032	NA	NA	FALSE	FALSE	52.666666666666664	45	TRUE	NA	NA	NA	1	1	0	189.5525	FALSE	FALSE	-0.24579073189302128	0.8833554207172618	FALSE
C	1	Kif13a	ENSMUSG00000021375.13	ESPRESSO:chr13:734:3	novel	novel_in_catalog	FALSE	down in Q157R	-0.1487	0.3133	0.1646	1.84e-4	-0.16097497801770932	0.4259961956176	FALSE	FALSE	42.04666666666667	17.44333333333333	TRUE	NA	NA	NA	0.11356499563171457	0.13072131828089903	0.017156322649184458	3112.5001666666667	FALSE	FALSE	-0.4097530595589211	0.7410897981169566	FALSE
C	1	Rinl	ENSMUSG00000051735.9	ENSMUST00000454228.1	GENCODE	full-splice_match	FALSE	up in Q157R	0.1487	0.02465	0.1733	6.434e-65	0.04881626926596792	1	FALSE	FALSE	27.610000000000003	114.76666666666667	TRUE	NA	NA	NA	0.009160966463042921	0.024652157738095235	0.015491191275052314	1213.8328333333334	FALSE	FALSE	-0.5138714350773715	0.5206831876937372	FALSE
C	1	Myo18a	ENSMUSG00000000631.22	ESPRESSO:chr11:1182:7	novel	novel_in_catalog	FALSE	up in Q157R	0.1483	0.321	0.4692	4.15e-12	0.3171229653915568	0.4723626720925624	FALSE	FALSE	95	161	TRUE	NA	NA	NA	0.19882433920597206	0.19270194840749374	-0.006122390798478317	7613.499000000001	FALSE	FALSE	0.06711299174946071	0.9741170415936116	FALSE
C	1	Ccnc	ENSMUSG00000028252.22	ENSMUST00000108240.4	GENCODE	full-splice_match	FALSE	up in Q157R	0.1482	0.4124	0.5606	2.973e-6	0.17013704870526214	0.6925948448928455	FALSE	FALSE	117.52	94.17666666666668	TRUE	NA	NA	NA	0.06381055669372974	0	-0.06381055669372974	614.9998333333333	FALSE	FALSE	-0.7956742048250321	0.31054259364079306	FALSE
C	1	Aamdc	ENSMUSG00000035642.18	ENSMUST00000154779.8	GENCODE	full-splice_match	FALSE	down in Q157R	-0.148	0.1548	0.006801	0.002889	-0.1304655651873982	0.06524473398207407	FALSE	TRUE	4	0.3333333333333333	FALSE	NA	NA	NA	0.013731455628849315	0	-0.013731455628849315	276.9313333333333	FALSE	FALSE	0.4757359586555225	0.825541189863093	FALSE
C	1	Rcc2	ENSMUSG00000040945.15	ENSMUST00000038893.7	GENCODE	full-splice_match	FALSE	up in Q157R	0.1478	0.229	0.3768	6.872000000000001e-63	0.1426425496732805	0.7458219237225943	FALSE	FALSE	400.8	749.2333333333333	TRUE	NA	NA	NA	0.0624242849028274	0.04151374337815871	-0.020910541524668688	24605.985666666667	FALSE	FALSE	0.11795076254412933	0.9260354800061285	FALSE
C	1	Phf3	ENSMUSG00000048874.17	ENSMUST00000186733.7	GENCODE	full-splice_match	FALSE	up in Q157R	0.1471	0.4007	0.5477	9.66e-5	0.26038592322533505	0.9841404926772712	FALSE	FALSE	91.02	139.6	TRUE	NA	NA	NA	0.0759534199330259	0.007025038892855228	-0.06892838104017067	7181.2581666666665	FALSE	FALSE	0.2235885087279424	0.8497510450857975	FALSE
C	1	Ocrl	ENSMUSG00000001173.17	ENSMUST00000492055.1	GENCODE	full-splice_match	FALSE	down in Q157R	-0.1464	0.5063	0.3599	0.002021	-0.155327999556927	0.684081509290803	FALSE	FALSE	55.64666666666667	50.67	TRUE	NA	NA	NA	0.2174685420709115	0.24061991353743403	0.02315137146652252	3773.3334999999997	FALSE	FALSE	0.3533544208029156	0.7741789827301241	FALSE
C	1	Rps10	ENSMUSG00000052146.18	ENSMUST00000114882.9	GENCODE	full-splice_match	FALSE	up in Q157R	0.1457	0.4371	0.5828	0.02725	0.08432943448117824	0.957620594414716	FALSE	FALSE	51.13	125.1	TRUE	ENSMUST00000114882.9	-0.004456173747512282	FALSE	0.47854508695397485	0.5276170856390829	0.04907199868510809	9391.887833333334	FALSE	FALSE	1.0169192633731958	0.1526126650268548	FALSE
C	1	Bod1l	ENSMUSG00000061755.12	ESPRESSO:chr5:453:15	novel	novel_in_catalog	FALSE	down in Q157R	-0.1457	0.3568	0.211	2.245e-4	-0.2306614520940128	0.9292028258965296	FALSE	FALSE	30.169999999999998	11.29	TRUE	NA	NA	NA	0.4677490278665628	0.5100991593227453	0.042350131456182494	3860.6666666666665	FALSE	FALSE	-0.3133183107070686	0.8756666761273322	FALSE
C	1	Satb1	ENSMUSG00000023927.17	ENSMUST00000144331.9	GENCODE	full-splice_match	FALSE	up in Q157R	0.1456	0.2652	0.4108	2.584e-6	0.14302719038978873	0.5809287051869886	FALSE	FALSE	35.4	101.37	TRUE	NA	NA	NA	0.06458442105494283	0.088124759781061407	0.023540338726118576	7048.832833333334	FALSE	FALSE	0.8040683126376075	0.4313632583597161	FALSE
C	1	Trappc8	ENSMUSG00000033382.17	ENSMUST00000509194.1	GENCODE	full-splice_match	FALSE	down in Q157R	-0.1451	0.1665	0.02144	4.155e-8	-0.06987756656161159	0.930801820791172	FALSE	FALSE	24.406666666666666	3.3666666666666667	TRUE	NA	NA	NA	0.05219566351139457	0.11014079934419574	0.05794513583280117	2883.4998333333333	FALSE	FALSE	-0.4195141436382958	0.8379338890050875	FALSE
C	1	Alpk1	ENSMUSG00000028028.13	ESPRESSO:chr3:1663:7	novel	novel_in_catalog	TRUE	down in Q157R	-0.1437	0.1766	0.03292	0.006575	-0.13972551743463366	0.09828694615582598	FALSE	TRUE	7.13	1.2033333333333334	FALSE	NA	NA	NA	0.22770009453025547	0.24672461929669728	0.019024524766441814	619.1664999999999	FALSE	FALSE	-0.1697080407035805	0.9457437705193664	FALSE
C	1	St8sia4	ENSMUSG00000040710.12	ENSMUST00000189556.3	GENCODE	full-splice_match	FALSE	up in Q157R	0.1435	0.2077	0.3512	0.02712	0.141477889906278	0.7498392870861252	FALSE	FALSE	18.466666666666665	15.333333333333334	TRUE	NA	NA	NA	0.1543198530843698	0.12741443508703576	-0.026905417997334036	4624.833166666666	FALSE	FALSE	-1.0679606050973818	0.5933946345841343	FALSE
C	1	Tasor	ENSMUSG00000040651.11	ENSMUST00000503114.1	GENCODE	full-splice_match	FALSE	down in Q157R	-0.1434	0.5526	0.4092	2.466e-5	-0.1518356809951371	0.5404548825604443	FALSE	FALSE	142	102.34666666666666	TRUE	NA	NA	NA	0.3208166835765108	0.30539586445531763	-0.015420819121193141	4188.500333333333	FALSE	FALSE	-0.13190561692005023	0.9196742839840468	FALSE
C	1	Lmbr1	ENSMUSG00000010721.17	ENSMUST00000196321.6	GENCODE	full-splice_match	FALSE	down in Q157R	-0.1433	0.1433	0	0.003882	NA	NA	FALSE	TRUE	2.81	0	FALSE	NA	NA	NA	0.2121329601141475	0.2860593616350031	0.07392640152085561	268.49983333333336	FALSE	FALSE	0.6247298155881554	0.7664226017214184	FALSE
C	1	Fktn	ENSMUSG00000028414.19	ENSMUST00000543752.1	GENCODE	full-splice_match	FALSE	down in Q157R	-0.1427	0.2317	0.089	0.03506	-0.18780596537700184	0.441783685985915	FALSE	FALSE	6.753333333333333	3.04	FALSE	transcript8813.chr4.nic	-0.05608130608130608	TRUE	0	0	0	742.1668333333333	FALSE	FALSE	0.3339271402546767	0.8856705118917012	FALSE
C	1	Cox17	ENSMUSG00000046516.12	ENSMUST00000144812.2	GENCODE	full-splice_match	NA	down in Q157R	-0.1418	0.2276	0.08581	0.04832	-0.13899467977129024	0.5404548825604443	FALSE	FALSE	6.333333333333333	5.666666666666667	FALSE	ENSMUST00000144812.2	-0.08549485737157725	TRUE	0.17238990158591208	0.20586928210656838	0.0334793805206563	650	FALSE	FALSE	1.1851469689859124	0.164963537421631	FALSE
C	1	Gm66963	ENSMUSG00000122440.1	ESPRESSO:chr3:941:18	novel	novel_in_catalog	FALSE	up in Q157R	0.1413	0.3872	0.5286	0.0241	0.1280114409271409	0.7302259749535451	FALSE	FALSE	25.663333333333334	39.31	TRUE	NA	NA	NA	0.22532425991285623	0.04871502133492294	-0.1766092385779333	3495.3606666666665	FALSE	FALSE	NA	NA	FALSE
C	1	Rai14	ENSMUSG00000022246.16	ENSMUST00000413072.1	GENCODE	full-splice_match	FALSE	up in Q157R	0.14	0.05887	0.1988	0.03839	0.1211012349904048	0.801056460474006	FALSE	FALSE	3.43	14.483333333333333	TRUE	NA	NA	NA	0.07104527215142398	0.048938455341910485	-0.022106816809513492	1252.5	FALSE	FALSE	0.7252454316154578	0.6378898655085247	FALSE
C	1	Herc2	ENSMUSG00000030451.18	ESPRESSO:chr7:1617:0	novel	novel_in_catalog	FALSE	down in Q157R	-0.1399	0.1566	0.01667	0.005944	-0.14728747216655874	0.1822839780291968	FALSE	TRUE	4.793333333333333	0.5333333333333333	FALSE	NA	NA	NA	0.01705099724740291	0.005738652302406801	-0.011312344944996108	6310.666666666667	FALSE	FALSE	0.08428081373161729	0.9741170415936116	FALSE
C	1	Gm28635	ENSMUSG00000101645.2	ESPRESSO:chr2:990:22	novel	novel_in_catalog	FALSE	up in Q157R	0.1397	0.07811	0.2178	7.665e-4	0.06886742822670266	0.3792301000682478	FALSE	FALSE	3.65	14.033333333333333	TRUE	NA	NA	NA	0.5042852450811425	0.49249774263075063	-0.01178750245039184	4560.499666666667	FALSE	FALSE	NA	NA	FALSE
C	1	Fam193a	ENSMUSG00000037210.18	ENSMUST00000180376.9	GENCODE	full-splice_match	FALSE	down in Q157R	-0.1392	0.4899	0.3506	6.201e-6	-0.3462989019546354	0.8690450891553779	FALSE	FALSE	62.55	44.27333333333333	TRUE	NA	NA	NA	0.20583942170374844	0.19687896133029267	-0.00896046037345577	2432.858	FALSE	FALSE	-0.08953066293971922	0.980377074496227	FALSE
C	1	Arhgap23	ENSMUSG00000049807.18	ESPRESSO:chr11:1551:3	novel	novel_in_catalog	FALSE	up in Q157R	0.1392	0.06889	0.2081	0.007643	0.16762059703835663	0.5029000460881777	FALSE	FALSE	1.4466666666666665	11.926666666666668	TRUE	NA	NA	NA	0	0	0	3353.8333333333335	FALSE	FALSE	0.9254825217261377	0.5690422753295746	FALSE
C	1	Ptp4a1	ENSMUSG00000144322.2	ENSMUST00000027232.16	GENCODE	full-splice_match	FALSE	down in Q157R	-0.1388	0.8301	0.6913	0.02523	-0.03307673380471221	0.9857218084266882	FALSE	FALSE	2339	2092.4	TRUE	NA	NA	NA	0.6392483802684202	0.666764093915799	0.027515713647378814	1809.9465	FALSE	FALSE	0.05657830229778289	0.9748298670206182	FALSE
C	1	BC028528	ENSMUSG00000038543.15	ENSMUST00000090476.10	GENCODE	full-splice_match	FALSE	down in Q157R	-0.1385	0.2149	0.07633	0.01459	-0.16499488793881376	0.4090869768893073	FALSE	FALSE	8.57	2.3333333333333335	FALSE	ENSMUST00000090476.10	-0.4181644880174292	TRUE	0.20718178624261077	0.3295344043337193	0.1223526180911085	473.4766666666667	FALSE	FALSE	-0.11070710459135472	0.9741170415936116	FALSE
C	1	Rcsd1	ENSMUSG00000040723.16	ENSMUST00000097474.10	GENCODE	full-splice_match	FALSE	up in Q157R	0.1384	0.1542	0.2925	4.222e-40	0.15957096450349964	0.15591709100312928	FALSE	FALSE	98.07333333333334	231.6	TRUE	NA	NA	NA	0.02413122816173039	0.03708415939404454	0.012952931232314148	5061.000333333333	FALSE	FALSE	0.09176733285728346	0.970751724777298	FALSE
C	1	Zfp953	ENSMUSG00000098905.4	ESPRESSO:chr13:1124:3	novel	novel_not_in_catalog	FALSE	up in Q157R	0.1383	0	0.1383	0.01219	NA	NA	FALSE	TRUE	0	2.6666666666666665	FALSE	NA	NA	NA	0.06443651407183626	0.10041139805478579	0.035974883982949526	608.2796666666667	FALSE	FALSE	-0.36266409960587753	0.9048566577830878	FALSE
C	1	Jmjd1c	ENSMUSG00000037876.19	ENSMUST00000531652.1	GENCODE	full-splice_match	FALSE	up in Q157R	0.1371	0.3765	0.5136	9.305e-23	0.08710252087834425	1	FALSE	FALSE	188.60666666666665	282.6333333333333	TRUE	NA	NA	NA	0.36391446772528985	0.33063240948482064	-0.0332820582404692	9465.999333333333	FALSE	FALSE	-0.03085383673013906	0.986555394286664	FALSE
C	1	Slirp	ENSMUSG00000021040.17	ENSMUST00000160488.9	GENCODE	full-splice_match	FALSE	down in Q157R	-0.1358	0.2479	0.1121	0.01024	-0.11786631067990357	0.8067896470480899	FALSE	FALSE	12	15	TRUE	transcript17751.chr12.nic	0.03133325008325011	FALSE	0.1223525285576955	0.1345307593427736	0.012178230785078084	382.7323333333333	FALSE	FALSE	1.3330381083282934	0.18098431905119172	FALSE
C	1	Zfp131	ENSMUSG00000094870.10	ENSMUST00000178271.4	GENCODE	full-splice_match	FALSE	down in Q157R	-0.1356	0.3681	0.2325	5.346e-5	-0.14047352250303996	0.8752799492203539	FALSE	FALSE	68.16	48.60333333333333	TRUE	NA	NA	NA	0	0	0	1738.6666666666667	FALSE	FALSE	0.14133185302880463	0.9198664685694016	FALSE
C	1	Ndst2	ENSMUSG00000039308.8	ENSMUST00000047490.7	GENCODE	full-splice_match	FALSE	down in Q157R	-0.1354	0.439	0.3037	5.297e-4	-0.14057974685240415	0.48736586708265234	FALSE	FALSE	64	59.73666666666667	TRUE	NA	NA	NA	0.03620183908045977	0.2094027253113503	0.17320088623089053	1530.3326666666667	FALSE	FALSE	0.3862850836535744	0.8723083038322046	FALSE
C	1	Ankrd28	ENSMUSG00000014496.10	ENSMUST00000014640.10	GENCODE	full-splice_match	FALSE	up in Q157R	0.1352	0.1619	0.2971	3.042e-12	0.16302262690566854	0.6756426037214482	FALSE	FALSE	53.50333333333333	105.16666666666667	TRUE	NA	NA	NA	0.08932374828380756	0.054706297660785434	-0.03461745062302212	6870.609833333333	FALSE	FALSE	0.04437965562150324	0.9801382151104971	FALSE
C	1	Rab12	ENSMUSG00000023460.16	ESPRESSO:chr17:1336:1	novel	novel_in_catalog	FALSE	down in Q157R	-0.135	0.15310000000000001	0.01811	0.01249	-0.10924681593273744	0.4963009158310648	FALSE	FALSE	4.413333333333333	0.8866666666666666	FALSE	NA	NA	NA	0.4970690292819529	0.43717823609864737	-0.059890793183305535	751.1666666666666	TRUE	FALSE	0.42777979655708925	0.8439061644673073	FALSE
C	1	Dgkq	ENSMUSG00000004815.14	ENSMUST00000501522.1	GENCODE	full-splice_match	TRUE	up in Q157R	0.1347	0	0.1347	2.152e-6	NA	NA	FALSE	TRUE	0	6.36	FALSE	NA	NA	NA	0	0	0	683.3331666666667	FALSE	FALSE	-0.33595843042639273	0.8176060342246907	FALSE
C	1	Slc25a21	ENSMUSG00000035472.15	ESPRESSO:chr12:679:10	novel	novel_not_in_catalog	FALSE	down in Q157R	-0.1338	0.2317	0.09788	4.458e-9	-0.06525402701305821	0.9990197863622924	FALSE	FALSE	69.96666666666667	15.656666666666666	TRUE	NA	NA	NA	0	NA	NA	14	NA	NA	-0.935671761214625	0.7523288819366841	FALSE
C	1	N4bp2	ENSMUSG00000037795.16	ENSMUST00000565282.1	GENCODE	full-splice_match	FALSE	up in Q157R	0.1335	0.2328	0.3663	0.006211	0.1411853713857376	0.962748631883104	FALSE	FALSE	16.563333333333333	27.49	TRUE	NA	NA	NA	0.3591104083050459	0.2390797306485009	-0.12003067765654502	5630.499833333333	FALSE	FALSE	-0.00798155566344627	0.9970761413245012	FALSE
C	1	Zc3h13	ENSMUSG00000022000.13	ENSMUST00000463387.1	GENCODE	full-splice_match	FALSE	up in Q157R	0.132	0.2837	0.4156	7.73e-15	0.27755069587633385	0.4216643240170067	FALSE	FALSE	99.36666666666666	165.46666666666667	TRUE	NA	NA	NA	0.6186491104537182	0.5475740249582495	-0.0710750854954687	2440.5001666666667	FALSE	FALSE	-0.02647544356444564	0.984774436270924	FALSE
C	1	Smurf2	ENSMUSG00000018363.19	ENSMUST00000092517.10	GENCODE	full-splice_match	FALSE	down in Q157R	-0.1317	0.6674	0.5356	0.02131	-0.2573265567602263	1	FALSE	FALSE	47.92666666666667	50.39666666666667	TRUE	ENSMUST00000092517.10	0.05671317561238276	FALSE	0.770998763942987	0.8989439680842374	0.12794520414125032	2325.9353333333333	FALSE	FALSE	0.3887263845134736	0.7838560804564709	FALSE
C	1	Arhgap17	ENSMUSG00000030766.17	ENSMUST00000207010.3	GENCODE	full-splice_match	FALSE	down in Q157R	-0.1312	0.3224	0.1912	1.197e-15	-0.1340288475760781	0.4442084136384459	FALSE	FALSE	154.54666666666668	78.72	TRUE	NA	NA	NA	0.03859068802821677	0.10118646257269012	0.06259577454447335	2652.666833333333	FALSE	FALSE	-0.16169714039003807	0.9136587804799592	FALSE
C	1	Gm27029	ENSMUSG00000097239.8	ESPRESSO:chr11:1746:23	novel	novel_in_catalog	FALSE	up in Q157R	0.1311	0	0.1311	0.01301	NA	NA	FALSE	TRUE	0	2.5166666666666666	FALSE	NA	NA	NA	0	0	0	1027.4998333333333	FALSE	FALSE	NA	NA	FALSE
C	1	Qsox2	ENSMUSG00000036327.20	ENSMUST00000091263.12	GENCODE	full-splice_match	FALSE	down in Q157R	-0.1289	0.2714	0.1425	0.013	-0.17694667854254242	0.4157115960316847	FALSE	FALSE	18.383333333333333	8.406666666666666	TRUE	NA	NA	NA	0.010039832285115303	0.03074363425925926	0.020703801974143954	580.1666666666666	FALSE	FALSE	-0.1118699882725114	0.9517145584497472	FALSE
C	1	Ptpra	ENSMUSG00000027303.20	ENSMUST00000028769.15	GENCODE	full-splice_match	FALSE	up in Q157R	0.1282	0.4452	0.5734	6.966999999999999e-24	0.14116309669852112	0.3134776869556516	FALSE	FALSE	318.9	527	TRUE	NA	NA	NA	0	0	0	4457.166333333334	FALSE	FALSE	0.25121738715171615	0.9273278314145104	FALSE
C	1	Cox20	ENSMUSG00000026500.8	ENSMUST00000154437.2	GENCODE	full-splice_match	NA	down in Q157R	-0.1272	0.4048	0.2776	0.02623	-0.13586479403152563	0.8951187521088789	FALSE	FALSE	23.666666666666668	36	TRUE	NA	NA	NA	0.10638301119919445	0.08605018148092576	-0.02033282971826869	376.68533333333335	FALSE	FALSE	1.1876737620898383	0.22340549057180115	FALSE
C	1	novelGene_511	ESPRESSO:chr18:804	ESPRESSO:chr18:804:3	novel	genic_intron	NA	down in Q157R	-0.1269	0.1526	0.02564	0.04041	NA	NA	FALSE	FALSE	4	0.3333333333333333	FALSE	transcript13259.chr18.nnic	-0.006235748522499884	TRUE	NA	NA	NA	7.166666666666667	NA	NA	NA	NA	FALSE
C	1	Taf4	ENSMUSG00000039117.18	ESPRESSO:chr2:2704:3	novel	novel_not_in_catalog	FALSE	down in Q157R	-0.1264	0.37	0.2436	0.002974	-0.07680547342449201	1	FALSE	FALSE	43.236666666666665	20.59	TRUE	NA	NA	NA	0.10117789199781346	0.13599544181448703	0.034817549816673565	1930.8966666666668	FALSE	FALSE	-0.3955683421236591	0.8176060342246907	FALSE
C	1	Exoc3l2	ENSMUSG00000011263.19	ENSMUST00000524257.1	GENCODE	full-splice_match	FALSE	down in Q157R	-0.1254	0.3333	0.2079	0.01864	-0.13705402051532678	0.9360763236045666	FALSE	FALSE	8.5	3.99	FALSE	NA	NA	NA	0.09259199149568088	0.030218193809112878	-0.062373797686568005	530.1646666666667	TRUE	FALSE	0.21359260092264257	0.9399612575486084	FALSE
C	1	Rinl	ENSMUSG00000051735.9	ENSMUST00000209035.3	GENCODE	full-splice_match	FALSE	down in Q157R	-0.1254	0.2421	0.1167	3.7529999999999996e-31	-0.16969662892455287	0.5801476529057118	FALSE	FALSE	240.35333333333335	76.56666666666666	TRUE	NA	NA	NA	0.015678294107008595	0.03953333596927514	0.023855041862266547	1213.8328333333334	FALSE	FALSE	-0.5138714350773715	0.5206831876937372	FALSE
C	1	Zfp142	ENSMUSG00000026135.19	ENSMUST00000113737.9	GENCODE	full-splice_match	FALSE	up in Q157R	0.1253	0.0373	0.1626	0.001405	0.07697006922545628	0.8959970460040175	FALSE	FALSE	2.7933333333333334	12.933333333333334	TRUE	NA	NA	NA	0.046130749354005164	0.03977217976879149	-0.0063585695852136775	1593.8333333333335	FALSE	FALSE	0.2082306702037431	0.9207397086995482	FALSE
C	1	Manba	ENSMUSG00000028164.17	ENSMUST00000131610.8	GENCODE	full-splice_match	FALSE	up in Q157R	0.1248	0.02643	0.1512	0.02439	0.13375259194731393	0.4801180156001633	FALSE	TRUE	1.11	2.466666666666667	FALSE	NA	NA	NA	0.045580744812926045	0.03721372707727254	-0.008367017735653508	1502.5	FALSE	FALSE	-1.7956672222669774	0.2591611390369717	FALSE
C	1	Dyrk1a	ENSMUSG00000022897.17	ENSMUST00000544170.1	GENCODE	full-splice_match	FALSE	down in Q157R	-0.1231	0.2718	0.1487	6.364e-7	-0.19167660362297115	0.2134724899789368	FALSE	FALSE	50.78	29.006666666666668	TRUE	NA	NA	NA	0	0	0	6711.833333333334	FALSE	FALSE	0.21985827846436276	0.8766547577957474	FALSE
C	1	Rsf1	ENSMUSG00000035623.16	ENSMUST00000107153.4	GENCODE	full-splice_match	FALSE	down in Q157R	-0.1227	0.892	0.7693	9.866e-6	-0.1164091255402384	0.34257304990744497	FALSE	FALSE	174.33333333333334	177.36666666666667	TRUE	NA	NA	NA	0.7542748270339064	0.764565621936898	0.010290794902991673	4425.666166666667	FALSE	FALSE	0.15127416857500617	0.9201156332110032	FALSE
C	1	Hivep1	ENSMUSG00000021366.10	ESPRESSO:chr13:670:2	novel	novel_not_in_catalog	FALSE	down in Q157R	-0.1221	0.2281	0.106	0.01493	-0.18932692579224367	0.2748870945322928	FALSE	FALSE	20.376666666666665	11.656666666666666	TRUE	NA	NA	NA	0.051739331809138533	0.01942451714623571	-0.03231481466290283	2159.167	FALSE	FALSE	0.08179874349716942	0.9741170415936116	FALSE
C	1	Jmjd1c	ENSMUSG00000037876.19	ENSMUST00000531654.1	GENCODE	full-splice_match	FALSE	down in Q157R	-0.1209	0.3905	0.2696	6.719e-25	-0.3193197216334954	0.4806118950484227	FALSE	FALSE	195.2	104.03333333333335	TRUE	ENSMUST00000531654.1	0.017936212800203022	FALSE	0.12838363059246827	0.13631850144522983	0.007934870852761566	9465.999333333333	FALSE	FALSE	-0.03085383673013906	0.986555394286664	FALSE
C	1	Ankrd13a	ENSMUSG00000041870.19	ENSMUST00000102578.11	GENCODE	full-splice_match	FALSE	up in Q157R	0.1208	0.5259	0.6468	9.083e-56	0.08238335766172955	0.8322701170592475	FALSE	FALSE	1186.7	1912.8666666666668	TRUE	NA	NA	NA	0.5030032581272351	0.4733415331086428	-0.029661725018592322	26397.166833333336	FALSE	FALSE	0.33360788431491156	0.7952905302458093	FALSE
C	1	Mecom	ENSMUSG00000027684.18	ENSMUST00000463508.1	GENCODE	full-splice_match	FALSE	up in Q157R	0.1201	0	0.1201	0.0344	0.1487401535167948	NA	FALSE	TRUE	0	2.5533333333333332	FALSE	NA	NA	NA	0.04087183710648997	0.011693379141851068	-0.0291784579646389	2752.8333333333335	FALSE	FALSE	0.2166562279286877	0.9562290328218258	FALSE
C	1	Ptprs	ENSMUSG00000013236.19	ENSMUST00000391309.1	GENCODE	full-splice_match	FALSE	down in Q157R	-0.1199	0.1931	0.07323	1.338e-24	-0.10442392887316608	0.6033112592685675	FALSE	FALSE	101.61	43.67333333333333	TRUE	NA	NA	NA	0.05668118014241321	0.021641746038193486	-0.035039434104219724	8002.666833333333	FALSE	FALSE	0.1818123705095677	0.8833554207172618	FALSE
C	1	Efcab7	ENSMUSG00000073791.15	ESPRESSO:chr4:1145:41	novel	novel_in_catalog	FALSE	up in Q157R	0.1193	0.05272	0.172	0.007706	0.11858226425987836	0.7433109431264996	FALSE	TRUE	3.423333333333334	3.9566666666666666	FALSE	NA	NA	NA	0.04041688675100811	0	-0.04041688675100811	127	FALSE	FALSE	-2.1121919431139995	0.08003343235783379	FALSE
C	1	Slc25a42	ENSMUSG00000002346.19	ENSMUST00000134596.2	GENCODE	full-splice_match	FALSE	up in Q157R	0.1192	0.05629	0.1755	0.03765	0.09487323137126091	0.6531138805342455	FALSE	FALSE	5	7	FALSE	ENSMUST00000134596.2	0.14464973889938829	TRUE	0.08567104164338514	0.02811321232373864	-0.0575578293196465	233.66649999999998	FALSE	FALSE	-1.0112275506831083	0.4696843838064525	FALSE
C	1	Xpa	ENSMUSG00000028329.15	ESPRESSO:chr4:512:20	novel	novel_in_catalog	TRUE	down in Q157R	-0.119	0.151	0.03194	0.02066	-0.12841482310838004	0.3116824793597198	FALSE	TRUE	7	1.3333333333333333	FALSE	NA	NA	NA	0.04734650856389986	0	-0.04734650856389986	416.4996666666667	FALSE	FALSE	-0.2362582668914938	0.9136587804799592	FALSE
C	1	Gm14305	ENSMUSG00000078878.11	ENSMUST00000108980.10	GENCODE	full-splice_match	NA	down in Q157R	-0.1188	0.5684	0.4496	0.03505	-0.12785609372367246	0.5719170039167677	FALSE	FALSE	64	46.666666666666664	TRUE	NA	NA	NA	0.16501455357759107	0.12147930414947089	-0.043535249428120176	1253.8229999999999	FALSE	FALSE	-0.1575514518071166	0.9273278314145104	FALSE
C	1	Asb7	ENSMUSG00000030509.19	ENSMUST00000392542.1	GENCODE	full-splice_match	FALSE	up in Q157R	0.1182	0.1846	0.3027	0.001131	0.11798339109496016	0.5825951263437552	FALSE	FALSE	21	50.42333333333333	TRUE	NA	NA	NA	0.1091627557997349	0.06525942525601304	-0.043903330543721863	1202.8338333333334	FALSE	FALSE	0.4312270191598331	0.780768735094873	FALSE
C	1	Arhgap17	ENSMUSG00000030766.17	ENSMUST00000106442.10	GENCODE	full-splice_match	FALSE	up in Q157R	0.1181	0.1546	0.2726	2.732e-15	0.14180749497590428	0.3485684787033381	FALSE	FALSE	65.82000000000001	117.25666666666666	TRUE	NA	NA	NA	0.006644171932561596	0.010597622935946288	0.003953451003384693	2652.666833333333	FALSE	FALSE	-0.16169714039003807	0.9136587804799592	FALSE
C	1	Efcab7	ENSMUSG00000073791.15	ENSMUST00000488736.1	GENCODE	full-splice_match	FALSE	up in Q157R	0.1173	0.01763	0.135	0.00124	0.11856801040387974	0.60924039835123045	FALSE	FALSE	1.0733333333333335	3.05	FALSE	ENSMUST00000488736.1	0.3342857142857143	TRUE	0.1105108695652174	0	-0.1105108695652174	127	FALSE	FALSE	-2.1121919431139995	0.08003343235783379	FALSE
C	1	Itpr1	ENSMUSG00000030102.13	ESPRESSO:chr6:1572:16	novel	novel_in_catalog	FALSE	down in Q157R	-0.1172	0.2339	0.1167	6.807e-9	-0.10271296846990172	0.8776957453421438	FALSE	FALSE	42.14333333333334	24.793333333333333	TRUE	NA	NA	NA	0.45152152992429956	0.40408500912715517	-0.04743652079714439	4182.833166666667	FALSE	FALSE	0.4406274276859363	0.6058770834064511	FALSE
C	1	Sec61g	ENSMUSG00000078974.12	ESPRESSO:chr11:169:0	novel	novel_in_catalog	NA	down in Q157R	-0.1172	0.175	0.05778	0.008761	-0.13715341785813823	0.38527524508877814	FALSE	TRUE	6.333333333333333	4	FALSE	transcript4081.chr11.nic	0.18068495514147687	FALSE	0.37075869546598983	0.36247334224072014	-0.008285353225269687	172.00683333333333	FALSE	FALSE	1.135707261111652	0.164963537421631	FALSE
C	1	Nin	ENSMUSG00000021068.19	ENSMUST00000095666.14	GENCODE	full-splice_match	FALSE	down in Q157R	-0.117	0.1281	0.01114	1.133e-14	-0.04193705593221839	0.9673818011391112	FALSE	FALSE	28.03333333333333	4.013333333333334	TRUE	NA	NA	NA	0	0	0	4715.666333333334	FALSE	FALSE	0.15774179110788092	0.9285584227508604	FALSE
C	1	Zranb1	ENSMUSG00000030967.17	ENSMUST00000033265.6	GENCODE	full-splice_match	FALSE	down in Q157R	-0.117	0.736	0.6191	0.03422	-0.1407285198495385	0.4673647165617035	FALSE	FALSE	54.24	52.986666666666665	TRUE	NA	NA	NA	0	0	0	1756.4996666666666	FALSE	FALSE	0.19258362071533897	0.9399612575486084	FALSE
C	1	Fgfrl1	ENSMUSG00000008090.16	ESPRESSO:chr5:1265:56	novel	novel_in_catalog	FALSE	down in Q157R	-0.1169	0.1486	0.03175	0.02115	-0.1198369602660765	0.9034766920742104	FALSE	FALSE	6.846666666666667	0.6666666666666666	FALSE	NA	NA	NA	0.2584180169338548	0.19962231935675354	-0.058795697577101264	363.99966666666666	TRUE	FALSE	-0.8135556038163397	0.7887348269244892	FALSE
C	1	Cep170	ENSMUSG00000057335.13	ENSMUST00000421359.1	GENCODE	full-splice_match	FALSE	up in Q157R	0.1168	0.1945	0.3113	0.001304	0.12394755709386582	0.8455238614923735	FALSE	FALSE	23.936666666666667	50.92333333333333	TRUE	NA	NA	NA	0.18563341035616598	0.1697003292433483	-0.015933081112817687	2597.9996666666666	FALSE	FALSE	0.3184740736235738	0.8176060342246907	FALSE
C	1	Mnd1	ENSMUSG00000033752.9	ENSMUST00000390775.1	GENCODE	full-splice_match	FALSE	up in Q157R	0.116	0	0.116	0.02619	0.13231723992046604	NA	FALSE	TRUE	0	2.5766666666666667	FALSE	NA	NA	NA	0	0	0	249.66283333333334	FALSE	FALSE	0.10501668074081164	0.9741170415936116	FALSE
C	1	Tbk1	ENSMUSG00000020115.5	ENSMUST00000526845.1	GENCODE	full-splice_match	FALSE	up in Q157R	0.1159	0.009245	0.1252	0.003109	0.10270892824264022	0.29265520997315164	FALSE	TRUE	1	2.3766666666666665	FALSE	NA	NA	NA	0.05783794232596901	0.03195771822334492	-0.02588022410262409	2044.6665	FALSE	FALSE	-2.4603006940204324	0.11269860682192258	FALSE
C	1	Mrps18c	ENSMUSG00000016833.16	ENSMUST00000016977.16	GENCODE	full-splice_match	FALSE	up in Q157R	0.1149	0.7399	0.8548	0.04262	0.0807939764593486	0.7174019501012124	FALSE	FALSE	51	146.33333333333334	TRUE	NA	NA	NA	0.22871736059064376	0.18642314036914842	-0.04229422022149534	605.9073333333333	FALSE	FALSE	1.3081670105898366	0.09792922881036986	FALSE
C	1	Lrp8	ENSMUSG00000028613.17	ENSMUST00000238584.3	GENCODE	full-splice_match	FALSE	up in Q157R	0.1144	0	0.1144	4.554e-4	0.11318731030567784	NA	FALSE	TRUE	0	7.74	FALSE	NA	NA	NA	0.06682074980739607	0.08853427419354838	0.021713524386152316	1270.5001666666667	FALSE	FALSE	0.9070144847820084	0.2827601543833102	FALSE
C	1	Odf2	ENSMUSG00000026790.21	ENSMUST00000113756.9	GENCODE	full-splice_match	FALSE	down in Q157R	-0.113	0.1188	0.005805	7.587e-8	-0.08503360850837417	0.4311850049028895	FALSE	FALSE	13.959999999999999	0.54	TRUE	NA	NA	NA	0.03852023893540571	0.14171356270792398	0.10319332377251828	2971.3038333333334	FALSE	FALSE	-0.4876723267871627	0.661136569281108	FALSE
C	1	Osbpl11	ENSMUSG00000022807.11	ENSMUST00000039733.11	GENCODE	full-splice_match	FALSE	up in Q157R	0.1121	0.48	0.592	0.03369	0.10866248399635914	0.8017782150965124	FALSE	FALSE	86.93666666666667	130.6	TRUE	ENSMUST00000039733.11	-0.02257828701347231	FALSE	0.34142356530931123	0	-0.34142356530931123	1299.167	FALSE	FALSE	0.2879278149638379	0.8176060342246907	FALSE
C	1	Ndufa5	ENSMUSG00000023089.14	ESPRESSO:chr6:214:2	novel	novel_in_catalog	NA	down in Q157R	-0.1114	0.1397	0.02834	0.01357	-0.1062822645504524	0.2990927795061907	FALSE	TRUE	4	3.6666666666666665	FALSE	NA	NA	NA	0.15094413840152246	0.12862929237962067	-0.022314846021901785	361.667	FALSE	FALSE	1.9863398511739463	0.02513329275159671	TRUE
C	1	Fasn	ENSMUSG00000025153.11	ENSMUST00000055655.10	GENCODE	full-splice_match	FALSE	down in Q157R	-0.1099	0.9534	0.8435	3.6450000000000006e-26	-0.0540285989655781	0.8860186849837376	FALSE	FALSE	513.2333333333333	553.3000000000001	TRUE	transcript48039.chr11.nic	0	FALSE	0.8818196121299668	0.9204796654639172	0.038660053333950395	13739.833333333334	FALSE	FALSE	0.231535675009588	0.8221761151320853	FALSE
C	1	Ubn2	ENSMUSG00000038538.19	ENSMUST00000434376.1	GENCODE	full-splice_match	FALSE	up in Q157R	0.1099	0.01559	0.1255	7.161e-7	0.1295942107883283	0.7148085680409235	FALSE	FALSE	1.6066666666666667	18.043333333333333	TRUE	NA	NA	NA	0.11385670476721493	0.11744977173549441	0.0035930669682794764	5496.736166666667	FALSE	FALSE	0.5022313919672806	0.7635729964145824	FALSE
C	1	Gm49776	ENSMUSG00000116925.2	ESPRESSO:chr16:221:86	novel	novel_in_catalog	FALSE	down in Q157R	-0.109	0.1617	0.05272	0.02031	NA	NA	FALSE	TRUE	7.413333333333334	2.3633333333333333	FALSE	NA	NA	NA	0.01734159977343568	0.0053191981872487935	-0.012022401586186886	3543.833666666667	FALSE	FALSE	NA	NA	FALSE
C	1	Bod1l	ENSMUSG00000061755.12	ESPRESSO:chr5:453:11	novel	novel_not_in_catalog	FALSE	down in Q157R	-0.1084	0.1449	0.03646	4.762e-6	-0.08367927218970249	0.9772157694392414	FALSE	FALSE	13.549999999999999	1.5466666666666666	TRUE	NA	NA	NA	0.022077088110868757	0.043997966327071	0.021920878216202245	3860.6666666666665	FALSE	FALSE	-0.3133183107070686	0.8756666761273322	FALSE
C	1	Ndufa11	ENSMUSG00000002379.9	ENSMUST00000233233.3	GENCODE	full-splice_match	FALSE	down in Q157R	-0.1083	0.1917	0.08335	0.02093	-0.12135037975106212	0.7458219237225943	FALSE	FALSE	7	7	FALSE	transcript24086.chr17.nic	-0.06453648723855222	TRUE	0.03559847702350355	0.039224550029108934	0.0036260730056053847	569.6666666666666	FALSE	FALSE	1.3803137668097187	0.14211495483830203	FALSE
C	1	Meaf6	ENSMUSG00000028863.15	ENSMUST00000184205.8	GENCODE	full-splice_match	TRUE	down in Q157R	-0.1082	0.3606	0.2524	0.00327	-0.11619978715477108	0.6568231223418921	FALSE	FALSE	67.56	37.75333333333333	TRUE	NA	NA	NA	0.027269439972546685	0.06804674113133469	0.040777301158788	1351.4999999999998	FALSE	FALSE	-0.292041859904953	0.771942635492721	FALSE
C	1	Tent4b	ENSMUSG00000036779.15	ENSMUST00000249924.2	GENCODE	full-splice_match	FALSE	down in Q157R	-0.1081	0.6411	0.533	0.04546	-0.17463772762119878	1	FALSE	FALSE	60.38	67.47333333333333	TRUE	ENSMUST00000249924.2	0.02969752039822937	FALSE	0.032014303959131546	0.09253151269169374	0.060517208732562194	2113.166666666667	FALSE	FALSE	0.36047588057151503	0.793284133154067	FALSE
C	1	Slc15a4	ENSMUSG00000029416.19	ENSMUST00000031367.16	GENCODE	full-splice_match	FALSE	up in Q157R	0.1066	0.5459	0.6525	2.673e-8	0.1259021589944539	0.6171123321567223	FALSE	FALSE	138.63333333333333	226.76666666666668	TRUE	NA	NA	NA	0.3104156857936475	0.25952755497583985	-0.05088813081780763	1390.3328333333334	FALSE	FALSE	0.3156878882076814	0.8305117472139495	FALSE
C	1	Fbxl19	ENSMUSG00000030811.16	ENSMUST00000206893.2	GENCODE	full-splice_match	FALSE	up in Q157R	0.1062	0.05864	0.1648	0.001449	0.06861871951992542	1	FALSE	FALSE	5.243333333333333	13.67	TRUE	NA	NA	NA	0	0.005880734743623227	0.005880734743623227	2210.1663333333336	FALSE	FALSE	-0.00641080651282067	0.9980902827443394	FALSE
C	1	Dnase1l1	ENSMUSG00000019088.16	ENSMUST00000516553.1	GENCODE	full-splice_match	FALSE	up in Q157R	0.106	0.006536	0.1126	0.0152	0.11598902529577018	0.06246215081220092	FALSE	TRUE	0.3333333333333333	2.6666666666666665	FALSE	NA	NA	NA	0	0	0	170.66633333333334	FALSE	FALSE	-0.9188790498493716	0.40053173379363616	FALSE
C	1	Ubp1	ENSMUSG00000009741.18	ENSMUST00000084885.13	GENCODE	full-splice_match	FALSE	down in Q157R	-0.1056	0.2825	0.1769	1.248e-7	-0.1296114701980431	0.2334271209805152	FALSE	FALSE	75.44	71.81	TRUE	NA	NA	NA	0	0	0	3230.3326666666667	FALSE	FALSE	0.5950272872231399	0.453665993791736	FALSE
C	1	Rsf1	ENSMUSG00000035623.16	ENSMUST00000382295.1	GENCODE	full-splice_match	FALSE	up in Q157R	0.1056	0.07155	0.1772	2.455e-5	0.1164091255402384	0.34257304990744497	FALSE	FALSE	14.986666666666666	38.97	TRUE	NA	NA	NA	0.14011046026721347	0.16734796773807167	0.027237507470858208	4425.666166666667	FALSE	FALSE	0.15127416857500617	0.9201156332110032	FALSE
C	1	Cnot3	ENSMUSG00000035632.18	ENSMUST00000206331.2	GENCODE	full-splice_match	NA	up in Q157R	0.1054	0.2057	0.3111	4.939e-15	0.15208711495698324	0.07902821104807839	FALSE	FALSE	135.33333333333334	185.33333333333334	TRUE	NA	NA	NA	0.1731196178111386	0.11090924819077563	-0.06221036962036297	3224.9698333333336	FALSE	FALSE	-0.29313024878594307	0.7787684195802934	FALSE
C	1	Ctcf	ENSMUSG00000005698.17	ESPRESSO:chr8:1370:55	novel	novel_in_catalog	FALSE	down in Q157R	-0.1052	0.1117	0.0065	4.2819999999999996e-36	NA	NA	FALSE	FALSE	54.376666666666665	5.726666666666667	TRUE	NA	NA	NA	0.014067941050853674	0.047558728319435056	0.03349078726858138	6948.000166666667	FALSE	FALSE	0.19288799765119777	0.8921268882970996	FALSE
C	1	Mocs2	ENSMUSG00000015536.16	ENSMUST00000015680.12	GENCODE	full-splice_match	FALSE	up in Q157R	0.1052	0.1099	0.2152	0.005944	0.09205264267255724	0.8710915881513472	FALSE	FALSE	20.44333333333333	33.63	TRUE	transcript24804.chr13.nic	-0.028511465121061896	FALSE	0.021910385626047895	0.0293637037037037	0.007453318077655806	648.9998333333333	FALSE	FALSE	-0.08784231572245381	0.9524824693486876	FALSE
C	1	Fasn	ENSMUSG00000025153.11	ENSMUST00000416713.1	GENCODE	full-splice_match	FALSE	up in Q157R	0.1052	0.01422	0.1194	1.349e-36	0.0540285989655781	0.8860186849837376	FALSE	FALSE	8.533333333333333	81.45	TRUE	NA	NA	NA	0.1002656854836165	0.05979379687402775	-0.04047188860958875	13739.833333333334	FALSE	FALSE	0.231535675009588	0.8221761151320853	FALSE
C	1	Map3k3	ENSMUSG00000020700.13	ENSMUST00000002044.11	GENCODE	full-splice_match	FALSE	down in Q157R	-0.105	0.8827	0.7778	0.0122	-0.05175268287938728	0.8776957453421438	FALSE	FALSE	56.07	55.34	TRUE	ENSMUST00000002044.11	0.025062029364816676	FALSE	0.6851598325785606	0.6590288660312981	-0.026130966547262546	3042.5621666666666	FALSE	FALSE	0.11258532486461605	0.9734579069366204	FALSE
C	1	Cep170	ENSMUSG00000057335.13	ENSMUST00000421353.1	GENCODE	full-splice_match	FALSE	down in Q157R	-0.105	0.1408	0.03583	5.48e-7	-0.11743019233375436	0.3836221688444237	FALSE	FALSE	19.32	6.433333333333334	TRUE	NA	NA	NA	0	0	0	2597.9996666666666	FALSE	FALSE	0.3184740736235738	0.8176060342246907	FALSE
C	1	Ercc6l2	ENSMUSG00000021470.21	ENSMUST00000095724.11	GENCODE	full-splice_match	FALSE	up in Q157R	0.1046	0.02754	0.1321	1.128e-11	0.05253873485790057	0.8589890976111867	FALSE	FALSE	5.506666666666667	30.283333333333335	TRUE	NA	NA	NA	0.05918056691196511	0.050546314583518256	-0.008634252328446855	1631.1675	FALSE	FALSE	-0.0187348699389936	0.992035027905464	FALSE
C	1	Cfap141	ENSMUSG00000118506.4	ESPRESSO:chr3:978:44	novel	novel_in_catalog	TRUE	up in Q157R	0.1042	0.04575	0.1499	0.01622	0.10698367624791848	0.3300192293740654	FALSE	TRUE	2.71	9.306666666666667	FALSE	NA	NA	NA	0	0	0	1894.3328333333334	FALSE	FALSE	NA	NA	FALSE
C	1	Prdm15	ENSMUSG00000014039.20	ENSMUST00000534021.1	GENCODE	full-splice_match	FALSE	up in Q157R	0.1037	0	0.1037	0.001517	0.1271955121613098	NA	FALSE	TRUE	0	5.22	FALSE	NA	NA	NA	0	0	0	1073.8331666666668	FALSE	FALSE	0.3645619814977217	0.8550913463817017	FALSE
C	1	Fip1l1	ENSMUSG00000029227.17	ENSMUST00000113536.9	GENCODE	full-splice_match	FALSE	down in Q157R	-0.1037	0.2388	0.1351	9.066999999999999e-34	-0.11511441841117998	0.16826947510530782	FALSE	FALSE	280.6333333333333	152.23333333333332	TRUE	NA	NA	NA	0.05630048651546229	0.06679264432900202	0.01049215781353973	3507.167	FALSE	FALSE	0.05975047766906243	0.9553441940608728	FALSE
C	1	Alkbh8	ENSMUSG00000025899.16	ENSMUST00000211933.3	GENCODE	full-splice_match	FALSE	down in Q157R	-0.1036	0.4735	0.3699	1.809e-5	-0.11248438451079096	0.5965792401181352	FALSE	FALSE	175.83333333333334	125.73333333333333	TRUE	NA	NA	NA	0.07476165307066251	0.030458028306490973	-0.044303624764171545	1565.1665	FALSE	FALSE	-0.13696678493390602	0.9282106935689972	FALSE
C	1	Tmem258	ENSMUSG00000036372.16	ENSMUST00000461023.1	GENCODE	full-splice_match	FALSE	down in Q157R	-0.1034	0.1248	0.02142	0.002496	-0.09823187791605426	0.2113056779062827	FALSE	TRUE	4.333333333333333	3	FALSE	NA	NA	NA	0.022912459308681996	0.04480797369305524	0.021895514384373243	1090.1673333333333	FALSE	FALSE	1.8211819426201916	0.02513329275159671	TRUE
C	1	Gon4l	ENSMUSG00000054199.20	ESPRESSO:chr3:942:28	novel	novel_in_catalog	FALSE	up in Q157R	0.1032	0.2673	0.3704	0.003315	0.08292290695875315	1	FALSE	FALSE	49.800000000000004	85.22999999999999	TRUE	NA	NA	NA	0.19415678406623557	0.014193687274521555	-0.17996309679171402	4062.7929999999997	FALSE	FALSE	0.24555398215511845	0.8193952638318382	FALSE
C	1	Dbf4	ENSMUSG00000002297.18	ENSMUST00000171808.9	GENCODE	full-splice_match	FALSE	down in Q157R	-0.103	0.7727	0.6697	6.16e-11	-0.07595673611036724	0.7978217596190137	FALSE	FALSE	400.7	308.2	TRUE	NA	NA	NA	0.5254471942432639	0.5154024329143555	-0.010044761328908414	1508.1665	FALSE	FALSE	-0.15103919256565543	0.8818281331070391	FALSE
C	1	Zfp932	ENSMUSG00000066613.16	ENSMUST00000112540.9	GENCODE	full-splice_match	FALSE	down in Q157R	-0.103	0.4767	0.3737	9.948e-4	-0.10140131199170654	0.45857938335533854	FALSE	FALSE	124.29333333333334	78.34333333333333	TRUE	NA	NA	NA	0.2567208279668158	0.2336299921429289	-0.02309083582388688	1162.6785	FALSE	FALSE	-0.445904532016872	0.8827280222166826	FALSE
C	1	Atp11b	ENSMUSG00000037400.19	ENSMUST00000200351.2	GENCODE	full-splice_match	NA	up in Q157R	0.1026	0.03527	0.1378	1.1629999999999998e-22	0.05699753432217336	0.7997364347907538	FALSE	FALSE	29.666666666666668	63.666666666666664	TRUE	NA	NA	NA	0.012611923576109777	0.0088805530134691	-0.0037313705626406766	9069.833333333334	FALSE	FALSE	-0.6937286460299241	0.5548753625228999	FALSE
C	1	Fam193a	ENSMUSG00000037210.18	ESPRESSO:chr5:346:42	novel	fusion	FALSE	up in Q157R	0.1023	0.2664	0.3688	1.982e-4	NA	NA	FALSE	FALSE	27.136666666666667	50.38666666666667	TRUE	NA	NA	NA	0.04349936623349238	0.08647497146562522	0.042975605232132834	6019.9755	FALSE	FALSE	-0.08953066293971922	0.980377074496227	FALSE
C	1	Nup98	ENSMUSG00000063550.10	ENSMUST00000433978.1	GENCODE	full-splice_match	FALSE	down in Q157R	-0.1016	0.1937	0.09212	0.04248	-0.11822126190915022	0.3938945172629703	FALSE	FALSE	25.016666666666666	10.713333333333333	TRUE	NA	NA	NA	0.009343536072954206	0	-0.009343536072954206	7698.500333333333	FALSE	FALSE	-0.3309087425862673	0.8759598143802491	FALSE
C	1	Vps54	ENSMUSG00000020128.17	ENSMUST00000006221.15	GENCODE	full-splice_match	FALSE	up in Q157R	0.1009	0.3554	0.4564	0.001082	NA	NA	FALSE	FALSE	32.75	52.47666666666667	TRUE	NA	NA	NA	0.05493100297007083	0.04875478065241845	-0.006176222317652379	2235.1666666666665	FALSE	FALSE	0.27897514214537467	0.8176060342246907	FALSE
C	1	Ercc6	ENSMUSG00000054051.9	ENSMUST00000383642.1	GENCODE	full-splice_match	FALSE	down in Q157R	-0.1008	0.4008	0.3	0.002122	NA	NA	FALSE	FALSE	19.796666666666667	4.333333333333333	TRUE	NA	NA	NA	0	0.05167402471192558	0.05167402471192558	2003.3331666666668	FALSE	FALSE	-0.7624127967598882	0.7664226017214184	FALSE
C	1	Myc	ENSMUSG00000022346.19	ENSMUST00000161976.9	GENCODE	full-splice_match	FALSE	down in Q157R	-0.1003	0.3136	0.2133	6.884e-5	-0.2242108097025276	0.12000727536337127	FALSE	FALSE	1220.3333333333333	796.5	TRUE	transcript7175.chr15.nic	0.024100514618169977	FALSE	0.4286317489947717	0.6637421250194607	0.23511037602468904	9288.999833333333	FALSE	FALSE	-0.48271134429713497	0.8677342064407804	FALSE
C	1	Rps12	ENSMUSG00000061983.8	ESPRESSO:chr10:228:1	novel	novel_in_catalog	NA	down in Q157R	-0.1002	0.1133	0.01314	0.007141	-0.09417926024269951	0.11744135014388736	FALSE	TRUE	3.6666666666666665	0.6666666666666666	FALSE	NA	NA	NA	0.006528031874886888	0.00974504258140061	0.0032170107065137227	14771.344166666666	FALSE	FALSE	0.8277037118692939	0.6128639592376479	FALSE
C	1	Phkg2	ENSMUSG00000030815.13	ENSMUST00000033086.9	GENCODE	full-splice_match	FALSE	down in Q157R	-0.1001	0.4882	0.3881	1.472e-5	-0.12187737363368156	0.2606550039510803	FALSE	FALSE	148.24666666666667	96.80333333333333	TRUE	NA	NA	NA	0.29593737846687074	0.3981303541533627	0.10219297568649194	965.1618333333333	FALSE	FALSE	-0.2333175291950686	0.8125613609628002	FALSE
C	1	Gls	ENSMUSG00000026103.16	ESPRESSO:chr1:546:0	novel	novel_not_in_catalog	FALSE	down in Q157R	-0.07741	0.1013	0.02386	3.179e-7	-0.1063618234243512	0.00378818713449715	FALSE	FALSE	25.466666666666665	9.783333333333333	TRUE	NA	NA	NA	0.10110484289247888	0.057994839940209146	-0.04311000295226974	4986.666166666667	FALSE	FALSE	0.2621420940991435	0.9136587804799592	FALSE
C	0	novelGene_989	ESPRESSO:chrX:2169	ESPRESSO:chrX:2169:0	novel	intergenic	NA	up in Q157R	0.6863	0.2137	0.9	0.006509	NA	NA	FALSE	NA	1	2.6666666666666665	FALSE	NA	NA	NA	NA	NA	NA	6.153666666666666	NA	NA	NA	NA	FALSE
C	0	novelGene_990	ESPRESSO:chrX:2169	ESPRESSO:chrX:2169:1	novel	intergenic	NA	down in Q157R	-0.6863	0.7863	0.1	0.006509	NA	NA	FALSE	NA	3	0.16666666666666666	FALSE	NA	NA	NA	NA	NA	NA	6.153666666666666	NA	NA	NA	NA	FALSE
C	0	Tagap1	ENSMUSG00000052031.10	ESPRESSO:chr17:52:3	novel	novel_not_in_catalog	FALSE	up in Q157R	0.4924	0.06321	0.5556	0.00166	0.4106534855256988	0.6285706538362066	FALSE	FALSE	1.7066666666666668	5.89	FALSE	NA	NA	NA	0.8901576417068864	0.8787534708383328	-0.01140417086855361	1250.4071666666666	FALSE	FALSE	-0.5998298117341215	0.7543599413497823	FALSE
C	0	Gm16758	ENSMUSG00000086534.3	ESPRESSO:chr17:533:3	novel	novel_not_in_catalog	NA	down in Q157R	-0.4893	0.6893	0.2	7.319e-4	-0.45416068354210615	0.4221489965573992	FALSE	FALSE	5.126666666666667	1.8	FALSE	NA	NA	NA	0.2191460130988951	0.1774727879536346	-0.04167322514526048	1594.3331666666668	FALSE	FALSE	0.3393634324608961	0.9244246366970894	FALSE
C	0	Gm49373	ENSMUSG00000111692.2	ESPRESSO:chr9:237:39	novel	novel_in_catalog	TRUE	down in Q157R	-0.465	0.6646	0.1996	0.04157	-0.27002508423401356	0.4061068776727077	FALSE	FALSE	6.206666666666667	2.143333333333333	FALSE	NA	NA	NA	0.04904948691820715	0.03118368312456795	-0.017865803793639203	6424.493166666666	FALSE	FALSE	NA	NA	FALSE
C	0	Ptpn13	ENSMUSG00000034573.16	ENSMUST00000048957.12	GENCODE	full-splice_match	FALSE	up in Q157R	0.3776	0.08053	0.4582	0.006799	0.4230413735968514	0.3971094788877283	FALSE	FALSE	1.4233333333333333	5.336666666666667	FALSE	NA	NA	NA	0.3368204813041791	0.12179113018597998	-0.2150293511181991	132.5	FALSE	FALSE	-0.5889100944325584	0.9136587804799592	FALSE
C	0	Dip2a	ENSMUSG00000020231.17	ENSMUST00000160048.9	GENCODE	full-splice_match	FALSE	down in Q157R	-0.3359	0.5859	0.25	0.02281	-0.4314192750808513	0.5404548825604443	FALSE	FALSE	9.943333333333333	4.75	FALSE	NA	NA	NA	0.12585795248243745	0.43042028720630127	0.30456233472386385	658.0001666666667	FALSE	FALSE	0.00460963684712008	0.9986928089993516	FALSE
C	0	Septin10	ENSMUSG00000019917.12	ENSMUST00000165971.3	GENCODE	full-splice_match	FALSE	down in Q157R	-0.2912	0.9447	0.6535	0.02548	-0.3351881494508978	0.37669925557533473	FALSE	FALSE	8.836666666666666	5.296666666666667	FALSE	NA	NA	NA	0.5908136482939632	NA	NA	57.166666666666664	NA	NA	NA	NA	FALSE
C	0	Gm42878	ENSMUSG00000105340.6	ESPRESSO:chr5:1569:28	novel	novel_in_catalog	TRUE	down in Q157R	-0.2874	0.4852	0.1978	0.01749	-0.04840602676218932	0.8335540892975206	FALSE	FALSE	5.546666666666667	1.11	FALSE	NA	NA	NA	0.1543049395160938	0.19965855594993703	0.045353616433843225	924.2505	FALSE	FALSE	NA	NA	FALSE
C	0	Ptpn13	ENSMUSG00000034573.16	ENSMUST00000537680.1	GENCODE	full-splice_match	FALSE	down in Q157R	-0.2621	0.5273	0.2652	0.008104	-0.3901329484242608	0.5312912819437804	FALSE	FALSE	8.403333333333334	2.77	FALSE	NA	NA	NA	0.255180790960452	0.3333333333333333	0.07815254237288133	132.5	FALSE	FALSE	-0.5889100944325584	0.9136587804799592	FALSE
C	0	Zfp518b	ENSMUSG00000046572.12	ENSMUST00000180214.8	GENCODE	full-splice_match	FALSE	up in Q157R	0.262	0.1481	0.4101	0.01011	0.3756911660405357	0.26208901848962785	FALSE	FALSE	1.3333333333333333	6.666666666666667	FALSE	ENSMUST00000179555.9	-0.032660904302128535	FALSE	0.007209085933223864	0	-0.007209085933223864	748	FALSE	FALSE	0.1801275284335032	0.9634910196227248	FALSE
C	0	Gm50253	ENSMUSG00000117819.2	ESPRESSO:chr17:465:8	novel	novel_not_in_catalog	TRUE	up in Q157R	0.2608	0.1676	0.4284	0.02736	NA	NA	FALSE	FALSE	2.92	6.39	FALSE	NA	NA	NA	0	0	0	1381.0276666666666	FALSE	FALSE	NA	NA	FALSE
C	0	Arhgap33	ENSMUSG00000036882.9	ENSMUST00000443621.1	GENCODE	full-splice_match	TRUE	up in Q157R	0.2597	0.1123	0.3721	0.03397	0.26991339284893345	0.3938945172629703	FALSE	FALSE	2.5833333333333335	5.726666666666667	FALSE	NA	NA	NA	0.12372120357310766	0	-0.12372120357310766	598.8333333333334	FALSE	FALSE	-0.5515935527562644	0.8174812763630072	FALSE
C	0	Gm21988	ENSMUSG00000040904.11	ENSMUST00000176116.8	GENCODE	full-splice_match	FALSE	up in Q157R	0.2453	0.03333	0.2787	6.863e-4	0.2940815386529017	0.11406961957416537	FALSE	FALSE	0.3333333333333333	5.723333333333334	FALSE	ENSMUST00000176116.8	-2.1968464805277588e-4	FALSE	0.6310926508764594	NA	NA	73.39816666666667	NA	NA	0.07932862587684195	0.9776916549909992	FALSE
C	0	Adcy3	ENSMUSG00000020654.17	ENSMUST00000439838.1	GENCODE	full-splice_match	FALSE	down in Q157R	-0.2406	0.2813	0.04068	0.008907	-0.1332651739755244	0.8710915881513472	FALSE	FALSE	5.6866666666666665	1.0333333333333332	FALSE	NA	NA	NA	0	0.04821323529411765	0.04821323529411765	370.2015	FALSE	FALSE	0.08444930595090373	0.9791339066790912	FALSE
C	0	Ptpru	ENSMUSG00000028909.19	ENSMUST00000537417.1	GENCODE	full-splice_match	FALSE	down in Q157R	-0.2314	0.3046	0.07317	0.04672	-0.16983570518102564	0.7529959518989221	FALSE	FALSE	6.79	2.1233333333333335	FALSE	ENSMUST00000537417.1	0.006177181017334443	FALSE	0	0	0	106.5	FALSE	FALSE	0.05487327651484994	0.9866711711470252	FALSE
C	0	Lrp8	ENSMUSG00000028613.17	ENSMUST00000429523.1	GENCODE	full-splice_match	FALSE	down in Q157R	-0.2248	0.2476	0.02281	0.003431	-0.1154333923366373	0.8810202107814926	FALSE	FALSE	4.48	1.2333333333333334	FALSE	NA	NA	NA	0.01588792433646565	0	-0.01588792433646565	1270.5001666666667	FALSE	FALSE	0.9070144847820084	0.2827601543833102	FALSE
C	0	Cobll1	ENSMUSG00000034903.20	ENSMUST00000502786.1	GENCODE	full-splice_match	FALSE	down in Q157R	-0.2178	0.245	0.02724	0.03707	-0.20259631735306535	0.5404548825604443	FALSE	FALSE	4.586666666666666	0.79	FALSE	NA	NA	NA	0.09940784795244528	0.10710066115062504	0.007692813198179757	1497.8331666666666	FALSE	FALSE	0.0197061258167782	0.9958182243807808	FALSE
C	0	Xaf1	ENSMUSG00000040483.17	ENSMUST00000140842.10	GENCODE	full-splice_match	FALSE	up in Q157R	0.217	0.01711	0.2341	0.001231	0.2654349408457447	0.1832301481441292	FALSE	FALSE	0.44333333333333336	3.6666666666666665	FALSE	NA	NA	NA	0	0	0	353.3333333333333	FALSE	FALSE	-0.8968305173015959	0.7499085367513838	FALSE
C	0	Odf2l	ENSMUSG00000028256.18	ENSMUST00000199307.5	GENCODE	full-splice_match	FALSE	up in Q157R	0.183	0.04951	0.2325	9.445e-6	0.23633804876341016	0.14437248942432146	FALSE	FALSE	4.743333333333333	7.716666666666667	FALSE	NA	NA	NA	0.08373864161389154	0.13359793095506192	0.049859289341170385	667.5001666666667	FALSE	FALSE	-1.71029799739664	0.0807800297358674	FALSE
C	0	Ahdc1	ENSMUSG00000037692.16	ENSMUST00000463972.1	GENCODE	full-splice_match	FALSE	up in Q157R	0.1819	0.01686	0.1988	0.00118	0.16744279246142169	0.8776957453421438	FALSE	FALSE	0.7400000000000001	6.976666666666667	FALSE	NA	NA	NA	0	0	0	3837.8333333333335	FALSE	FALSE	0.04003270505811861	0.990151821230636	FALSE
C	0	Arhgef12	ENSMUSG00000059495.16	ENSMUST00000540929.1	GENCODE	full-splice_match	FALSE	down in Q157R	-0.1687	0.2074	0.0387	0.01026	-0.17777331980874111	0.3938945172629703	FALSE	FALSE	5.17	0.9666666666666667	FALSE	NA	NA	NA	0	0.190458448758973	0.190458448758973	3300.9848333333334	FALSE	FALSE	0.154333058660326	0.9748298670206182	FALSE
C	0	Pik3c2a	ENSMUSG00000030660.11	ENSMUST00000206219.3	GENCODE	full-splice_match	FALSE	up in Q157R	0.1678	0.02958	0.1973	0.02041	0.06896600994175091	0.8963985365452147	FALSE	FALSE	1.2333333333333332	3.236666666666667	FALSE	NA	NA	NA	0.01953962183189019	0.0627795803492296	0.043239958517339416	1081.1661666666666	FALSE	FALSE	-0.7495420028194191	0.5036475925410479	FALSE
C	0	ENSMUSG00000121597	ENSMUSG00000121597.1	ESPRESSO:chr5:1293:30	novel	novel_in_catalog	FALSE	down in Q157R	-0.1614	0.2118	0.05034	0.04459	NA	NA	FALSE	FALSE	7.069999999999999	2.7266666666666666	FALSE	NA	NA	NA	0.38882564092895755	0.5431163853075407	0.15429074437858314	1162.6785	FALSE	FALSE	0.5228741342942281	0.9553441940608728	FALSE
C	0	Arhgap23	ENSMUSG00000049807.18	ESPRESSO:chr11:1551:1	novel	novel_not_in_catalog	FALSE	down in Q157R	-0.1601	0.2415	0.08142	0.02751	-0.14750539770223164	0.8621889044543599	FALSE	FALSE	6.153333333333333	3.96	FALSE	NA	NA	NA	0.038767330186040734	0.14492779414196097	0.10616046395592024	3353.8333333333335	FALSE	FALSE	0.9254825217261377	0.5690422753295746	FALSE
C	0	Efcab7	ENSMUSG00000073791.15	ESPRESSO:chr4:1145:44	novel	novel_in_catalog	FALSE	up in Q157R	0.1458	0.08452	0.2303	0.003211	0.1483217650207328	0.6487681117932216	FALSE	FALSE	5.359999999999999	5.2	FALSE	NA	NA	NA	0.018235449735449737	0	-0.018235449735449737	127	FALSE	FALSE	-2.1121919431139995	0.08003343235783379	FALSE
C	0	Fdx2	ENSMUSG00000079677.4	ESPRESSO:chr9:237:39	novel	novel_in_catalog	TRUE	down in Q157R	-0.1335	0.1728	0.0393	0.004566	-0.27002508423401356	0.4061068776727077	FALSE	FALSE	6.206666666666667	2.143333333333333	FALSE	NA	NA	NA	0.04904948691820715	0.03118368312456795	-0.017865803793639203	6424.493166666666	FALSE	FALSE	0.9263556048875125	0.5122991059953722	FALSE
C	0	Tiam2	ENSMUSG00000023800.17	ESPRESSO:chr17:9:3	novel	novel_not_in_catalog	FALSE	down in Q157R	-0.1282	0.2192	0.09096	0.02052	-0.19973771952041397	0.7864064166943908	FALSE	FALSE	8.49	3.166666666666667	FALSE	NA	NA	NA	0.07521961350567889	0.09008796296296297	0.014868349457284075	339.32616666666667	FALSE	FALSE	-0.09205379322055064	0.9741170415936116	FALSE
C	0	Inpp4a	ENSMUSG00000026113.19	ESPRESSO:chr1:357:1	novel	novel_in_catalog	FALSE	up in Q157R	0.1271	0.0327	0.1598	0.01373	0.1711376159577941	0.6274505674731087	FALSE	FALSE	0.6866666666666666	3.3666666666666667	FALSE	NA	NA	NA	0.07546145692211867	0.0636342054263566	-0.011827251495762067	1283.6665	FALSE	FALSE	-0.7940899847973941	0.7348647872451898	FALSE
C	0	Coq10a	ENSMUSG00000039914.8	ENSMUST00000492045.1	GENCODE	full-splice_match	FALSE	down in Q157R	-0.1218	0.1336	0.01174	2.281e-4	-0.09366740286282084	0.673694448202043	FALSE	FALSE	7.416666666666666	0.8333333333333334	FALSE	NA	NA	NA	0.03826730977596029	0.2817777568423577	0.24351044706639738	413.16666666666663	FALSE	FALSE	0.12211928725237428	0.9677906280265276	FALSE
C	0	Dxz4	ENSMUSG00000087396.10	ESPRESSO:chrX:1011:3	novel	novel_in_catalog	FALSE	down in Q157R	-0.1189	0.1404	0.02141	0.00109	-0.12518490216844885	0.6631439806441706	FALSE	FALSE	7.22	1.22	FALSE	NA	NA	NA	0.033132730015082955	0	-0.033132730015082955	337.83366666666666	FALSE	FALSE	0.11527811315961536	0.9553441940608728	FALSE
C	0	Pkp4	ENSMUSG00000026991.22	ENSMUST00000444984.1	GENCODE	full-splice_match	FALSE	up in Q157R	0.1179	0.00719	0.1251	3.426e-5	0.07710986682437805	0.9247020015491104	FALSE	FALSE	0.3666666666666667	9.513333333333334	FALSE	NA	NA	NA	0.22916572298090881	0.02664922480620155	-0.20251649817470727	1244.8333333333333	FALSE	FALSE	0.3750492963398853	0.7787684195802934	FALSE
C	0	Gm56450	ENSMUSG00000115423.4	ESPRESSO:chr2:1910:4	novel	novel_in_catalog	FALSE	up in Q157R	0.1166	0.005128	0.1218	1.156e-5	NA	NA	FALSE	FALSE	0.3333333333333333	8.033333333333333	FALSE	NA	NA	NA	0.0197467771514813	0.01349107326288151	-0.006255703888599791	434.28083333333336	FALSE	FALSE	-0.24579073189302128	0.8833554207172618	FALSE
C	0	Herc3	ENSMUSG00000029804.19	ESPRESSO:chr6:765:1	novel	novel_in_catalog	FALSE	up in Q157R	0.1152	0.03333	0.1486	0.04694	0.16897690048417346	0.9498772545307704	FALSE	FALSE	0.7333333333333334	2.9233333333333333	FALSE	NA	NA	NA	0.2595275045257258	0	-0.2595275045257258	906.6666666666666	FALSE	FALSE	-0.818229267706877	0.6813364917740855	FALSE
C	0	Efcab7	ENSMUSG00000073791.15	ENSMUST00000239519.1	GENCODE	full-splice_match	FALSE	up in Q157R	0.1107	0.02945	0.1402	0.003552	0.12187746666822266	0.6195793669284423	FALSE	FALSE	1.7933333333333332	3.276666666666667	FALSE	NA	NA	NA	0	0	0	127	FALSE	FALSE	-2.1121919431139995	0.08003343235783379	FALSE
C	0	Tubgcp5	ENSMUSG00000033790.13	ENSMUST00000451860.1	GENCODE	full-splice_match	FALSE	up in Q157R	0.1015	0.01775	0.1193	0.004249	0.10764381630969463	0.8120354598222356	FALSE	FALSE	3	6.3533333333333335	FALSE	NA	NA	NA	0.011366470592521915	0.020152745912153006	0.00878627531963109	1007.6671666666667	FALSE	FALSE	-1.0210046371011048	0.6680487438881348	FALSE
C	0	Dnaaf10	ENSMUSG00000078970.7	ESPRESSO:chr11:176:0	novel	novel_not_in_catalog	TRUE	up in Q157R	0.004095	0.01728	0.02138	0.8359	0.24061152358987573	0.00796365057420218	FALSE	FALSE	7.666666666666667	5.666666666666667	FALSE	NA	NA	NA	0.0018490200301529182	0.00835632790145012	0.006507307871297201	3356.3331666666663	FALSE	FALSE	-0.740630188312993	0.288974138495469	FALSE
