gene_id	feature_id	pvalue	adj_pvalue	Q157R_prop	WT_prop	delta_Q157R_minus_WT	gene_name	origin	structural_category	subcategory	predicted_NMD	gene_logFC	gene_FDR	gene_level_change
ENSMUSG00000016494.11	ENSMUST00000016638.9	0	0	0.7831	0.5628	0.2202	Cd34	GENCODE	full-splice_match	reference_match	FALSE	0.01368769200380265	0.9914991196235148	FALSE
ENSMUSG00000016494.11	ENSMUST00000110815.10	0	0	0.1725	0.4051	-0.2326	Cd34	GENCODE	full-splice_match	reference_match	FALSE	0.01368769200380265	0.9914991196235148	FALSE
ENSMUSG00000054766.15	ENSMUST00000067996.7	0	0	0.4551	0.2905	0.1647	Set	GENCODE	full-splice_match	reference_match	FALSE	0.5029686340187814	0.7886261462932612	FALSE
ENSMUSG00000054766.15	ENSMUST00000102866.11	0	0	0.5188	0.6754	-0.1566	Set	GENCODE	full-splice_match	reference_match	FALSE	0.5029686340187814	0.7886261462932612	FALSE
ENSMUSG00000019961.19	ENSMUST00000072239.15	9.414e-113	1.0849999999999998e-108	0.4115	0.5896	-0.1781	Tmpo	GENCODE	full-splice_match	reference_match	FALSE	0.0933465656433852	0.9317970493365176	FALSE
ENSMUSG00000031229.18	ESPRESSO:chrX:1412:85	4.955999999999999e-105	5.194e-101	0	0.1394	-0.1394	Atrx	novel	novel_in_catalog	combination_of_known_junctions	FALSE	0.14061767458379532	0.8783409136621808	FALSE
ENSMUSG00000028560.13	ESPRESSO:chr4:1127:16	1.309e-93	1.1609999999999999e-89	0.4192	0.2695	0.1497	Usp1	novel	novel_in_catalog	combination_of_known_junctions	FALSE	0.2693671504371861	0.6572088591946235	FALSE
ENSMUSG00000038608.17	ESPRESSO:chr1:908:45	9.158e-92	7.540999999999999e-88	0.2582	0.03255	0.2256	Dock10	novel	novel_in_catalog	combination_of_known_splicesites	FALSE	0.06585491511477005	0.9553599400330272	FALSE
ENSMUSG00000031229.18	ESPRESSO:chrX:1412:82	6.437e-88	4.947e-84	0.1676	0.01189	0.1557	Atrx	novel	novel_in_catalog	combination_of_known_junctions	FALSE	0.14061767458379532	0.8783409136621808	FALSE
ENSMUSG00000030127.17	ENSMUST00000112439.10	3.898e-77	2.809e-73	0.2517	0.06046	0.1912	Cops7a	GENCODE	full-splice_match	reference_match	FALSE	-0.49070143599853205	0.6378898655085247	FALSE
ENSMUSG00000027641.15	ENSMUST00000029170.9	5.901e-71	3.7789999999999995e-67	0.144	0.4188	-0.2748	Rbl1	GENCODE	full-splice_match	reference_match	FALSE	-0.3298474087991664	0.7033379164513324	FALSE
ENSMUSG00000028560.13	ENSMUST00000091358.12	1.6290000000000002e-69	9.884e-66	0.3234	0.4606	-0.1372	Usp1	GENCODE	full-splice_match	reference_match	FALSE	0.2693671504371861	0.6572088591946235	FALSE
ENSMUSG00000051735.9	ENSMUST00000454228.1	1.172e-68	6.434e-65	0.1733	0.02465	0.1487	Rinl	GENCODE	full-splice_match	reference_match	FALSE	-0.5138714350773715	0.5206831876937372	FALSE
ENSMUSG00000040945.15	ENSMUST00000038893.7	1.371e-66	6.872000000000001e-63	0.3768	0.229	0.1478	Rcc2	GENCODE	full-splice_match	reference_match	FALSE	0.11795076254412933	0.9260354800061285	FALSE
ENSMUSG00000057729.14	ENSMUST00000165982.2	9.39e-65	4.33e-61	0.4428	0.3063	0.1365	Prtn3	GENCODE	full-splice_match	reference_match	FALSE	0.1636319573275345	0.9634910196227248	FALSE
ENSMUSG00000057729.14	ENSMUST00000006679.15	6.309e-62	2.797e-58	0.4545	0.5702	-0.1157	Prtn3	GENCODE	full-splice_match	reference_match	NA	0.1636319573275345	0.9634910196227248	FALSE
ENSMUSG00000041870.19	ENSMUST00000102578.11	2.206e-59	9.083e-56	0.6468	0.5259	0.1208	Ankrd13a	GENCODE	full-splice_match	reference_match	FALSE	0.33360788431491156	0.7952905302458093	FALSE
ENSMUSG00000020330.18	ENSMUST00000543700.1	1.547e-58	5.7529999999999995e-55	0.2658	0.06336	0.2024	Hmmr	GENCODE	full-splice_match	reference_match	FALSE	-0.6638955408353082	0.164963537421631	FALSE
ENSMUSG00000038608.17	ENSMUST00000077946.12	1.5430000000000001e-58	5.7529999999999995e-55	0.3057	0.5735	-0.2678	Dock10	GENCODE	full-splice_match	reference_match	FALSE	0.06585491511477005	0.9553599400330272	FALSE
ENSMUSG00000017686.19	ENSMUST00000092857.14	1.6349999999999997e-55	5.544e-52	0.651	0.4894	0.1615	Rhot1	GENCODE	full-splice_match	reference_match	FALSE	0.31016288833261013	0.7499085367513838	FALSE
ENSMUSG00000040945.15	ENSMUST00000395170.1	2.2349999999999994e-54	7.362e-51	0.58	0.7193	-0.1393	Rcc2	GENCODE	full-splice_match	reference_match	FALSE	0.11795076254412933	0.9260354800061285	FALSE
ENSMUSG00000017561.18	ENSMUST00000103233.11	9.121999999999998e-54	2.8420000000000002e-50	0.1938	0.07879	0.115	Crlf3	GENCODE	full-splice_match	reference_match	FALSE	0.01418942821175753	0.9931416147608088	FALSE
ENSMUSG00000000631.22	ENSMUST00000100794.11	2.817e-50	8.118999999999999e-47	0	0.14	-0.14	Myo18a	GENCODE	full-splice_match	reference_match	FALSE	0.06711299174946071	0.9741170415936116	FALSE
ENSMUSG00000015357.12	ENSMUST00000113824.9	1.951e-48	5.231e-45	0.3356	0.1826	0.153	Clpx	GENCODE	full-splice_match	reference_match	FALSE	-0.1269808358126022	0.906871908616782	FALSE
ENSMUSG00000020330.18	ENSMUST00000020579.10	2.727e-48	7.145e-45	0.6087	0.8336	-0.225	Hmmr	GENCODE	full-splice_match	reference_match	FALSE	-0.6638955408353082	0.164963537421631	FALSE
ENSMUSG00000056724.17	ENSMUST00000167320.9	2.751e-47	7.048e-44	0.604	0.3333	0.2706	Nbeal2	GENCODE	full-splice_match	reference_match	FALSE	0.33815114192450846	0.8631348862610576	FALSE
ENSMUSG00000017561.18	ENSMUST00000061283.16	6.871999999999999e-47	1.722e-43	0.8008	0.9118	-0.111	Crlf3	GENCODE	full-splice_match	reference_match	FALSE	0.01418942821175753	0.9931416147608088	FALSE
ENSMUSG00000056724.17	ENSMUST00000527883.1	4.4409999999999995e-46	1.089e-42	0.3861	0.6569	-0.2708	Nbeal2	GENCODE	full-splice_match	reference_match	FALSE	0.33815114192450846	0.8631348862610576	FALSE
ENSMUSG00000025204.12	ENSMUST00000026222.12	2.241e-45	5.3819999999999994e-42	0.5758	0.368	0.2078	Ndufb8	GENCODE	full-splice_match	reference_match	FALSE	0.7594218079012361	0.23362203014482716	FALSE
ENSMUSG00000024608.13	ENSMUST00000025511.12	1.747e-44	4.11e-41	0.897	0.7531	0.1439	Rps14	GENCODE	full-splice_match	reference_match	FALSE	1.691863919825812	0.03235063795916464	TRUE
ENSMUSG00000040723.16	ENSMUST00000097474.10	1.831e-43	4.222e-40	0.2925	0.1542	0.1384	Rcsd1	GENCODE	full-splice_match	reference_match	FALSE	0.09176733285728346	0.970751724777298	FALSE
ENSMUSG00000054428.14	ENSMUST00000067496.8	1.0419999999999999e-41	2.267e-38	0.8694	0.6456	0.2238	Atp5if1	GENCODE	full-splice_match	reference_match	FALSE	1.4895671598175244	0.03235063795916464	TRUE
ENSMUSG00000015357.12	ENSMUST00000015501.12	1.3749999999999998e-41	2.882e-38	0.595	0.7435	-0.1484	Clpx	GENCODE	full-splice_match	reference_match	FALSE	-0.1269808358126022	0.906871908616782	FALSE
ENSMUSG00000054428.14	ENSMUST00000145795.2	4.732e-40	9.406e-37	0.1068	0.321	-0.2142	Atp5if1	GENCODE	full-splice_match	reference_match	NA	1.4895671598175244	0.03235063795916464	TRUE
ENSMUSG00000025153.11	ENSMUST00000416713.1	6.905e-40	1.349e-36	0.1194	0.01422	0.1052	Fasn	GENCODE	full-splice_match	reference_match	FALSE	0.231535675009588	0.8221761151320853	FALSE
ENSMUSG00000020422.16	ENSMUST00000239111.3	8.119e-40	1.534e-36	0.4867	0	0.4867	Tns3	GENCODE	full-splice_match	reference_match	FALSE	-0.10910636835117173	0.9741170415936116	FALSE
ENSMUSG00000005698.17	ESPRESSO:chr8:1370:55	2.303e-39	4.2819999999999996e-36	0.0065	0.1117	-0.1052	Ctcf	novel	novel_in_catalog	combination_of_known_junctions	FALSE	0.19288799765119777	0.8921268882970996	FALSE
ENSMUSG00000034801.15	ENSMUST00000462599.1	9.417999999999999e-39	1.696e-35	0.2367	0	0.2367	Sos2	GENCODE	full-splice_match	reference_match	FALSE	0.2740434955006498	0.863875591000879	FALSE
ENSMUSG00000020422.16	ENSMUST00000020695.14	2.716e-38	4.7440000000000003e-35	0.4867	0.9909	-0.5042	Tns3	GENCODE	full-splice_match	reference_match	FALSE	-0.10910636835117173	0.9741170415936116	FALSE
ENSMUSG00000040723.16	ENSMUST00000040357.12	3.761e-38	6.471e-35	0.5816	0.7336	-0.152	Rcsd1	GENCODE	full-splice_match	reference_match	FALSE	0.09176733285728346	0.970751724777298	FALSE
ENSMUSG00000031592.12	ENSMUST00000045218.10	2.765e-37	4.688e-34	0.1891	0.4072	-0.2181	Pcm1	GENCODE	full-splice_match	reference_match	FALSE	-0.04647824076243891	0.9741170415936116	FALSE
ENSMUSG00000029227.17	ENSMUST00000113536.9	5.427e-37	9.066999999999999e-34	0.1351	0.2388	-0.1037	Fip1l1	GENCODE	full-splice_match	reference_match	FALSE	0.05975047766906243	0.9553441940608728	FALSE
ENSMUSG00000054874.14	ENSMUST00000554059.1	1.898e-35	2.957e-32	0.4802	0.1202	0.3601	Pcnx3	GENCODE	full-splice_match	reference_match	FALSE	-0.04419387169207742	0.980377074496227	FALSE
ENSMUSG00000015291.12	ENSMUST00000015435.12	2.414e-35	3.711e-32	0.2659	0.3727	-0.1067	Gdi1	GENCODE	full-splice_match	reference_match	FALSE	-0.16174434943677057	0.8747138809251277	FALSE
ENSMUSG00000021711.19	ENSMUST00000022224.17	7.027e-35	1.066e-31	0.1584	0.2619	-0.1035	Trappc13	GENCODE	full-splice_match	reference_match	FALSE	0.31038341658449525	0.8032079483646296	FALSE
ENSMUSG00000027303.20	ESPRESSO:chr2:1836:14	1.9509999999999998e-34	2.921e-31	0.1978	0.3327	-0.1349	Ptpra	novel	novel_not_in_catalog	at_least_one_novel_splicesite	FALSE	0.25121738715171615	0.9273278314145104	FALSE
ENSMUSG00000051735.9	ENSMUST00000209035.3	2.539e-34	3.7529999999999996e-31	0.1167	0.2421	-0.1254	Rinl	GENCODE	full-splice_match	reference_match	FALSE	-0.5138714350773715	0.5206831876937372	FALSE
ENSMUSG00000028578.10	ENSMUST00000030313.10	3.971e-34	5.795e-31	0.3729	0.7539	-0.381	Caap1	GENCODE	full-splice_match	reference_match	FALSE	-1.5206704687991908	0.2339095145988414	FALSE
ENSMUSG00000004263.17	ENSMUST00000088357.13	4.084e-34	5.885e-31	0	0.7129	-0.7129	Atn1	GENCODE	full-splice_match	reference_match	FALSE	-1.399643151582282	0.4985561892408517	FALSE
ENSMUSG00000004263.17	ENSMUST00000507053.1	6.694e-33	8.972999999999999e-30	0.9243	0.1893	0.7351	Atn1	GENCODE	full-splice_match	reference_match	FALSE	-1.399643151582282	0.4985561892408517	FALSE
ENSMUSG00000025204.12	ENSMUST00000171415.9	1.449e-32	1.9200000000000002e-29	0.3707	0.5517	-0.181	Ndufb8	GENCODE	full-splice_match	reference_match	FALSE	0.7594218079012361	0.23362203014482716	FALSE
ENSMUSG00000106918.5	ENSMUST00000031024.14	6.58e-32	8.156999999999999e-29	0.5705	0.2531	0.3174	Mrpl33	GENCODE	full-splice_match	reference_match	NA	0.5964517895740956	0.5036475925410479	FALSE
ENSMUSG00000030127.17	ENSMUST00000577516.1	1.6409999999999999e-31	2.013e-28	0.4761	0.6441	-0.168	Cops7a	GENCODE	full-splice_match	reference_match	FALSE	-0.49070143599853205	0.6378898655085247	FALSE
ENSMUSG00000031878.20	ENSMUST00000034349.11	2.4799999999999996e-31	2.978e-28	0.7601	0.8696	-0.1095	Nae1	GENCODE	full-splice_match	reference_match	FALSE	-0.2891660931400497	0.7044438713565908	FALSE
ENSMUSG00000040374.15	ENSMUST00000059021.11	9.023999999999999e-31	1.051e-27	0.1593	0.2843	-0.125	Pex2	GENCODE	full-splice_match	reference_match	FALSE	-0.5210662231301725	0.2534553108254913	FALSE
ENSMUSG00000021711.19	ENSMUST00000144060.9	3.8009999999999996e-30	4.339e-27	0.348	0.2435	0.1045	Trappc13	GENCODE	full-splice_match	reference_match	FALSE	0.31038341658449525	0.8032079483646296	FALSE
ENSMUSG00000027641.15	ENSMUST00000124518.2	6.0409999999999996e-30	6.828e-27	0.6148	0.4212	0.1936	Rbl1	GENCODE	full-splice_match	reference_match	FALSE	-0.3298474087991664	0.7033379164513324	FALSE
ENSMUSG00000029629.19	ESPRESSO:chr6:102:6	1.345e-29	1.4770000000000002e-26	0.193	0.03748	0.1555	Phf14	novel	novel_not_in_catalog	at_least_one_novel_splicesite	FALSE	-0.09265119941592528	0.9517145584497472	FALSE
ENSMUSG00000041841.10	ENSMUST00000045356.10	1.62e-29	1.7620000000000002e-26	0.8855	0.524	0.3616	Rpl37	GENCODE	full-splice_match	reference_match	NA	1.753980083155995	0.0243964110676471	TRUE
ENSMUSG00000007880.18	ENSMUST00000008024.8	1.664e-29	1.776e-26	0.6981	0.4758	0.2223	Arid1a	GENCODE	full-splice_match	reference_match	FALSE	0.26875021176180297	0.7552347529608956	FALSE
ENSMUSG00000007880.18	ENSMUST00000145664.9	1.664e-29	1.776e-26	0.301	0.5229	-0.2219	Arid1a	GENCODE	full-splice_match	reference_match	FALSE	0.26875021176180297	0.7552347529608956	FALSE
ENSMUSG00000028578.10	ENSMUST00000153294.2	3.302e-29	3.429e-26	0.4483	0.09554	0.3527	Caap1	GENCODE	full-splice_match	reference_match	FALSE	-1.5206704687991908	0.2339095145988414	FALSE
ENSMUSG00000025153.11	ENSMUST00000055655.10	3.541e-29	3.6450000000000006e-26	0.8435	0.9534	-0.1099	Fasn	GENCODE	full-splice_match	reference_match	FALSE	0.231535675009588	0.8221761151320853	FALSE
ENSMUSG00000027300.12	ESPRESSO:chr2:1839:17	4.2469999999999997e-29	4.3330000000000006e-26	0.5372	0.3356	0.2015	Ubox5	novel	novel_in_catalog	combination_of_known_splicesites	FALSE	-0.5330634360325889	0.4974216211794056	FALSE
ENSMUSG00000040363.17	ENSMUST00000124033.9	1.149e-28	1.123e-25	0.3651	0.1633	0.2018	Bcor	GENCODE	full-splice_match	reference_match	FALSE	0.07469546115662776	0.9529058497360882	FALSE
ENSMUSG00000054611.19	ENSMUST00000430540.1	1.838e-28	1.781e-25	0.1601	0	0.1601	Kdm2a	GENCODE	full-splice_match	reference_match	FALSE	0.4420580528022927	0.6142490565347524	FALSE
ENSMUSG00000037876.19	ENSMUST00000531654.1	7.1099999999999995e-28	6.719e-25	0.2696	0.3905	-0.1209	Jmjd1c	GENCODE	full-splice_match	reference_match	FALSE	-0.03085383673013906	0.986555394286664	FALSE
ENSMUSG00000013236.19	ENSMUST00000391309.1	1.428e-27	1.338e-24	0.07323	0.1931	-0.1199	Ptprs	GENCODE	full-splice_match	reference_match	FALSE	0.1818123705095677	0.8833554207172618	FALSE
ENSMUSG00000027303.20	ENSMUST00000028769.15	7.796e-27	6.966999999999999e-24	0.5734	0.4452	0.1282	Ptpra	GENCODE	full-splice_match	reference_match	FALSE	0.25121738715171615	0.9273278314145104	FALSE
ENSMUSG00000020022.19	ENSMUST00000125379.2	9.245e-27	8.136e-24	0.1404	0.3371	-0.1967	Ndufa12	GENCODE	full-splice_match	reference_match	NA	0.949189792134324	0.12463657809336973	FALSE
ENSMUSG00000034354.20	ENSMUST00000109943.11	1.5690000000000003e-26	1.34e-23	0.5604	0.3714	0.189	Mtmr3	GENCODE	full-splice_match	reference_match	FALSE	0.4628380573072284	0.4070432262982424	FALSE
ENSMUSG00000034269.14	ENSMUST00000113157.9	3.225e-26	2.734e-23	0.2939	0.1522	0.1417	Setd5	GENCODE	full-splice_match	reference_match	FALSE	0.05663499223168478	0.9609780401746648	FALSE
ENSMUSG00000025453.20	ENSMUST00000099149.11	3.306e-26	2.782e-23	0.3737	0.6662	-0.2925	Nnt	GENCODE	full-splice_match	reference_match	FALSE	0.2770338162369759	0.8649089594601584	FALSE
ENSMUSG00000037876.19	ENSMUST00000531652.1	1.13e-25	9.305e-23	0.5136	0.3765	0.1371	Jmjd1c	GENCODE	full-splice_match	reference_match	FALSE	-0.03085383673013906	0.986555394286664	FALSE
ENSMUSG00000037400.19	ENSMUST00000200351.2	1.423e-25	1.1629999999999998e-22	0.1378	0.03527	0.1026	Atp11b	GENCODE	full-splice_match	mono-exon	NA	-0.6937286460299241	0.5548753625228999	FALSE
ENSMUSG00000027397.16	ENSMUST00000028880.11	8.309e-25	6.561e-22	0.04794	0.2358	-0.1878	Slc20a1	GENCODE	full-splice_match	reference_match	FALSE	-0.2308402927509902	0.888222258380456	FALSE
ENSMUSG00000039473.10	ENSMUST00000230703.3	2.5949999999999998e-24	1.981e-21	0.4555	0.1877	0.2678	Ubn1	GENCODE	full-splice_match	reference_match	FALSE	0.6614326475574122	0.3774154971522449	FALSE
ENSMUSG00000021709.16	ENSMUST00000188997.8	5.953e-24	4.371e-21	0.288	0.1499	0.1381	Erbin	GENCODE	full-splice_match	reference_match	FALSE	0.17935283213552408	0.8698020273360699	FALSE
ENSMUSG00000037896.19	ENSMUST00000084968.15	5.449e-23	3.8540000000000005e-20	0.8276	0.4897	0.3379	Rcor1	GENCODE	full-splice_match	reference_match	FALSE	0.4555372840459088	0.8560254219252563	FALSE
ENSMUSG00000024038.19	ENSMUST00000046288.17	7.081e-23	4.9780000000000006e-20	0.6859	0.8894	-0.2034	Ndufv3	GENCODE	full-splice_match	reference_match	FALSE	0.03967435307137977	0.9811213801691758	FALSE
ENSMUSG00000029462.20	ENSMUST00000118830.9	1.0339999999999998e-22	6.971000000000001e-20	0.4991	0.3507	0.1485	Vps29	GENCODE	full-splice_match	reference_match	FALSE	0.04437670360708969	0.9748298670206182	FALSE
ENSMUSG00000024317.17	ENSMUST00000234536.3	1.1779999999999998e-22	7.896e-20	0.1836	0.3384	-0.1549	Rnf138	GENCODE	full-splice_match	reference_match	FALSE	-0.2938948024282927	0.8487603765159569	FALSE
ENSMUSG00000029629.19	ESPRESSO:chr6:102:14	1.255e-22	8.315e-20	0.3014	0.5216	-0.2202	Phf14	novel	novel_in_catalog	combination_of_known_junctions	FALSE	-0.09265119941592528	0.9517145584497472	FALSE
ENSMUSG00000024038.19	ENSMUST00000064798.17	1.7319999999999998e-22	1.128e-19	0.2482	0.06893	0.1793	Ndufv3	GENCODE	full-splice_match	reference_match	FALSE	0.03967435307137977	0.9811213801691758	FALSE
ENSMUSG00000021068.19	ENSMUST00000428515.1	4.575e-22	2.898e-19	0.1707	0.04135	0.1294	Nin	GENCODE	full-splice_match	reference_match	FALSE	0.15774179110788092	0.9285584227508604	FALSE
ENSMUSG00000029916.13	ENSMUST00000202949.2	6.391999999999999e-22	4.005e-19	0.183	0.01666	0.1663	Agk	GENCODE	full-splice_match	reference_match	FALSE	-2.0435143617596476	0.15261390241742093	FALSE
ENSMUSG00000037896.19	ENSMUST00000116388.5	8.555e-22	5.274e-19	0.1653	0.4959	-0.3306	Rcor1	GENCODE	full-splice_match	reference_match	FALSE	0.4555372840459088	0.8560254219252563	FALSE
ENSMUSG00000029462.20	ENSMUST00000155671.9	9.160999999999999e-22	5.588e-19	0.4552	0.6036	-0.1484	Vps29	GENCODE	full-splice_match	reference_match	FALSE	0.04437670360708969	0.9748298670206182	FALSE
ENSMUSG00000040363.17	ENSMUST00000115513.10	1.064e-21	6.456e-19	0.05421	0.1776	-0.1234	Bcor	GENCODE	full-splice_match	reference_match	FALSE	0.07469546115662776	0.9529058497360882	FALSE
ENSMUSG00000029916.13	ENSMUST00000031977.13	1.766e-21	1.06e-18	0.6525	0.9069	-0.2544	Agk	GENCODE	full-splice_match	reference_match	FALSE	-2.0435143617596476	0.15261390241742093	FALSE
ENSMUSG00000035215.11	ENSMUST00000035775.10	1.974e-21	1.179e-18	0.8026	0.5435	0.2591	Lsm7	GENCODE	full-splice_match	reference_match	FALSE	1.5139781911814525	0.05950423404397983	FALSE
ENSMUSG00000038506.15	ENSMUST00000110840.9	2.662e-21	1.574e-18	0.6775	0.4357	0.2418	Dcun1d2	GENCODE	full-splice_match	reference_match	FALSE	-0.10661070291586922	0.9682557091671306	FALSE
ENSMUSG00000028936.17	ENSMUST00000103191.12	4.198e-21	2.432e-18	0.3357	0.1336	0.2021	Rpl22	GENCODE	full-splice_match	reference_match	FALSE	0.1066207721983857	0.9315921286364522	FALSE
ENSMUSG00000024251.12	ENSMUST00000047524.11	6.5560000000000004e-21	3.742e-18	0.6145	0.305	0.3095	Thada	GENCODE	full-splice_match	reference_match	FALSE	0.05574812154939255	0.9765538933325552	FALSE
ENSMUSG00000040054.19	ENSMUST00000220049.2	7.061000000000001e-21	4.01e-18	0.1486	0.4329	-0.2844	Baz2a	GENCODE	full-splice_match	reference_match	FALSE	0.10215943043132676	0.9475883261569452	FALSE
ENSMUSG00000106918.5	ENSMUST00000201620.2	9.388e-21	5.228e-18	0.3052	0.5661	-0.2609	Mrpl33	GENCODE	full-splice_match	reference_match	NA	0.5964517895740956	0.5036475925410479	FALSE
ENSMUSG00000022070.9	ENSMUST00000022656.9	1.03e-20	5.654e-18	0.576	0.7266	-0.1506	Bora	GENCODE	full-splice_match	reference_match	FALSE	-0.3416760979596236	0.7832645667833729	FALSE
ENSMUSG00000039473.10	ENSMUST00000525337.1	1.357e-20	7.414e-18	0.09165	0.2655	-0.1739	Ubn1	GENCODE	full-splice_match	reference_match	FALSE	0.6614326475574122	0.3774154971522449	FALSE
ENSMUSG00000050410.17	ENSMUST00000160885.3	5.4210000000000005e-20	2.92e-17	0.2991	0.08341	0.2157	Tcf19	GENCODE	full-splice_match	reference_match	FALSE	-0.02626545353971631	0.9884521972488916	FALSE
ENSMUSG00000017778.16	ENSMUST00000132233.2	1.132e-19	5.878e-17	0.3089	0.6682	-0.3593	Cox7c	GENCODE	full-splice_match	reference_match	NA	0.9055738419342536	0.3373721574337533	FALSE
ENSMUSG00000003992.17	ENSMUST00000004094.16	2.514e-19	1.288e-16	0.5546	0.659	-0.1045	Ssbp2	GENCODE	full-splice_match	reference_match	FALSE	0.1410590817783587	0.9136587804799592	FALSE
ENSMUSG00000037400.19	ENSMUST00000029257.16	3.652e-19	1.847e-16	0.6057	0.7563	-0.1507	Atp11b	GENCODE	full-splice_match	reference_match	FALSE	-0.6937286460299241	0.5548753625228999	FALSE
ENSMUSG00000036777.10	ESPRESSO:chr9:271:12	4.021e-19	2.015e-16	0.04463	0.1728	-0.1281	Anln	novel	novel_in_catalog	combination_of_known_junctions	FALSE	-0.1381218679178138	0.9741170415936116	FALSE
ENSMUSG00000041530.19	ENSMUST00000239428.2	4.433e-19	2.203e-16	0.4733	0.08216	0.3912	Ago1	GENCODE	full-splice_match	reference_match	FALSE	0.3640968804669464	0.851374297135837	FALSE
ENSMUSG00000025290.19	ENSMUST00000225023.3	5.116e-19	2.52e-16	0.815	0.6159	0.1991	Rps24	GENCODE	full-splice_match	reference_match	FALSE	1.1700798635007263	0.04264103474017907	TRUE
ENSMUSG00000032228.18	ENSMUST00000183404.8	6.858e-19	3.35e-16	0.05195	0.16	-0.1081	Tcf12	GENCODE	full-splice_match	reference_match	FALSE	0.26811746032892125	0.7968207639734094	FALSE
ENSMUSG00000031822.22	ENSMUST00000118136.3	6.987e-19	3.399e-16	0.6523	0.4815	0.1708	Gse1	GENCODE	full-splice_match	reference_match	FALSE	0.12478678503125656	0.9513534859616952	FALSE
ENSMUSG00000028936.17	ENSMUST00000139685.9	8.857e-19	4.254e-16	0.1361	0.3264	-0.1903	Rpl22	GENCODE	full-splice_match	reference_match	FALSE	0.1066207721983857	0.9315921286364522	FALSE
ENSMUSG00000028936.17	ENSMUST00000188151.3	8.857e-19	4.254e-16	0.1361	0.3264	-0.1903	Rpl22	GENCODE	full-splice_match	reference_match	FALSE	0.1066207721983857	0.9315921286364522	FALSE
ENSMUSG00000040374.15	ENSMUST00000412022.1	9.797e-19	4.686e-16	0.5114	0.4024	0.109	Pex2	GENCODE	full-splice_match	reference_match	FALSE	-0.5210662231301725	0.2534553108254913	FALSE
ENSMUSG00000036199.11	ESPRESSO:chr8:822:3	1.5e-18	7.087e-16	0.9147	0.5893	0.3253	Ndufa13	novel	novel_not_in_catalog	at_least_one_novel_splicesite	FALSE	1.6098756949788928	0.08369006435629295	FALSE
ENSMUSG00000021488.10	ESPRESSO:chr13:885:74	1.658e-18	7.802e-16	0.2484	0.08979	0.1586	Nsd1	novel	novel_in_catalog	combination_of_known_junctions	FALSE	0.2032157084669194	0.8305117472139495	FALSE
ENSMUSG00000054611.19	ENSMUST00000047898.14	2.11e-18	9.769e-16	0.2588	0.5007	-0.2419	Kdm2a	GENCODE	full-splice_match	reference_match	FALSE	0.4420580528022927	0.6142490565347524	FALSE
ENSMUSG00000022855.11	ENSMUST00000231408.2	2.547e-18	1.17e-15	0.295	0.09942	0.1955	Senp2	GENCODE	full-splice_match	mono-exon	NA	-1.313940873427797	0.1308042526796799	FALSE
ENSMUSG00000030766.17	ENSMUST00000207010.3	2.637e-18	1.197e-15	0.1912	0.3224	-0.1312	Arhgap17	GENCODE	full-splice_match	reference_match	FALSE	-0.16169714039003807	0.9136587804799592	FALSE
ENSMUSG00000038690.17	ENSMUST00000161741.8	2.724e-18	1.232e-15	0.6917	0.3529	0.3388	Atp5mf	GENCODE	full-splice_match	reference_match	NA	1.320729914239258	0.06394455972031785	FALSE
ENSMUSG00000017778.16	ENSMUST00000131011.2	4.099e-18	1.825e-15	0.6557	0.322	0.3337	Cox7c	GENCODE	full-splice_match	reference_match	NA	0.9055738419342536	0.3373721574337533	FALSE
ENSMUSG00000050732.11	ENSMUST00000059983.10	6.021e-18	2.649e-15	0.6636	0.486	0.1776	Vamp8	GENCODE	full-splice_match	reference_match	FALSE	0.6633926896201954	0.3453330914621184	FALSE
ENSMUSG00000030766.17	ENSMUST00000106442.10	6.233e-18	2.732e-15	0.2726	0.1546	0.1181	Arhgap17	GENCODE	full-splice_match	reference_match	FALSE	-0.16169714039003807	0.9136587804799592	FALSE
ENSMUSG00000038506.15	ENSMUST00000045366.11	7.673e-18	3.313e-15	0.09621	0.2519	-0.1557	Dcun1d2	GENCODE	full-splice_match	reference_match	FALSE	-0.10661070291586922	0.9682557091671306	FALSE
ENSMUSG00000010608.17	ENSMUST00000048155.17	8.932e-18	3.842e-15	0.5196	0.6295	-0.1098	Rbm25	GENCODE	full-splice_match	reference_match	FALSE	0.04253574174151431	0.9800523366917374	FALSE
ENSMUSG00000035632.18	ENSMUST00000206331.2	1.161e-17	4.939e-15	0.3111	0.2057	0.1054	Cnot3	GENCODE	full-splice_match	mono-exon	NA	-0.29313024878594307	0.7787684195802934	FALSE
ENSMUSG00000054874.14	ENSMUST00000113615.10	1.482e-17	6.19e-15	0.2057	0.4407	-0.235	Pcnx3	GENCODE	full-splice_match	reference_match	FALSE	-0.04419387169207742	0.980377074496227	FALSE
ENSMUSG00000022000.13	ENSMUST00000463387.1	1.864e-17	7.73e-15	0.4156	0.2837	0.132	Zc3h13	GENCODE	full-splice_match	reference_match	FALSE	-0.02647544356444564	0.984774436270924	FALSE
ENSMUSG00000021068.19	ENSMUST00000095666.14	2.791e-17	1.133e-14	0.01114	0.1281	-0.117	Nin	GENCODE	full-splice_match	reference_match	FALSE	0.15774179110788092	0.9285584227508604	FALSE
ENSMUSG00000078773.13	ENSMUST00000095145.13	3.937e-17	1.576e-14	0.06922	0.1881	-0.1189	Rad54b	GENCODE	full-splice_match	reference_match	FALSE	0.3540813905046374	0.7410897981169566	FALSE
ENSMUSG00000027679.15	ENSMUST00000108195.10	4.364e-17	1.735e-14	0.7762	0.5363	0.2399	Dnajc19	GENCODE	full-splice_match	reference_match	FALSE	1.0368898162214353	0.3036729957404716	FALSE
ENSMUSG00000078773.13	ENSMUST00000070755.14	5.191e-17	2.056e-14	0.5754	0.3895	0.1859	Rad54b	GENCODE	full-splice_match	reference_match	FALSE	0.3540813905046374	0.7410897981169566	FALSE
ENSMUSG00000002010.19	ENSMUST00000052761.10	6.115e-17	2.414e-14	0.6198	0.7309	-0.1111	Idh3g	GENCODE	full-splice_match	reference_match	FALSE	-0.01125125685480087	0.9934732594453016	FALSE
ENSMUSG00000022890.15	ENSMUST00000411871.1	1.042e-16	4.086e-14	0.5773	0.3878	0.1896	Atp5pf	GENCODE	full-splice_match	reference_match	FALSE	1.1294862095425648	0.0613743587896079	FALSE
ENSMUSG00000038690.17	ENSMUST00000200584.2	1.457e-16	5.656e-14	0.3002	0.6167	-0.3166	Atp5mf	GENCODE	full-splice_match	mono-exon	NA	1.320729914239258	0.06394455972031785	FALSE
ENSMUSG00000042700.18	ENSMUST00000053969.8	1.463e-16	5.66e-14	0.07837	0.2406	-0.1622	Sipa1l1	GENCODE	full-splice_match	reference_match	FALSE	-0.0692944208159004	0.9741170415936116	FALSE
ENSMUSG00000024251.12	ENSMUST00000527972.1	1.809e-16	6.975e-14	0.2187	0.5041	-0.2854	Thada	GENCODE	full-splice_match	reference_match	FALSE	0.05574812154939255	0.9765538933325552	FALSE
ENSMUSG00000047213.16	ENSMUST00000108346.6	2.697e-16	1.019e-13	0.1778	0.313	-0.1351	Ythdf3	GENCODE	full-splice_match	reference_match	FALSE	0.01576309949272021	0.9931331674321768	FALSE
ENSMUSG00000002010.19	ENSMUST00000468421.1	3.241e-16	1.217e-13	0.3425	0.2316	0.111	Idh3g	GENCODE	full-splice_match	reference_match	FALSE	-0.01125125685480087	0.9934732594453016	FALSE
ENSMUSG00000074151.15	ESPRESSO:chr8:1224:19	3.935e-16	1.463e-13	0.4257	0.04439	0.3813	Nlrc5	novel	novel_in_catalog	combination_of_known_junctions	FALSE	0.37707869243953623	0.8698020273360699	FALSE
ENSMUSG00000032525.17	ENSMUST00000035112.13	5.082e-16	1.878e-13	0.338	0.1897	0.1482	Nktr	GENCODE	full-splice_match	reference_match	FALSE	0.48909319771609694	0.3904455971197968	FALSE
ENSMUSG00000028936.17	ENSMUST00000142735.8	6.217e-16	2.268e-13	0.3575	0.1688	0.1887	Rpl22	GENCODE	full-splice_match	reference_match	FALSE	0.1066207721983857	0.9315921286364522	FALSE
ENSMUSG00000027346.17	ENSMUST00000060955.13	1.026e-15	3.673e-13	0.3319	0.4952	-0.1633	Gpcpd1	GENCODE	full-splice_match	reference_match	FALSE	-0.3123701536586686	0.8123695748118992	FALSE
ENSMUSG00000035215.11	ENSMUST00000218931.2	1.185e-15	4.203e-13	0.05817	0.209	-0.1509	Lsm7	GENCODE	full-splice_match	reference_match	FALSE	1.5139781911814525	0.05950423404397983	FALSE
ENSMUSG00000008668.17	ENSMUST00000008812.9	1.509e-15	5.336e-13	0.8647	0.7531	0.1116	Rps18	GENCODE	full-splice_match	reference_match	FALSE	1.3566313630212057	0.02513329275159671	TRUE
ENSMUSG00000014313.17	ENSMUST00000014457.15	2.014e-15	6.993e-13	0.6954	0.4114	0.284	Cox6c	GENCODE	full-splice_match	reference_match	NA	1.2124343765673051	0.071307925184225	FALSE
ENSMUSG00000014496.10	ENSMUST00000227863.2	2.185e-15	7.542e-13	0.2422	0.395	-0.1527	Ankrd28	GENCODE	full-splice_match	reference_match	FALSE	0.04437965562150324	0.9801382151104971	FALSE
ENSMUSG00000033502.17	ENSMUST00000090464.8	2.701e-15	9.24e-13	0.4652	0.8816	-0.4164	Cdc14a	GENCODE	full-splice_match	reference_match	FALSE	-1.9124946035320791	0.03235063795916464	TRUE
ENSMUSG00000037475.17	ESPRESSO:chrX:532:15	2.883e-15	9.833e-13	0.1316	0.01613	0.1155	Thoc2	novel	novel_in_catalog	combination_of_known_junctions	FALSE	0.28184421103938334	0.8309451394137736	FALSE
ENSMUSG00000040054.19	ENSMUST00000045621.9	4.041e-15	1.362e-12	0.7743	0.5229	0.2514	Baz2a	GENCODE	full-splice_match	reference_match	FALSE	0.10215943043132676	0.9475883261569452	FALSE
ENSMUSG00000050732.11	ENSMUST00000142613.2	4.37e-15	1.469e-12	0.2423	0.3868	-0.1445	Vamp8	GENCODE	full-splice_match	reference_match	NA	0.6633926896201954	0.3453330914621184	FALSE
ENSMUSG00000024780.9	ENSMUST00000050148.6	4.579e-15	1.535e-12	0.2561	0.4477	-0.1916	Cdc37l1	GENCODE	full-splice_match	reference_match	FALSE	-0.14548955858907128	0.9326916094134964	FALSE
ENSMUSG00000031262.14	ENSMUST00000101251.9	4.96e-15	1.657e-12	0.1113	0.2331	-0.1218	Cenpi	GENCODE	full-splice_match	reference_match	FALSE	-0.2573891762826382	0.8305117472139495	FALSE
ENSMUSG00000078784.10	ENSMUST00000185384.8	6.228e-15	2.046e-12	0.36	0.1563	0.2037	Rbis	GENCODE	full-splice_match	reference_match	FALSE	0.605897356154204	0.4904989085058328	FALSE
ENSMUSG00000014496.10	ENSMUST00000014640.10	9.394e-15	3.042e-12	0.2971	0.1619	0.1352	Ankrd28	GENCODE	full-splice_match	reference_match	FALSE	0.04437965562150324	0.9801382151104971	FALSE
ENSMUSG00000024660.11	ENSMUST00000025562.10	9.645e-15	3.115e-12	0.42	0.305	0.115	Incenp	GENCODE	full-splice_match	reference_match	FALSE	0.2307891441155819	0.8032079483646296	FALSE
ENSMUSG00000000631.22	ESPRESSO:chr11:1182:7	1.296e-14	4.15e-12	0.4692	0.321	0.1483	Myo18a	novel	novel_in_catalog	combination_of_known_junctions	FALSE	0.06711299174946071	0.9741170415936116	FALSE
ENSMUSG00000054843.11	ENSMUST00000077282.8	1.583e-14	5.014e-12	0.7544	0.1768	0.5776	Atrnl1	GENCODE	full-splice_match	reference_match	FALSE	0.17562360759766182	0.942682747591764	FALSE
ENSMUSG00000036707.18	ENSMUST00000113360.9	1.658e-14	5.2369999999999996e-12	0.7195	0.5934	0.1261	Cab39	GENCODE	full-splice_match	reference_match	FALSE	0.49038804181705514	0.7027162003185177	FALSE
ENSMUSG00000047213.16	ENSMUST00000108345.10	1.671e-14	5.263e-12	0.646	0.5004	0.1456	Ythdf3	GENCODE	full-splice_match	reference_match	FALSE	0.01576309949272021	0.9931331674321768	FALSE
ENSMUSG00000031389.19	ENSMUST00000064376.14	2.997e-14	9.213e-12	0.3203	0.5138	-0.1934	Arhgap4	GENCODE	full-splice_match	reference_match	FALSE	-0.26495015947967915	0.8594179002592983	FALSE
ENSMUSG00000038717.11	ENSMUST00000043675.10	3.197e-14	9.776e-12	0.8463	0.6093	0.2369	Atp5mg	GENCODE	full-splice_match	reference_match	FALSE	1.3901847904404632	0.071307925184225	FALSE
ENSMUSG00000033931.11	ENSMUST00000045994.9	3.458e-14	1.052e-11	0.1881	0.3882	-0.2001	Rbm34	GENCODE	full-splice_match	reference_match	FALSE	-0.6525850472310272	0.4198578266677804	FALSE
ENSMUSG00000021470.21	ENSMUST00000095724.11	3.719e-14	1.128e-11	0.1321	0.02754	0.1046	Ercc6l2	GENCODE	full-splice_match	reference_match	FALSE	-0.0187348699389936	0.992035027905464	FALSE
ENSMUSG00000041975.19	ENSMUST00000521148.1	3.952e-14	1.193e-11	0.0958	0.2052	-0.1094	Mettl8	GENCODE	full-splice_match	reference_match	FALSE	-0.04606591738358154	0.9741170415936116	FALSE
ENSMUSG00000029394.13	ENSMUST00000031341.12	4.283e-14	1.286e-11	0.6042	0.411	0.1932	Cdk2ap1	GENCODE	full-splice_match	reference_match	FALSE	1.0501949504918668	0.7523288819366841	FALSE
ENSMUSG00000029177.11	ENSMUST00000133316.8	4.947e-14	1.474e-11	0.3127	0.4213	-0.1086	Cenpa	GENCODE	full-splice_match	reference_match	FALSE	-0.3843108242483722	0.7245393407714261	FALSE
ENSMUSG00000030869.13	ENSMUST00000123296.9	5.216e-14	1.538e-11	0.5941	0.4227	0.1713	Ndufab1	GENCODE	full-splice_match	reference_match	FALSE	0.511831237541308	0.3207199259880263	FALSE
ENSMUSG00000002489.18	ENSMUST00000430732.1	5.402e-14	1.586e-11	0.333	0.7075	-0.3745	Tiam1	GENCODE	full-splice_match	reference_match	FALSE	-0.724153634184131	0.6088471055042648	FALSE
ENSMUSG00000090862.5	ENSMUST00000170953.3	5.408e-14	1.586e-11	0.8825	0.6065	0.276	Rps13	GENCODE	full-splice_match	reference_match	FALSE	1.2965558748260406	0.164963537421631	FALSE
ENSMUSG00000042541.12	ENSMUST00000205180.2	5.615e-14	1.639e-11	0.06323	0.2848	-0.2216	Sem1	GENCODE	full-splice_match	mono-exon	NA	1.0462575375395342	0.17591946224554308	FALSE
ENSMUSG00000009741.18	ENSMUST00000009885.15	5.993e-14	1.736e-11	0.3053	0.171	0.1343	Ubp1	GENCODE	full-splice_match	reference_match	FALSE	0.5950272872231399	0.453665993791736	FALSE
ENSMUSG00000021366.10	ESPRESSO:chr13:670:4	1.722e-13	4.83e-11	0.5055	0.1627	0.3428	Hivep1	novel	novel_not_in_catalog	at_least_one_novel_splicesite	FALSE	0.08179874349716942	0.9741170415936116	FALSE
ENSMUSG00000023952.15	ENSMUST00000165686.2	1.826e-13	5.109e-11	0.7619	0.03819	0.7237	Gtpbp2	GENCODE	full-splice_match	reference_match	NA	-1.3296238458025358	0.6767836005891524	FALSE
ENSMUSG00000002297.18	ENSMUST00000171808.9	2.223e-13	6.16e-11	0.6697	0.7727	-0.103	Dbf4	GENCODE	full-splice_match	reference_match	FALSE	-0.15103919256565543	0.8818281331070391	FALSE
ENSMUSG00000008845.11	ENSMUST00000032234.6	2.59e-13	7.109e-11	0.444	0.2	0.244	Cd163	GENCODE	full-splice_match	reference_match	FALSE	0.4851750692533829	0.7027162003185177	FALSE
ENSMUSG00000054051.9	ENSMUST00000066807.9	2.841e-13	7.725e-11	0.4034	0.1271	0.2763	Ercc6	GENCODE	full-splice_match	reference_match	FALSE	-0.7624127967598882	0.7664226017214184	FALSE
ENSMUSG00000022346.19	ENSMUST00000022971.9	3.286e-13	8.851e-11	0.4257	0.3136	0.1121	Myc	GENCODE	full-splice_match	reference_match	FALSE	-0.48271134429713497	0.8677342064407804	FALSE
ENSMUSG00000032228.18	ENSMUST00000034755.14	3.391e-13	9.07e-11	0.64	0.5085	0.1315	Tcf12	GENCODE	full-splice_match	reference_match	FALSE	0.26811746032892125	0.7968207639734094	FALSE
ENSMUSG00000026566.17	ENSMUST00000068705.14	3.826e-13	1.016e-10	0.1599	0.3929	-0.233	Mpzl1	GENCODE	full-splice_match	reference_match	FALSE	0.5012492410702805	0.5311216351404522	FALSE
ENSMUSG00000008845.11	ESPRESSO:chr6:1814:23	4.645e-13	1.223e-10	0.1055	0.3565	-0.251	Cd163	novel	novel_not_in_catalog	at_least_one_novel_splicesite	FALSE	0.4851750692533829	0.7027162003185177	FALSE
ENSMUSG00000032803.17	ENSMUST00000035484.11	5.816e-13	1.52e-10	0.4185	0.2119	0.2067	Cdv3	GENCODE	full-splice_match	reference_match	FALSE	0.4316248578437003	0.8293667139283545	FALSE
ENSMUSG00000044308.20	ENSMUST00000525384.1	6.091e-13	1.585e-10	0.2662	0.08285	0.1833	Ubr3	GENCODE	full-splice_match	reference_match	FALSE	0.27012595455545935	0.8155017379650152	FALSE
ENSMUSG00000038717.11	ENSMUST00000216815.3	6.289e-13	1.626e-10	0.1339	0.3438	-0.2099	Atp5mg	GENCODE	full-splice_match	mono-exon	NA	1.3901847904404632	0.071307925184225	FALSE
ENSMUSG00000026566.17	ENSMUST00000111435.10	6.994e-13	1.8e-10	0.8134	0.5667	0.2467	Mpzl1	GENCODE	full-splice_match	reference_match	FALSE	0.5012492410702805	0.5311216351404522	FALSE
ENSMUSG00000035632.18	ENSMUST00000038913.17	9.541e-13	2.423e-10	0.33	0.4356	-0.1057	Cnot3	GENCODE	full-splice_match	reference_match	FALSE	-0.29313024878594307	0.7787684195802934	FALSE
ENSMUSG00000042541.12	ENSMUST00000041111.11	1.107e-12	2.805e-10	0.9292	0.7152	0.214	Sem1	GENCODE	full-splice_match	reference_match	NA	1.0462575375395342	0.17591946224554308	FALSE
ENSMUSG00000027346.17	ENSMUST00000149854.8	1.148e-12	2.902e-10	0.2974	0.171	0.1265	Gpcpd1	GENCODE	full-splice_match	reference_match	FALSE	-0.3123701536586686	0.8123695748118992	FALSE
ENSMUSG00000038056.17	ESPRESSO:chr5:215:9	1.199e-12	3.025e-10	0.2399	0.4818	-0.2419	Kmt2c	novel	novel_in_catalog	combination_of_known_splicesites	FALSE	-0.11932062545550856	0.9370630461084106	FALSE
ENSMUSG00000033454.8	ESPRESSO:chr12:924:5	1.295e-12	3.253e-10	0.2608	0.107	0.1538	Zbtb1	novel	novel_not_in_catalog	at_least_one_novel_splicesite	FALSE	-0.4432478431792541	0.9136587804799592	FALSE
ENSMUSG00000035992.17	ENSMUST00000384551.1	1.323e-12	3.316e-10	0.2627	0.6533	-0.3906	Fnip1	GENCODE	full-splice_match	reference_match	FALSE	-1.584209053761081	0.31054259364079306	FALSE
ENSMUSG00000078784.10	ENSMUST00000186870.7	1.391e-12	3.479e-10	0.488	0.6822	-0.1942	Rbis	GENCODE	full-splice_match	reference_match	NA	0.605897356154204	0.4904989085058328	FALSE
ENSMUSG00000024660.11	ESPRESSO:chr19:224:38	1.498e-12	3.738e-10	0.3516	0.4613	-0.1097	Incenp	novel	novel_in_catalog	combination_of_known_junctions	FALSE	0.2307891441155819	0.8032079483646296	FALSE
ENSMUSG00000073676.6	ENSMUST00000075242.7	1.538e-12	3.83e-10	0.8982	0.7473	0.1509	Hspe1	GENCODE	full-splice_match	reference_match	FALSE	1.1447390766136434	0.04897280293312311	TRUE
ENSMUSG00000051444.11	ENSMUST00000108121.5	2.434e-12	5.97e-10	0.2248	0.06822	0.1566	Bbs12	GENCODE	full-splice_match	reference_match	FALSE	0.08415962770253128	0.9741170415936116	FALSE
ENSMUSG00000034801.15	ENSMUST00000183277.9	2.594e-12	6.336e-10	0.6683	0.8701	-0.2018	Sos2	GENCODE	full-splice_match	reference_match	FALSE	0.2740434955006498	0.863875591000879	FALSE
ENSMUSG00000028677.21	ENSMUST00000221654.3	2.865e-12	6.953e-10	0.2571	0.1432	0.1139	Rnf220	GENCODE	full-splice_match	reference_match	FALSE	0.3913240252904108	0.7348647872451898	FALSE
ENSMUSG00000006676.19	ENSMUST00000178075.9	3.296e-12	7.983e-10	0.3223	0.4859	-0.1636	Usp19	GENCODE	full-splice_match	reference_match	FALSE	-0.566370581864423	0.7348647872451898	FALSE
ENSMUSG00000030811.16	ESPRESSO:chr7:2780:4	4.874e-12	1.151e-9	0.03996	0.2771	-0.2371	Fbxl19	novel	novel_in_catalog	combination_of_known_junctions	FALSE	-0.00641080651282067	0.9980902827443394	FALSE
ENSMUSG00000061755.12	ENSMUST00000493872.1	5.154e-12	1.213e-9	0.5524	0.2898	0.2626	Bod1l	GENCODE	full-splice_match	reference_match	FALSE	-0.3133183107070686	0.8756666761273322	FALSE
ENSMUSG00000068205.16	ENSMUST00000043836.8	5.648e-12	1.323e-9	0.78	0.4547	0.3253	Macrod2	GENCODE	full-splice_match	reference_match	FALSE	-0.5307696038580165	0.6813364917740855	FALSE
ENSMUSG00000030102.13	ESPRESSO:chr6:1572:15	7.755e-12	1.784e-9	0.8038	0.6552	0.1486	Itpr1	novel	novel_in_catalog	combination_of_known_junctions	FALSE	0.4406274276859363	0.6058770834064511	FALSE
ENSMUSG00000025195.11	ENSMUST00000212032.3	8.789e-12	1.991e-9	0.94	0.6544	0.2856	Dnmbp	GENCODE	full-splice_match	reference_match	FALSE	0.26399098356559597	0.919041279908857	FALSE
ENSMUSG00000025195.11	ENSMUST00000212592.3	8.789e-12	1.991e-9	0.02728	0.3456	-0.3183	Dnmbp	GENCODE	full-splice_match	reference_match	FALSE	0.26399098356559597	0.919041279908857	FALSE
ENSMUSG00000002489.18	ESPRESSO:chr16:1083:5	1.161e-11	2.584e-9	0.3676	0.1217	0.2459	Tiam1	novel	novel_in_catalog	combination_of_known_junctions	FALSE	-0.724153634184131	0.6088471055042648	FALSE
ENSMUSG00000031604.12	ENSMUST00000135943.8	1.286e-11	2.835e-9	0.3524	0.02209	0.3303	Msmo1	GENCODE	full-splice_match	reference_match	FALSE	-3.0159532574131545	0.0416875753357865	TRUE
ENSMUSG00000079435.11	ENSMUST00000113211.9	1.293e-11	2.845e-9	0.8002	0.5628	0.2375	Rpl36a	GENCODE	full-splice_match	reference_match	FALSE	1.430343208816765	0.04174775172773596	TRUE
ENSMUSG00000022119.17	ENSMUST00000022715.15	1.329e-11	2.918e-9	0.2679	0.4248	-0.157	Rbm26	GENCODE	full-splice_match	reference_match	FALSE	0.20284509847407808	0.8833554207172618	FALSE
ENSMUSG00000030279.17	ENSMUST00000171349.9	1.568e-11	3.385e-9	0.4632	0.3105	0.1527	C2cd5	GENCODE	full-splice_match	reference_match	FALSE	-0.8627517779812431	0.7635729964145824	FALSE
ENSMUSG00000031337.18	ENSMUST00000061970.13	1.663e-11	3.57e-9	0.5736	0.7623	-0.1887	Mtm1	GENCODE	full-splice_match	reference_match	FALSE	-0.5397616121262835	0.8088171231746034	FALSE
ENSMUSG00000073676.6	ENSMUST00000134628.2	1.811e-11	3.873e-9	0.05046	0.1596	-0.1092	Hspe1	GENCODE	full-splice_match	reference_match	FALSE	1.1447390766136434	0.04897280293312311	TRUE
ENSMUSG00000026199.20	ENSMUST00000152233.10	1.87e-11	3.985e-9	0.4959	0.6706	-0.1747	Ankzf1	GENCODE	full-splice_match	reference_match	FALSE	-0.28952025256968256	0.8031806070929252	FALSE
ENSMUSG00000067365.13	ENSMUST00000087511.11	1.951e-11	4.146e-9	0.4303	0.7509	-0.3206	Tmem128	GENCODE	full-splice_match	reference_match	FALSE	-1.0745363468537128	0.1313353881927369	FALSE
ENSMUSG00000025290.19	ENSMUST00000223939.2	2.043e-11	4.322e-9	0.09786	0.2188	-0.121	Rps24	GENCODE	full-splice_match	reference_match	FALSE	1.1700798635007263	0.04264103474017907	TRUE
ENSMUSG00000006676.19	ESPRESSO:chr9:1643:39	2.06e-11	4.348e-9	0.2351	0.1211	0.1141	Usp19	novel	novel_in_catalog	combination_of_known_junctions	FALSE	-0.566370581864423	0.7348647872451898	FALSE
ENSMUSG00000035472.15	ESPRESSO:chr12:679:10	2.123e-11	4.458e-9	0.09788	0.2317	-0.1338	Slc25a21	novel	novel_not_in_catalog	at_least_one_novel_splicesite	FALSE	-0.935671761214625	0.7523288819366841	FALSE
ENSMUSG00000022119.17	ENSMUST00000100327.11	2.404e-11	5.03e-9	0.4333	0.2823	0.151	Rbm26	GENCODE	full-splice_match	reference_match	FALSE	0.20284509847407808	0.8833554207172618	FALSE
ENSMUSG00000032440.15	ENSMUST00000035014.9	2.415e-11	5.035e-9	0.5768	0.3794	0.1974	Tgfbr2	GENCODE	full-splice_match	reference_match	FALSE	0.43471161792216795	0.8379338890050875	FALSE
ENSMUSG00000032440.15	ENSMUST00000061101.13	2.415e-11	5.035e-9	0.418	0.6126	-0.1946	Tgfbr2	GENCODE	full-splice_match	reference_match	FALSE	0.43471161792216795	0.8379338890050875	FALSE
ENSMUSG00000023806.12	ENSMUST00000232602.2	2.458e-11	5.115e-9	0.3798	0.2176	0.1622	Rsph3b	GENCODE	full-splice_match	reference_match	NA	-0.6304043320330116	0.1824435585410438	FALSE
ENSMUSG00000068205.16	ENSMUST00000110062.9	2.741e-11	5.663e-9	0.1404	0.4547	-0.3144	Macrod2	GENCODE	full-splice_match	reference_match	FALSE	-0.5307696038580165	0.6813364917740855	FALSE
ENSMUSG00000030102.13	ESPRESSO:chr6:1572:16	3.336e-11	6.807e-9	0.1167	0.2339	-0.1172	Itpr1	novel	novel_in_catalog	combination_of_known_junctions	FALSE	0.4406274276859363	0.6058770834064511	FALSE
ENSMUSG00000038056.17	ENSMUST00000174734.8	3.33e-11	6.807e-9	0.4738	0.2497	0.2242	Kmt2c	GENCODE	full-splice_match	reference_match	FALSE	-0.11932062545550856	0.9370630461084106	FALSE
ENSMUSG00000034940.18	ENSMUST00000492399.1	3.626e-11	7.386e-9	0.1167	0	0.1167	Synrg	GENCODE	full-splice_match	reference_match	FALSE	-0.10495997425217564	0.9553441940608728	FALSE
ENSMUSG00000062949.15	ENSMUST00000101527.3	4.222e-11	8.569e-9	0.04744	0.15	-0.1026	Atp11c	GENCODE	full-splice_match	reference_match	FALSE	-0.0492460158600571	0.9776916549909992	FALSE
ENSMUSG00000039221.12	ENSMUST00000195728.2	4.672e-11	9.383e-9	0.2	0.469	-0.269	Rpl22l1	GENCODE	full-splice_match	mono-exon	NA	0.6169038522850305	0.5011943026114422	FALSE
ENSMUSG00000050410.17	ENSMUST00000161012.9	5.205e-11	1.042e-8	0.2219	0.3833	-0.1614	Tcf19	GENCODE	full-splice_match	reference_match	FALSE	-0.02626545353971631	0.9884521972488916	FALSE
ENSMUSG00000033953.12	ESPRESSO:chr11:176:0	5.542e-11	1.107e-8	0.3286	0.04056	0.288	Ppp3r1	novel	novel_not_in_catalog	at_least_one_novel_splicesite	TRUE	-3.7324944873706456	0.06902155109568708	FALSE
ENSMUSG00000028164.17	ENSMUST00000029814.11	7.323e-11	1.433e-8	0.2587	0.7439	-0.4852	Manba	GENCODE	full-splice_match	reference_match	FALSE	-1.7956672222669774	0.2591611390369717	FALSE
ENSMUSG00000036199.11	ESPRESSO:chr8:822:2	7.311e-11	1.433e-8	0.03421	0.1798	-0.1456	Ndufa13	novel	novel_not_in_catalog	at_least_one_novel_splicesite	FALSE	1.6098756949788928	0.08369006435629295	FALSE
ENSMUSG00000030605.17	ENSMUST00000032825.15	7.64e-11	1.493e-8	0.4005	0.5189	-0.1184	Mfge8	GENCODE	full-splice_match	reference_match	FALSE	0.2174899945159882	0.8176060342246907	FALSE
ENSMUSG00000034354.20	ENSMUST00000123506.10	8.423e-11	1.637e-8	0.2803	0.3955	-0.1152	Mtmr3	GENCODE	full-splice_match	reference_match	FALSE	0.4628380573072284	0.4070432262982424	FALSE
ENSMUSG00000037318.12	ENSMUST00000043550.12	1.034e-10	1.977e-8	0.3554	0.4659	-0.1105	Traf3ip3	GENCODE	full-splice_match	reference_match	FALSE	-0.2158303586586744	0.9106015128196532	FALSE
ENSMUSG00000050608.13	ENSMUST00000143971.3	1.162e-10	2.203e-8	0.8696	0.7431	0.1265	Micos10	GENCODE	full-splice_match	reference_match	NA	0.9157971795850132	0.1532581818526579	FALSE
ENSMUSG00000025508.15	ENSMUST00000134636.2	1.245e-10	2.341e-8	0.03059	0.1418	-0.1112	Rplp2	GENCODE	full-splice_match	reference_match	NA	1.9510549161081336	0.02513329275159671	TRUE
ENSMUSG00000029416.19	ENSMUST00000031367.16	1.435e-10	2.673e-8	0.6525	0.5459	0.1066	Slc15a4	GENCODE	full-splice_match	reference_match	FALSE	0.3156878882076814	0.8305117472139495	FALSE
ENSMUSG00000001173.17	ENSMUST00000001202.16	1.58e-10	2.933e-8	0.4248	0.1681	0.2566	Ocrl	GENCODE	full-splice_match	reference_match	FALSE	0.3533544208029156	0.7741789827301241	FALSE
ENSMUSG00000091803.9	ENSMUST00000168463.9	1.664e-10	3.084e-8	0.2888	0.04103	0.2477	Cox16	GENCODE	full-splice_match	reference_match	NA	0.1119807709209761	0.9553441940608728	FALSE
ENSMUSG00000021027.20	ENSMUST00000085385.8	1.754e-10	3.241e-8	0.3367	0.5186	-0.1819	Ralgapa1	GENCODE	full-splice_match	reference_match	FALSE	0.07778776920400453	0.9627739357675263	FALSE
ENSMUSG00000023952.15	ENSMUST00000024748.14	1.933e-10	3.532e-8	0.09524	0.786	-0.6908	Gtpbp2	GENCODE	full-splice_match	reference_match	FALSE	-1.3296238458025358	0.6767836005891524	FALSE
ENSMUSG00000033382.17	ENSMUST00000509194.1	2.303e-10	4.155e-8	0.02144	0.1665	-0.1451	Trappc8	GENCODE	full-splice_match	reference_match	FALSE	-0.4195141436382958	0.8379338890050875	FALSE
ENSMUSG00000069729.15	ESPRESSO:chr17:23:10	3.074e-10	5.444e-8	0.2599	0.1072	0.1526	Arid1b	novel	novel_not_in_catalog	at_least_one_novel_splicesite	FALSE	-0.39980905453923576	0.8305117472139495	FALSE
ENSMUSG00000005893.16	ENSMUST00000527128.1	3.126e-10	5.519e-8	0.09418	0.2648	-0.1706	Nr2c2	GENCODE	full-splice_match	reference_match	FALSE	0.29879055258514947	0.8677342064407804	FALSE
ENSMUSG00000058290.6	ENSMUST00000064924.7	3.693e-10	6.412e-8	0.6609	0.8208	-0.1599	Espl1	GENCODE	full-splice_match	reference_match	FALSE	0.17480426629060047	0.9201156332110032	FALSE
ENSMUSG00000026790.21	ENSMUST00000113756.9	4.416e-10	7.587e-8	0.005805	0.1188	-0.113	Odf2	GENCODE	full-splice_match	reference_match	FALSE	-0.4876723267871627	0.661136569281108	FALSE
ENSMUSG00000030605.17	ENSMUST00000107409.6	4.714e-10	8.051e-8	0.5812	0.4679	0.1133	Mfge8	GENCODE	full-splice_match	reference_match	FALSE	0.2174899945159882	0.8176060342246907	FALSE
ENSMUSG00000014313.17	ENSMUST00000127999.2	5.168e-10	8.749e-8	0.04296	0.1599	-0.117	Cox6c	GENCODE	full-splice_match	reference_match	NA	1.2124343765673051	0.071307925184225	FALSE
ENSMUSG00000034210.16	ENSMUST00000106525.10	5.652e-10	9.526e-8	0.6451	0.7601	-0.115	Efcab14	GENCODE	full-splice_match	reference_match	FALSE	0.11432644357505556	0.9410674739545598	FALSE
ENSMUSG00000038538.19	ENSMUST00000434372.1	5.875e-10	9.873e-8	0.05475	0.2597	-0.2049	Ubn2	GENCODE	full-splice_match	reference_match	FALSE	0.5022313919672806	0.7635729964145824	FALSE
ENSMUSG00000086841.4	ENSMUST00000131787.4	5.896e-10	9.894e-8	0.3253	0.1113	0.2141	2410006H16Rik	GENCODE	full-splice_match	reference_match	NA	0.04389958927892722	0.9804002485042904	FALSE
ENSMUSG00000036333.13	ESPRESSO:chr12:339:4	6.151e-10	1.026e-7	0.1351	0.3451	-0.21	Kidins220	novel	novel_in_catalog	combination_of_known_junctions	FALSE	0.34680767439425	0.8416112509759321	FALSE
ENSMUSG00000037152.13	ENSMUST00000038108.13	6.311e-10	1.051e-7	0.9559	0.811	0.1449	Ndufc1	GENCODE	full-splice_match	reference_match	FALSE	1.9498691102492784	0.03235063795916464	TRUE
ENSMUSG00000067288.15	ENSMUST00000234017.2	6.66e-10	1.105e-7	0.05314	0.2966	-0.2434	Rps28	GENCODE	full-splice_match	mono-exon	NA	1.8777016036537957	0.03303995513587431	TRUE
ENSMUSG00000027291.17	ENSMUST00000102501.11	7.125e-10	1.177e-7	0.2932	0.415	-0.1218	Vps39	GENCODE	full-splice_match	reference_match	FALSE	0.2964660629057299	0.7728219799283407	FALSE
ENSMUSG00000009741.18	ENSMUST00000084885.13	7.585e-10	1.248e-7	0.1769	0.2825	-0.1056	Ubp1	GENCODE	full-splice_match	reference_match	FALSE	0.5950272872231399	0.453665993791736	FALSE
ENSMUSG00000034566.12	ENSMUST00000043931.10	7.919e-10	1.293e-7	0.691	0.5106	0.1805	Atp5pd	GENCODE	full-splice_match	reference_match	FALSE	0.7590720144642883	0.22412106444975471	FALSE
ENSMUSG00000005698.17	ENSMUST00000005841.17	1.008e-9	1.614e-7	0.3554	0.2328	0.1226	Ctcf	GENCODE	full-splice_match	reference_match	FALSE	0.19288799765119777	0.8921268882970996	FALSE
ENSMUSG00000028309.16	ENSMUST00000167496.9	1.08e-9	1.727e-7	0.4775	0.3754	0.102	Rnf20	GENCODE	full-splice_match	reference_match	FALSE	0.3378248530378979	0.6514428967080359	FALSE
ENSMUSG00000029394.13	ENSMUST00000111473.9	1.127e-9	1.797e-7	0.2801	0.4443	-0.1642	Cdk2ap1	GENCODE	full-splice_match	reference_match	NA	1.0501949504918668	0.7523288819366841	FALSE
ENSMUSG00000037772.15	ENSMUST00000038675.7	1.179e-9	1.87e-7	0.7985	0.398	0.4005	Mrpl23	GENCODE	full-splice_match	reference_match	FALSE	0.7037598656588783	0.4928417356716318	FALSE
ENSMUSG00000039286.14	ENSMUST00000403682.1	1.202e-9	1.903e-7	0.4194	0.1628	0.2567	Fndc3b	GENCODE	full-splice_match	reference_match	FALSE	0.07670445904005016	0.9748298670206182	FALSE
ENSMUSG00000014873.17	ENSMUST00000015017.9	1.704e-9	2.644e-7	0.4163	0.5911	-0.1748	Surf2	GENCODE	full-splice_match	reference_match	FALSE	-0.757014594311108	0.1365573455394692	FALSE
ENSMUSG00000062006.14	ENSMUST00000079085.12	1.932e-9	2.978e-7	0.66	0.4722	0.1879	Rpl34	GENCODE	full-splice_match	reference_match	FALSE	1.7408050229664431	0.02513329275159671	TRUE
ENSMUSG00000019039.16	ENSMUST00000019183.15	1.981e-9	3.049e-7	0.4015	0.5305	-0.1289	Dalrd3	GENCODE	full-splice_match	reference_match	FALSE	-0.29867051639648423	0.7541458039721104	FALSE
ENSMUSG00000041975.19	ENSMUST00000112186.10	1.988e-9	3.056e-7	0.7648	0.6571	0.1077	Mettl8	GENCODE	full-splice_match	reference_match	FALSE	-0.04606591738358154	0.9741170415936116	FALSE
ENSMUSG00000031314.21	ENSMUST00000518424.1	2.635e-9	3.966e-7	0.6284	0.5229	0.1055	Taf1	GENCODE	full-splice_match	reference_match	FALSE	-0.06218742680985851	0.9705982741208709	FALSE
ENSMUSG00000073557.14	ENSMUST00000132025.2	3.009e-9	4.493e-7	0.7951	0.2097	0.5854	Ppp1r12b	GENCODE	full-splice_match	reference_match	TRUE	-0.16393113044687105	0.9513534859616952	FALSE
ENSMUSG00000005501.16	ENSMUST00000187758.8	3.382e-9	4.999e-7	0.03665	0.1622	-0.1255	Usp40	GENCODE	full-splice_match	reference_match	FALSE	0.14189340302984266	0.9326916094134964	FALSE
ENSMUSG00000073557.14	ESPRESSO:chr1:1559:4	3.526e-9	5.165e-7	0.07814	0.5281	-0.45	Ppp1r12b	novel	novel_in_catalog	combination_of_known_junctions	TRUE	-0.16393113044687105	0.9513534859616952	FALSE
ENSMUSG00000057335.13	ENSMUST00000421353.1	3.76e-9	5.48e-7	0.03583	0.1408	-0.105	Cep170	GENCODE	full-splice_match	reference_match	FALSE	0.3184740736235738	0.8176060342246907	FALSE
ENSMUSG00000033953.12	ENSMUST00000102880.6	4.021e-9	5.816e-7	0.6467	0.9371	-0.2904	Ppp3r1	GENCODE	full-splice_match	reference_match	FALSE	-3.7324944873706456	0.06902155109568708	FALSE
ENSMUSG00000006276.13	ENSMUST00000212590.4	4.249e-9	6.093e-7	0.6401	0.4878	0.1523	Eps15l1	GENCODE	full-splice_match	reference_match	FALSE	-0.5566193254485646	0.7664226017214184	FALSE
ENSMUSG00000022897.17	ENSMUST00000544170.1	4.455e-9	6.364e-7	0.1487	0.2718	-0.1231	Dyrk1a	GENCODE	full-splice_match	reference_match	FALSE	0.21985827846436276	0.8766547577957474	FALSE
ENSMUSG00000054843.11	ESPRESSO:chr19:964:0	4.489e-9	6.405e-7	0.1085	0.4117	-0.3032	Atrnl1	novel	novel_not_in_catalog	at_least_one_novel_splicesite	FALSE	0.17562360759766182	0.942682747591764	FALSE
ENSMUSG00000037152.13	ENSMUST00000145572.3	4.646e-9	6.588e-7	0.02238	0.1275	-0.1051	Ndufc1	GENCODE	full-splice_match	reference_match	NA	1.9498691102492784	0.03235063795916464	TRUE
ENSMUSG00000041841.10	ENSMUST00000227635.2	4.662e-9	6.603e-7	0.06624	0.2092	-0.143	Rpl37	GENCODE	full-splice_match	reference_match	NA	1.753980083155995	0.0243964110676471	TRUE
ENSMUSG00000028917.16	ENSMUST00000084203.12	4.766e-9	6.725e-7	0.3848	0.626	-0.2411	Plekhm2	GENCODE	full-splice_match	reference_match	FALSE	-0.01601320781484841	0.9933718370767556	FALSE
ENSMUSG00000031939.18	ENSMUST00000213763.2	5.036e-9	7.072e-7	0.1225	0.2481	-0.1256	Taf1d	GENCODE	full-splice_match	reference_match	TRUE	-0.7585939043054802	0.15564509337878624	FALSE
ENSMUSG00000026439.16	ESPRESSO:chr1:1496:15	5.082e-9	7.127e-7	0.3448	0.4523	-0.1075	Rbbp5	novel	incomplete-splice_match	3prime_fragment	FALSE	0.0921429159733481	0.9513534859616952	FALSE
ENSMUSG00000038538.19	ENSMUST00000434376.1	5.112e-9	7.161e-7	0.1255	0.01559	0.1099	Ubn2	GENCODE	full-splice_match	reference_match	FALSE	0.5022313919672806	0.7635729964145824	FALSE
ENSMUSG00000055296.16	ENSMUST00000068792.14	5.266e-9	7.368e-7	0.2274	0.6309	-0.4035	Tmem245	GENCODE	full-splice_match	reference_match	FALSE	0.16801209428663066	0.9513534859616952	FALSE
ENSMUSG00000027679.15	ENSMUST00000117223.5	5.898e-9	8.093e-7	0.08831	0.2084	-0.1201	Dnajc19	GENCODE	full-splice_match	reference_match	FALSE	1.0368898162214353	0.3036729957404716	FALSE
ENSMUSG00000015013.11	ENSMUST00000015157.11	6.115e-9	8.343e-7	0.7965	0.4315	0.365	Trappc2l	GENCODE	full-splice_match	reference_match	FALSE	0.393682643582296	0.8341853980813375	FALSE
ENSMUSG00000021290.8	ENSMUST00000021719.8	6.79e-9	9.188e-7	0.9072	0.638	0.2692	Atp5mj	GENCODE	full-splice_match	reference_match	FALSE	1.7047711495876945	0.02836512722220898	TRUE
ENSMUSG00000034647.17	ENSMUST00000150766.2	7.348e-9	9.885e-7	0.7812	0.6582	0.1231	Ankrd12	GENCODE	full-splice_match	reference_match	FALSE	0.37604023148100263	0.8305117472139495	FALSE
ENSMUSG00000066235.9	ENSMUST00000084743.8	7.63e-9	1.024e-6	0.8362	0.7319	0.1043	Pomgnt2	GENCODE	full-splice_match	reference_match	FALSE	0.18817774012570035	0.908898645697767	FALSE
ENSMUSG00000038764.16	ESPRESSO:chr4:676:1	9.266e-9	1.225e-6	0.01513	0.1968	-0.1817	Ptpn3	novel	novel_in_catalog	combination_of_known_splicesites	FALSE	0.03096692570458708	0.9931331674321768	FALSE
ENSMUSG00000031367.17	ENSMUST00000033734.15	9.478e-9	1.249e-6	0.8916	0.7299	0.1617	Ap1s2	GENCODE	full-splice_match	reference_match	FALSE	-0.42079629868794105	0.908898645697767	FALSE
ENSMUSG00000054823.19	ENSMUST00000136107.10	1.061e-8	1.385e-6	0.3135	0.4849	-0.1714	Nsd3	GENCODE	full-splice_match	reference_match	FALSE	-0.4900819347319534	0.7410897981169566	FALSE
ENSMUSG00000041881.15	ENSMUST00000048249.9	1.077e-8	1.405e-6	0.7756	0.527	0.2486	Ndufa7	GENCODE	full-splice_match	reference_match	FALSE	1.8105351290033904	0.03235063795916464	TRUE
ENSMUSG00000068523.14	ENSMUST00000090031.13	1.087e-8	1.414e-6	0.9642	0.8138	0.1503	Gng5	GENCODE	full-splice_match	reference_match	NA	1.8234898676558935	0.03235063795916464	TRUE
ENSMUSG00000068523.14	ENSMUST00000118280.3	1.087e-8	1.414e-6	0.03584	0.1862	-0.1503	Gng5	GENCODE	full-splice_match	reference_match	NA	1.8234898676558935	0.03235063795916464	TRUE
ENSMUSG00000028917.16	ENSMUST00000487650.1	1.171e-8	1.512e-6	0.5271	0.2894	0.2377	Plekhm2	GENCODE	full-splice_match	reference_match	FALSE	-0.01601320781484841	0.9933718370767556	FALSE
ENSMUSG00000039286.14	ENSMUST00000046157.11	1.296e-8	1.664e-6	0.3208	0.6862	-0.3654	Fndc3b	GENCODE	full-splice_match	reference_match	FALSE	0.07670445904005016	0.9748298670206182	FALSE
ENSMUSG00000033845.15	ENSMUST00000130201.9	1.646e-8	2.065e-6	0.2862	0.1839	0.1023	Mrpl15	GENCODE	full-splice_match	reference_match	FALSE	3.858742369915686e-4	0.9994688140747026	FALSE
ENSMUSG00000030417.17	ESPRESSO:chr7:1245:2	1.717e-8	2.135e-6	0.15	0.2974	-0.1474	Pdcd5	novel	novel_in_catalog	intron_retention	NA	0.7913042000259588	0.3564265677348324	FALSE
ENSMUSG00000004815.14	ENSMUST00000501522.1	1.734e-8	2.152e-6	0.1347	0	0.1347	Dgkq	GENCODE	full-splice_match	reference_match	TRUE	-0.33595843042639273	0.8176060342246907	FALSE
ENSMUSG00000038535.19	ENSMUST00000098576.11	1.851e-8	2.285e-6	0.3891	0.5366	-0.1475	Zfp280d	GENCODE	full-splice_match	reference_match	FALSE	0.4080861137433613	0.7278977222133447	FALSE
ENSMUSG00000028062.17	ENSMUST00000029698.15	1.995e-8	2.449e-6	0.8458	0.6709	0.1749	Lamtor2	GENCODE	full-splice_match	reference_match	FALSE	1.3602077816045948	0.03962279915990488	TRUE
ENSMUSG00000058600.15	ENSMUST00000009039.7	2e-8	2.453e-6	0.449	0.2509	0.198	Rpl30	GENCODE	full-splice_match	reference_match	FALSE	0.8691747729240158	0.288974138495469	FALSE
ENSMUSG00000097589.12	ENSMUST00000193208.2	2.104e-8	2.569e-6	0.3304	0.5045	-0.1742	Dleu2	GENCODE	full-splice_match	mono-exon	NA	0.6561484237842669	0.3564265677348324	FALSE
ENSMUSG00000023927.17	ENSMUST00000144331.9	2.12e-8	2.584e-6	0.4108	0.2652	0.1456	Satb1	GENCODE	full-splice_match	reference_match	FALSE	0.8040683126376075	0.4313632583597161	FALSE
ENSMUSG00000096768.11	ENSMUST00000364346.1	2.222e-8	2.699e-6	0.4881	0.6277	-0.1396	Erdr1y	GENCODE	full-splice_match	reference_match	NA	0.2906502183696637	0.8649089594601584	FALSE
ENSMUSG00000036282.17	ENSMUST00000153488.10	2.236e-8	2.713e-6	0.4626	0.273	0.1896	Naa30	GENCODE	full-splice_match	reference_match	FALSE	0.7707088063146158	0.5410707482649109	FALSE
ENSMUSG00000086841.4	ENSMUST00000245938.2	2.391e-8	2.88e-6	0.366	0.6181	-0.2521	2410006H16Rik	GENCODE	full-splice_match	mono-exon	NA	0.04389958927892722	0.9804002485042904	FALSE
ENSMUSG00000030315.16	ENSMUST00000204693.2	2.411e-8	2.901e-6	0.2974	0.4	-0.1026	Vgll4	GENCODE	full-splice_match	mono-exon	NA	-0.10610976552995442	0.935884833487098	FALSE
ENSMUSG00000060950.14	ESPRESSO:chr12:1516:3	2.416e-8	2.904e-6	0.5852	0.4669	0.1184	Trmt61a	novel	novel_in_catalog	combination_of_known_junctions	FALSE	-0.23896193165573187	0.8088171231746034	FALSE
ENSMUSG00000028252.22	ENSMUST00000108240.4	2.486e-8	2.973e-6	0.5606	0.4124	0.1482	Ccnc	GENCODE	full-splice_match	reference_match	FALSE	-0.7956742048250321	0.31054259364079306	FALSE
ENSMUSG00000025558.21	ESPRESSO:chr14:1737:9	2.599e-8	3.102e-6	0.3497	0.6703	-0.3206	Dock9	novel	novel_not_in_catalog	at_least_one_novel_splicesite	FALSE	0.02665480945848098	0.9906360880833506	FALSE
ENSMUSG00000069208.11	ENSMUST00000221173.3	2.661e-8	3.163e-6	0.3481	0.4541	-0.106	Zfp825	GENCODE	full-splice_match	reference_match	FALSE	-0.1978447778377213	0.8649089594601584	FALSE
ENSMUSG00000024843.17	ENSMUST00000072055.14	2.78e-8	3.28e-6	0.3467	0.2373	0.1095	Chka	GENCODE	full-splice_match	reference_match	FALSE	0.20694311936319085	0.906871908616782	FALSE
ENSMUSG00000034998.20	ENSMUST00000112238.10	2.807e-8	3.309e-6	0.3269	0.5789	-0.252	Foxn2	GENCODE	full-splice_match	reference_match	FALSE	-0.6388295565138439	0.8719334418622499	FALSE
ENSMUSG00000002031.14	ENSMUST00000238800.2	2.956e-8	3.47e-6	0.2889	0.4477	-0.1588	Ift46	GENCODE	full-splice_match	reference_match	FALSE	-0.2969072398491467	0.8176060342246907	FALSE
ENSMUSG00000028252.22	ENSMUST00000102997.9	3.003e-8	3.522e-6	0.3433	0.5011	-0.1578	Ccnc	GENCODE	full-splice_match	reference_match	FALSE	-0.7956742048250321	0.31054259364079306	FALSE
ENSMUSG00000039221.12	ENSMUST00000194649.3	3.012e-8	3.529e-6	0.4865	0.2569	0.2296	Rpl22l1	GENCODE	full-splice_match	reference_match	FALSE	0.6169038522850305	0.5011943026114422	FALSE
ENSMUSG00000031608.15	ENSMUST00000034021.13	3.321e-8	3.867e-6	0.7687	0.6582	0.1105	Galnt7	GENCODE	full-splice_match	reference_match	FALSE	0.691634739740935	0.19003336404189464	FALSE
ENSMUSG00000067365.13	ENSMUST00000119047.9	3.331e-8	3.871e-6	0.2466	0.06196	0.1846	Tmem128	GENCODE	full-splice_match	reference_match	FALSE	-1.0745363468537128	0.1313353881927369	FALSE
ENSMUSG00000063787.6	ENSMUST00000224132.2	3.556e-8	4.108e-6	0.1387	0.2971	-0.1585	Chchd1	GENCODE	full-splice_match	reference_match	NA	0.6499595071588412	0.5036475925410479	FALSE
ENSMUSG00000069208.11	ENSMUST00000202645.5	3.631e-8	4.186e-6	0.4696	0.3667	0.103	Zfp825	GENCODE	full-splice_match	reference_match	FALSE	-0.1978447778377213	0.8649089594601584	FALSE
ENSMUSG00000019854.19	ENSMUST00000150029.8	3.872e-8	4.445e-6	0.2612	0.1119	0.1493	Reps1	GENCODE	full-splice_match	reference_match	FALSE	-0.06043190801931117	0.9741170415936116	FALSE
ENSMUSG00000022450.8	ENSMUST00000230589.2	3.879e-8	4.445e-6	0.1295	0.3135	-0.184	Ndufa6	GENCODE	full-splice_match	reference_match	FALSE	1.33438342371827	0.06243104323637567	FALSE
ENSMUSG00000061755.12	ESPRESSO:chr5:453:11	4.172e-8	4.762e-6	0.03646	0.1449	-0.1084	Bod1l	novel	novel_not_in_catalog	at_least_one_novel_splicesite	FALSE	-0.3133183107070686	0.8756666761273322	FALSE
ENSMUSG00000025575.16	ENSMUST00000106288.9	4.213e-8	4.799e-6	0.3191	0.4254	-0.1063	Cant1	GENCODE	full-splice_match	reference_match	FALSE	-0.10831497546586252	0.9410674739545598	FALSE
ENSMUSG00000030177.16	ENSMUST00000032283.13	4.27e-8	4.85e-6	0.1361	0.2753	-0.1392	Ccdc77	GENCODE	full-splice_match	reference_match	FALSE	0.0995367087262778	0.946983597542565	FALSE
ENSMUSG00000025764.16	ENSMUST00000168086.8	4.343e-8	4.918e-6	0.1877	0.3444	-0.1567	Jade1	GENCODE	full-splice_match	reference_match	FALSE	0.29543982183562434	0.7741789827301241	FALSE
ENSMUSG00000021820.20	ENSMUST00000080440.15	4.528e-8	5.113e-6	0.3205	0.4842	-0.1637	Camk2g	GENCODE	full-splice_match	reference_match	FALSE	0.04356597357105669	0.980377074496227	FALSE
ENSMUSG00000063316.15	ENSMUST00000077856.14	4.687e-8	5.282e-6	0.2541	0.1426	0.1115	Rpl27	GENCODE	full-splice_match	reference_match	FALSE	1.1042137420668354	0.2495865065909019	FALSE
ENSMUSG00000055296.16	ENSMUST00000565453.1	4.74e-8	5.326e-6	0.27	0	0.27	Tmem245	GENCODE	full-splice_match	reference_match	TRUE	0.16801209428663066	0.9513534859616952	FALSE
ENSMUSG00000037210.18	ENSMUST00000180376.9	5.562e-8	6.201e-6	0.3506	0.4899	-0.1392	Fam193a	GENCODE	full-splice_match	reference_match	FALSE	-0.08953066293971922	0.980377074496227	FALSE
ENSMUSG00000022855.11	ENSMUST00000023561.9	5.802e-8	6.456e-6	0.5037	0.6625	-0.1587	Senp2	GENCODE	full-splice_match	reference_match	FALSE	-1.313940873427797	0.1308042526796799	FALSE
ENSMUSG00000033454.8	ENSMUST00000042779.4	6.189e-8	6.828e-6	0.6202	0.7872	-0.1671	Zbtb1	GENCODE	full-splice_match	reference_match	FALSE	-0.4432478431792541	0.9136587804799592	FALSE
ENSMUSG00000060636.16	ENSMUST00000115079.9	6.189e-8	6.828e-6	0.6232	0.4542	0.169	Rpl35a	GENCODE	full-splice_match	reference_match	FALSE	1.8026026112725668	0.02513329275159671	TRUE
ENSMUSG00000025145.15	ENSMUST00000026139.14	6.224e-8	6.86e-6	0.4989	0.6076	-0.1087	Lrrc45	GENCODE	full-splice_match	reference_match	FALSE	-0.32547676043651874	0.7027162003185177	FALSE
ENSMUSG00000006463.15	ENSMUST00000006632.8	6.682e-8	7.329e-6	0.701	0.5936	0.1074	Zdhhc24	GENCODE	full-splice_match	reference_match	FALSE	0.10903627191009664	0.9481688474479044	FALSE
ENSMUSG00000032479.17	ENSMUST00000035055.16	6.713e-8	7.349e-6	0.5968	0.4339	0.1629	Map4	GENCODE	full-splice_match	reference_match	FALSE	0.4031875515888917	0.7664226017214184	FALSE
ENSMUSG00000012114.19	ENSMUST00000012259.10	6.786e-8	7.401e-6	0.3795	0.4819	-0.1023	Med15	GENCODE	full-splice_match	reference_match	FALSE	-0.2102323045838864	0.8560254219252563	FALSE
ENSMUSG00000031604.12	ENSMUST00000034015.12	6.782e-8	7.401e-6	0.5795	0.9357	-0.3562	Msmo1	GENCODE	full-splice_match	reference_match	FALSE	-3.0159532574131545	0.0416875753357865	TRUE
ENSMUSG00000072772.5	ENSMUST00000140423.2	7.254e-8	7.882e-6	0.07706	0.257	-0.1799	Grcc10	GENCODE	full-splice_match	reference_match	FALSE	1.180271910604045	0.2915905912698805	FALSE
ENSMUSG00000015536.16	ENSMUST00000166104.10	7.396e-8	8.021e-6	0.4283	0.5926	-0.1643	Mocs2	GENCODE	full-splice_match	reference_match	FALSE	-0.08784231572245381	0.9524824693486876	FALSE
ENSMUSG00000028082.16	ENSMUST00000107664.4	7.497e-8	8.123e-6	0.06977	0.2242	-0.1544	Sh3d19	GENCODE	full-splice_match	reference_match	FALSE	0.04138053788018996	0.9821365298317366	FALSE
ENSMUSG00000051444.11	ENSMUST00000057975.9	7.537e-8	8.151e-6	0.5905	0.7457	-0.1552	Bbs12	GENCODE	full-splice_match	reference_match	FALSE	0.08415962770253128	0.9741170415936116	FALSE
ENSMUSG00000052544.11	ESPRESSO:chr3:1964:5	7.578e-8	8.188e-6	0.217	0.5995	-0.3825	St6galnac3	novel	novel_not_in_catalog	at_least_one_novel_splicesite	TRUE	0.4078595174799152	0.8560254219252563	FALSE
ENSMUSG00000016252.9	ENSMUST00000016396.9	7.619e-8	8.209e-6	0.9246	0.6916	0.233	Atp5f1e	GENCODE	full-splice_match	reference_match	NA	1.6362319190934418	0.03739181776937257	TRUE
ENSMUSG00000016252.9	ENSMUST00000149191.2	7.619e-8	8.209e-6	0.0754	0.3084	-0.233	Atp5f1e	GENCODE	full-splice_match	reference_match	NA	1.6362319190934418	0.03739181776937257	TRUE
ENSMUSG00000040212.14	ENSMUST00000038876.14	7.834e-8	8.417e-6	0.8183	0.6453	0.173	Emp3	GENCODE	full-splice_match	reference_match	FALSE	0.8785354275028034	0.4270669460500652	FALSE
ENSMUSG00000031608.15	ENSMUST00000110316.4	8.11e-8	8.665e-6	0.2033	0.307	-0.1037	Galnt7	GENCODE	full-splice_match	reference_match	FALSE	0.691634739740935	0.19003336404189464	FALSE
ENSMUSG00000029635.17	ENSMUST00000489840.1	8.248e-8	8.796e-6	0.2918	0.1592	0.1327	Cdk8	GENCODE	full-splice_match	reference_match	FALSE	-0.16767700185662418	0.9260354800061285	FALSE
ENSMUSG00000028538.14	ENSMUST00000030263.10	8.699e-8	9.226e-6	0.2322	0.05716	0.175	St3gal3	GENCODE	full-splice_match	reference_match	FALSE	-0.01585230524604725	0.995760268197854	FALSE
ENSMUSG00000027397.16	ENSMUST00000110315.3	8.728e-8	9.24e-6	0.2761	0.1711	0.105	Slc20a1	GENCODE	full-splice_match	reference_match	FALSE	-0.2308402927509902	0.888222258380456	FALSE
ENSMUSG00000064215.15	ENSMUST00000085065.13	8.886e-8	9.398e-6	0.2606	0.3773	-0.1167	Ifi27	GENCODE	full-splice_match	reference_match	FALSE	-0.05722762108508589	0.9741170415936116	FALSE
ENSMUSG00000028256.18	ENSMUST00000199307.5	8.938e-8	9.445e-6	0.2325	0.04951	0.183	Odf2l	GENCODE	full-splice_match	reference_match	FALSE	-1.71029799739664	0.0807800297358674	FALSE
ENSMUSG00000035623.16	ENSMUST00000107153.4	9.388e-8	9.866e-6	0.7693	0.892	-0.1227	Rsf1	GENCODE	full-splice_match	reference_match	FALSE	0.15127416857500617	0.9201156332110032	FALSE
ENSMUSG00000028461.14	ESPRESSO:chr4:455:36	1.101e-7	1.133e-5	0.1201	0.006803	0.1133	Ccdc107	novel	novel_in_catalog	combination_of_known_junctions	FALSE	0.3518851193613483	0.7887348269244892	FALSE
ENSMUSG00000021519.13	ENSMUST00000174011.8	1.12e-7	1.15e-5	0.2451	0.03129	0.2138	Mterf3	GENCODE	full-splice_match	reference_match	FALSE	-2.330148117874458	0.04541843956698127	TRUE
ENSMUSG00000115423.4	ESPRESSO:chr2:1910:4	1.128e-7	1.156e-5	0.1218	0.005128	0.1166	Gm56450	novel	novel_in_catalog	combination_of_known_splicesites	FALSE	-0.24579073189302128	0.8833554207172618	FALSE
ENSMUSG00000044308.20	ENSMUST00000525381.1	1.134e-7	1.161e-5	0.2662	0.4328	-0.1666	Ubr3	GENCODE	full-splice_match	reference_match	FALSE	0.27012595455545935	0.8155017379650152	FALSE
ENSMUSG00000032803.17	ENSMUST00000190127.2	1.154e-7	1.18e-5	0.2585	0.4256	-0.1671	Cdv3	GENCODE	full-splice_match	mono-exon	NA	0.4316248578437003	0.8293667139283545	FALSE
ENSMUSG00000041881.15	ESPRESSO:chr17:623:0	1.225e-7	1.246e-5	0.0346	0.1472	-0.1126	Ndufa7	novel	novel_in_catalog	intron_retention	NA	1.8105351290033904	0.03235063795916464	TRUE
ENSMUSG00000034892.10	ENSMUST00000037023.9	1.25e-7	1.266e-5	0.9872	0.6778	0.3095	Rps29	GENCODE	full-splice_match	reference_match	NA	2.2021186867249165	0.05950423404397983	FALSE
ENSMUSG00000034892.10	ENSMUST00000094291.3	1.25e-7	1.266e-5	0.01275	0.2852	-0.2724	Rps29	GENCODE	full-splice_match	reference_match	NA	2.2021186867249165	0.05950423404397983	FALSE
ENSMUSG00000005501.16	ENSMUST00000453986.1	1.312e-7	1.322e-5	0.2271	0.08726	0.1399	Usp40	GENCODE	full-splice_match	reference_match	FALSE	0.14189340302984266	0.9326916094134964	FALSE
ENSMUSG00000006527.18	ENSMUST00000438114.1	1.314e-7	1.323e-5	0.2202	0.3292	-0.109	Sfmbt1	GENCODE	full-splice_match	reference_match	FALSE	-0.05568112096601192	0.9741170415936116	FALSE
ENSMUSG00000030417.17	ENSMUST00000118501.8	1.439e-7	1.438e-5	0.7287	0.557	0.1717	Pdcd5	GENCODE	full-splice_match	reference_match	FALSE	0.7913042000259588	0.3564265677348324	FALSE
ENSMUSG00000030815.13	ENSMUST00000033086.9	1.479e-7	1.472e-5	0.3881	0.4882	-0.1001	Phkg2	GENCODE	full-splice_match	reference_match	FALSE	-0.2333175291950686	0.8125613609628002	FALSE
ENSMUSG00000022450.8	ENSMUST00000023085.7	1.528e-7	1.517e-5	0.7873	0.5721	0.2152	Ndufa6	GENCODE	full-splice_match	reference_match	FALSE	1.33438342371827	0.06243104323637567	FALSE
ENSMUSG00000021375.13	ENSMUST00000056978.9	1.78e-7	1.729e-5	0.7749	0.5842	0.1906	Kif13a	GENCODE	full-splice_match	reference_match	FALSE	-0.4097530595589211	0.7410897981169566	FALSE
ENSMUSG00000067288.15	ENSMUST00000173844.8	1.817e-7	1.762e-5	0.7518	0.4551	0.2967	Rps28	GENCODE	full-splice_match	reference_match	NA	1.8777016036537957	0.03303995513587431	TRUE
ENSMUSG00000025899.16	ENSMUST00000211933.3	1.88e-7	1.809e-5	0.3699	0.4735	-0.1036	Alkbh8	GENCODE	full-splice_match	reference_match	FALSE	-0.13696678493390602	0.9282106935689972	FALSE
ENSMUSG00000032855.7	ESPRESSO:chr17:384:26	1.887e-7	1.814e-5	0.554	0.8147	-0.2607	Pkd1	novel	incomplete-splice_match	3prime_fragment	FALSE	-1.6275519085426433e-4	0.9994688140747026	FALSE
ENSMUSG00000073791.15	ENSMUST00000136874.4	1.922e-7	1.845e-5	0.01748	0.2102	-0.1928	Efcab7	GENCODE	full-splice_match	reference_match	FALSE	-2.1121919431139995	0.08003343235783379	FALSE
ENSMUSG00000024018.20	ENSMUST00000128751.3	2.016e-7	1.929e-5	0.491	0.2271	0.2639	Ccdc167	GENCODE	full-splice_match	reference_match	FALSE	0.13245237366104778	0.942682747591764	FALSE
ENSMUSG00000061787.17	ENSMUST00000138936.2	2.045e-7	1.952e-5	0.04	0.1734	-0.1334	Rps17	GENCODE	full-splice_match	reference_match	NA	1.7803152347255915	0.02191570083769201	TRUE
ENSMUSG00000014418.18	ESPRESSO:chr7:1500:14	2.134e-7	2.018e-5	0.08922	0.2207	-0.1314	Hps5	novel	novel_in_catalog	combination_of_known_junctions	FALSE	0.1922529416831891	0.9184821265832304	FALSE
ENSMUSG00000085334.8	ESPRESSO:chr4:1605:13	2.191e-7	2.065e-5	0.4073	0.5443	-0.137	Gm12940	novel	fusion	multi-exon	TRUE	-0.18536672316961805	0.9457437705193664	FALSE
ENSMUSG00000104960.4	ENSMUST00000196466.4	2.336e-7	2.193e-5	0.6601	0.2308	0.4293	Snhg8	GENCODE	full-splice_match	reference_match	NA	0.931340591196466	0.542405857336613	FALSE
ENSMUSG00000031976.16	ENSMUST00000430949.1	2.386e-7	2.235e-5	0.5751	0.2917	0.2833	Urb2	GENCODE	full-splice_match	reference_match	FALSE	-1.1683334823641065	0.1445467222209025	FALSE
ENSMUSG00000074604.11	ENSMUST00000099106.11	2.409e-7	2.252e-5	0.7827	0.2916	0.4911	Mgst2	GENCODE	full-splice_match	reference_match	FALSE	-0.6360402284191494	0.8874437143541035	FALSE
ENSMUSG00000035623.16	ENSMUST00000382295.1	2.65e-7	2.455e-5	0.1772	0.07155	0.1056	Rsf1	GENCODE	full-splice_match	reference_match	FALSE	0.15127416857500617	0.9201156332110032	FALSE
ENSMUSG00000034566.12	ENSMUST00000137563.8	2.66e-7	2.461e-5	0.1201	0.2369	-0.1168	Atp5pd	GENCODE	full-splice_match	reference_match	FALSE	0.7590720144642883	0.22412106444975471	FALSE
ENSMUSG00000040651.11	ENSMUST00000503114.1	2.667e-7	2.466e-5	0.4092	0.5526	-0.1434	Tasor	GENCODE	full-splice_match	reference_match	FALSE	-0.13190561692005023	0.9196742839840468	FALSE
ENSMUSG00000117613.4	ENSMUST00000350697.1	2.687e-7	2.48e-5	0.25	0.1433	0.1067	Gm2629	GENCODE	full-splice_match	reference_match	NA	-0.5007615708955321	0.6478182798522705	FALSE
ENSMUSG00000001911.18	ENSMUST00000536969.1	2.832e-7	2.608e-5	0.07407	0.3124	-0.2383	Nfix	GENCODE	full-splice_match	reference_match	FALSE	-0.3818426237455755	0.9041734100578408	FALSE
ENSMUSG00000026319.15	ENSMUST00000086721.11	2.887e-7	2.654e-5	0.1518	0.5951	-0.4433	Relch	GENCODE	full-splice_match	reference_match	FALSE	-0.743554627867521	0.5410707482649109	FALSE
ENSMUSG00000025261.20	ESPRESSO:chrX:1990:16	3.043e-7	2.78e-5	0.4649	0.5818	-0.117	Huwe1	novel	novel_in_catalog	intron_retention	FALSE	-0.2491259836567953	0.8305117472139495	FALSE
ENSMUSG00000025558.21	ESPRESSO:chr14:1737:12	3.078e-7	2.807e-5	0.5132	0.234	0.2792	Dock9	novel	novel_in_catalog	combination_of_known_junctions	FALSE	0.02665480945848098	0.9906360880833506	FALSE
ENSMUSG00000036591.18	ESPRESSO:chr2:170:11	3.135e-7	2.855e-5	0.1678	0.3742	-0.2064	Arhgap21	novel	novel_in_catalog	combination_of_known_junctions	FALSE	0.4537640140476156	0.8176060342246907	FALSE
ENSMUSG00000032479.17	ENSMUST00000165876.9	3.171e-7	2.885e-5	0.1306	0.2647	-0.1341	Map4	GENCODE	full-splice_match	reference_match	FALSE	0.4031875515888917	0.7664226017214184	FALSE
ENSMUSG00000058729.15	ENSMUST00000191744.6	3.184e-7	2.895e-5	0.6068	0.2588	0.348	Lin9	GENCODE	full-splice_match	reference_match	FALSE	-0.8933047568471063	0.7109417553526801	FALSE
ENSMUSG00000058290.6	ENSMUST00000229050.3	3.207e-7	2.911e-5	0.2575	0.1395	0.118	Espl1	GENCODE	full-splice_match	reference_match	FALSE	0.17480426629060047	0.9201156332110032	FALSE
ENSMUSG00000073791.15	ESPRESSO:chr4:1145:48	3.43e-7	3.087e-5	0.06044	0.2971	-0.2367	Efcab7	novel	novel_in_catalog	combination_of_known_junctions	FALSE	-2.1121919431139995	0.08003343235783379	FALSE
ENSMUSG00000030671.11	ENSMUST00000032909.10	3.521e-7	3.154e-5	0.8136	0.5314	0.2822	Pde3b	GENCODE	full-splice_match	reference_match	FALSE	0.04914024663833163	0.980377074496227	FALSE
ENSMUSG00000051510.15	ENSMUST00000106182.9	3.676e-7	3.285e-5	0.3291	0.4826	-0.1534	Mafg	GENCODE	full-splice_match	reference_match	FALSE	0.0985119749244048	0.9741170415936116	FALSE
ENSMUSG00000026991.22	ENSMUST00000444984.1	3.863e-7	3.426e-5	0.1251	0.00719	0.1179	Pkp4	GENCODE	full-splice_match	reference_match	FALSE	0.3750492963398853	0.7787684195802934	FALSE
ENSMUSG00000022533.16	ENSMUST00000100013.10	4.132e-7	3.628e-5	0.2302	0.3823	-0.1521	Atp13a3	GENCODE	full-splice_match	reference_match	FALSE	-0.36246734403962105	0.861672231883351	FALSE
ENSMUSG00000031174.20	ENSMUST00000115533.9	4.149e-7	3.637e-5	0.3561	0.2124	0.1438	Rpgr	GENCODE	full-splice_match	reference_match	FALSE	0.13590542702310454	0.9410674739545598	FALSE
ENSMUSG00000020128.17	ENSMUST00000109578.9	4.345e-7	3.801e-5	0.2412	0.4611	-0.2199	Vps54	GENCODE	full-splice_match	reference_match	FALSE	0.27897514214537467	0.8176060342246907	FALSE
ENSMUSG00000032235.17	ENSMUST00000034761.16	4.631e-7	4.026e-5	0.6936	0.5891	0.1045	Ice2	GENCODE	full-splice_match	reference_match	FALSE	0.529372629789194	0.579483907948408	FALSE
ENSMUSG00000057982.10	ENSMUST00000445069.1	4.646e-7	4.036e-5	0.1524	0.03186	0.1205	Zfp809	GENCODE	full-splice_match	reference_match	FALSE	0.3909880647728384	0.7635729964145824	FALSE
ENSMUSG00000040734.16	ENSMUST00000471709.1	4.87e-7	4.209e-5	0.01899	0.2088	-0.1898	Ppp1r13l	GENCODE	full-splice_match	reference_match	FALSE	0.04494844713798088	0.9851023800354044	FALSE
ENSMUSG00000060950.14	ENSMUST00000084947.11	4.965e-7	4.281e-5	0.3905	0.4957	-0.1052	Trmt61a	GENCODE	full-splice_match	reference_match	FALSE	-0.23896193165573187	0.8088171231746034	FALSE
ENSMUSG00000049606.18	ENSMUST00000112698.9	5.11e-7	4.386e-5	0.1106	0.2541	-0.1435	Zfp644	GENCODE	full-splice_match	reference_match	FALSE	0.3207002190841263	0.8031806070929252	FALSE
ENSMUSG00000033931.11	ENSMUST00000212618.3	5.551e-7	4.726e-5	0.6149	0.4695	0.1454	Rbm34	GENCODE	full-splice_match	reference_match	FALSE	-0.6525850472310272	0.4198578266677804	FALSE
ENSMUSG00000043067.17	ENSMUST00000170356.3	5.594e-7	4.756e-5	0.295	0.4832	-0.1881	Dpy19l1	GENCODE	full-splice_match	reference_match	FALSE	-0.8686496659958313	0.4187695419800326	FALSE
ENSMUSG00000041881.15	ENSMUST00000173946.2	5.675e-7	4.811e-5	0.06821	0.2201	-0.1519	Ndufa7	GENCODE	full-splice_match	reference_match	NA	1.8105351290033904	0.03235063795916464	TRUE
ENSMUSG00000021820.20	ENSMUST00000100837.12	5.767e-7	4.878e-5	0.5101	0.36	0.1501	Camk2g	GENCODE	full-splice_match	reference_match	FALSE	0.04356597357105669	0.980377074496227	FALSE
ENSMUSG00000026723.12	ENSMUST00000124488.8	5.926e-7	5.005e-5	0.7198	0.855	-0.1352	Trdmt1	GENCODE	full-splice_match	reference_match	FALSE	-0.8714910474485721	0.5410707482649109	FALSE
ENSMUSG00000063787.6	ENSMUST00000071215.5	5.993e-7	5.058e-5	0.7365	0.5655	0.171	Chchd1	GENCODE	full-splice_match	reference_match	FALSE	0.6499595071588412	0.5036475925410479	FALSE
ENSMUSG00000031976.16	ENSMUST00000430948.1	6.122e-7	5.159e-5	0.3333	0.6199	-0.2865	Urb2	GENCODE	full-splice_match	reference_match	FALSE	-1.1683334823641065	0.1445467222209025	FALSE
ENSMUSG00000066043.15	ENSMUST00000084170.13	6.125e-7	5.159e-5	0.3282	0.2204	0.10780000000000001	Phactr4	GENCODE	full-splice_match	reference_match	FALSE	0.25827015935197273	0.9236148359027816	FALSE
ENSMUSG00000006527.18	ENSMUST00000054230.13	6.311e-7	5.303e-5	0.6712	0.5595	0.1117	Sfmbt1	GENCODE	full-splice_match	reference_match	FALSE	-0.05568112096601192	0.9741170415936116	FALSE
ENSMUSG00000094870.10	ENSMUST00000178271.4	6.367e-7	5.346e-5	0.2325	0.3681	-0.1356	Zfp131	GENCODE	full-splice_match	reference_match	FALSE	0.14133185302880463	0.9198664685694016	FALSE
ENSMUSG00000021792.17	ENSMUST00000118466.9	6.495e-7	5.442e-5	0.2685	0.3717	-0.1032	Prxl2a	GENCODE	full-splice_match	reference_match	FALSE	-0.211421800905523	0.9198664685694016	FALSE
ENSMUSG00000028470.12	ENSMUST00000030192.6	6.675e-7	5.58e-5	0.848	0.5878	0.2602	Hint2	GENCODE	full-splice_match	reference_match	FALSE	0.8568157713194751	0.5690422753295746	FALSE
ENSMUSG00000022701.20	ENSMUST00000178400.9	6.785e-7	5.664e-5	0.6709	0.3374	0.3335	Ccdc191	GENCODE	full-splice_match	reference_match	FALSE	-0.16008156678392113	0.9326916094134964	FALSE
ENSMUSG00000030432.14	ENSMUST00000032597.13	6.799e-7	5.672e-5	0.2496	0.1016	0.148	Rpl28	GENCODE	full-splice_match	reference_match	NA	0.9123655699296735	0.4176982598979877	FALSE
ENSMUSG00000031389.19	ENSMUST00000114407.10	8.309e-7	6.784e-5	0.2548	0.1405	0.1144	Arhgap4	GENCODE	full-splice_match	reference_match	FALSE	-0.26495015947967915	0.8594179002592983	FALSE
ENSMUSG00000022346.19	ENSMUST00000161976.9	8.449e-7	6.884e-5	0.2133	0.3136	-0.1003	Myc	GENCODE	full-splice_match	reference_match	FALSE	-0.48271134429713497	0.8677342064407804	FALSE
ENSMUSG00000021027.20	ENSMUST00000220367.2	8.509e-7	6.928e-5	0.4821	0.3567	0.1254	Ralgapa1	GENCODE	full-splice_match	reference_match	FALSE	0.07778776920400453	0.9627739357675263	FALSE
ENSMUSG00000033502.17	ENSMUST00000127704.8	8.667e-7	7.041e-5	0.2189	0.03608	0.1828	Cdc14a	GENCODE	full-splice_match	reference_match	FALSE	-1.9124946035320791	0.03235063795916464	TRUE
ENSMUSG00000022514.16	ENSMUST00000023156.14	8.945e-7	7.252e-5	0.04505	0.2472	-0.2022	Il1rap	GENCODE	full-splice_match	reference_match	FALSE	-1.4126039066957998	0.30451334936348207	FALSE
ENSMUSG00000022514.16	ENSMUST00000174202.9	8.945e-7	7.252e-5	0.955	0.7286	0.2263	Il1rap	GENCODE	full-splice_match	reference_match	FALSE	-1.4126039066957998	0.30451334936348207	FALSE
ENSMUSG00000034602.17	ENSMUST00000037557.10	1.006e-6	8.054e-5	0.6173	0.7419	-0.1247	Mon2	GENCODE	full-splice_match	reference_match	FALSE	0.10494921604926868	0.9407796405978126	FALSE
ENSMUSG00000036372.16	ENSMUST00000040372.14	1.016e-6	8.123e-5	0.9447	0.7316	0.2131	Tmem258	GENCODE	full-splice_match	reference_match	FALSE	1.8211819426201916	0.02513329275159671	TRUE
ENSMUSG00000037805.17	ENSMUST00000042334.17	1.105e-6	8.725e-5	0.5791	0.465	0.114	Rpl10a	GENCODE	full-splice_match	reference_match	FALSE	0.1630195587163571	0.8833554207172618	FALSE
ENSMUSG00000090733.8	ENSMUST00000170122.5	1.153e-6	9.055e-5	0.9612	0.8235	0.1376	Rps27	GENCODE	full-splice_match	reference_match	NA	2.5795037338537368	0.02513329275159671	TRUE
ENSMUSG00000029089.10	ENSMUST00000200566.5	1.159e-6	9.077e-5	0.2981	0.1918	0.1063	5730480H06Rik	GENCODE	full-splice_match	reference_match	TRUE	-0.14101627341931924	0.9206001945984004	FALSE
ENSMUSG00000021290.8	ENSMUST00000223435.2	1.187e-6	9.259e-5	0.08651	0.2863	-0.1998	Atp5mj	GENCODE	full-splice_match	reference_match	NA	1.7047711495876945	0.02836512722220898	TRUE
ENSMUSG00000037772.15	ENSMUST00000209576.2	1.199e-6	9.333e-5	0.1297	0.4428	-0.3131	Mrpl23	GENCODE	full-splice_match	mono-exon	NA	0.7037598656588783	0.4928417356716318	FALSE
ENSMUSG00000054499.11	ENSMUST00000553376.1	1.203e-6	9.358e-5	0.4486	0.3484	0.1003	Dedd2	GENCODE	full-splice_match	reference_match	FALSE	0.0941288815135138	0.9553441940608728	FALSE
ENSMUSG00000048874.17	ENSMUST00000186733.7	1.246e-6	9.66e-5	0.5477	0.4007	0.1471	Phf3	GENCODE	full-splice_match	reference_match	FALSE	0.2235885087279424	0.8497510450857975	FALSE
ENSMUSG00000074578.17	ENSMUST00000189909.9	1.253e-6	9.695e-5	0.1769	0.02821	0.1487	Zfas1	GENCODE	full-splice_match	reference_match	NA	-0.7118348919217183	0.6058770834064511	FALSE
ENSMUSG00000048109.12	ENSMUST00000061772.12	1.27e-6	9.8e-5	0.8693	0.7573	0.112	Rbm15	GENCODE	full-splice_match	reference_match	FALSE	0.449926781210752	0.7693042566171036	FALSE
ENSMUSG00000023805.19	ENSMUST00000115791.10	1.522e-6	1.151e-4	0.5634	0.2918	0.2716	Synj2	GENCODE	full-splice_match	reference_match	FALSE	0.17701653811779247	0.9410674739545598	FALSE
ENSMUSG00000027770.7	ENSMUST00000029336.7	1.582e-6	1.192e-4	0.5764	0.6965	-0.12	Dhx36	GENCODE	full-splice_match	reference_match	FALSE	-0.36710463427560314	0.705280187330665	FALSE
ENSMUSG00000029836.17	ENSMUST00000153699.2	1.673e-6	1.253e-4	0.7259	0.5	0.2259	Cbx3	GENCODE	full-splice_match	reference_match	NA	0.6874281825725753	0.3722926111295833	FALSE
ENSMUSG00000020022.19	ENSMUST00000020209.17	1.706e-6	1.272e-4	0.4172	0.3139	0.1033	Ndufa12	GENCODE	full-splice_match	reference_match	FALSE	0.949189792134324	0.12463657809336973	FALSE
ENSMUSG00000020022.19	ENSMUST00000179990.9	1.706e-6	1.272e-4	0.4172	0.3139	0.1033	Ndufa12	GENCODE	full-splice_match	reference_match	FALSE	0.949189792134324	0.12463657809336973	FALSE
ENSMUSG00000090553.10	ENSMUST00000166915.9	1.712e-6	1.275e-4	0.811	0.6601	0.1509	Snrpe	GENCODE	full-splice_match	reference_match	FALSE	1.391138365060887	0.07021668187213959	FALSE
ENSMUSG00000034327.19	ENSMUST00000249619.1	1.777e-6	1.316e-4	0.2614	0.1336	0.1277	Kctd9	GENCODE	full-splice_match	reference_match	FALSE	0.33322971872711854	0.7664226017214184	FALSE
ENSMUSG00000019302.19	ESPRESSO:chr11:1723:6	1.799e-6	1.329e-4	0.5391	0.6618	-0.1227	Atp6v0a1	novel	novel_in_catalog	combination_of_known_junctions	FALSE	0.35152049752075687	0.7499085367513838	FALSE
ENSMUSG00000026456.20	ENSMUST00000027726.14	1.834e-6	1.354e-4	0.6432	0.5	0.1432	Cyb5r1	GENCODE	full-splice_match	reference_match	FALSE	-0.12894007424478948	0.929008839027585	FALSE
ENSMUSG00000022889.9	ENSMUST00000116584.3	1.906e-6	1.4e-4	0.6215	0.7386	-0.1171	Mrpl39	GENCODE	full-splice_match	reference_match	FALSE	-0.4373916405531417	0.5666345139978266	FALSE
ENSMUSG00000040459.13	ENSMUST00000208252.2	2.024e-6	1.481e-4	0.4956	0.7456	-0.25	Arglu1	GENCODE	full-splice_match	reference_match	TRUE	-0.96858312723499	0.24021386193804584	FALSE
ENSMUSG00000022889.9	ENSMUST00000480569.1	2.119e-6	1.539e-4	0.2671	0.1621	0.1049	Mrpl39	GENCODE	full-splice_match	reference_match	FALSE	-0.4373916405531417	0.5666345139978266	FALSE
ENSMUSG00000032855.7	ESPRESSO:chr17:384:19	2.268e-6	1.631e-4	0.2613	0.05877	0.2025	Pkd1	novel	novel_in_catalog	combination_of_known_junctions	FALSE	-1.6275519085426433e-4	0.9994688140747026	FALSE
ENSMUSG00000056383.12	ENSMUST00000071804.11	2.313e-6	1.659e-4	0.4817	0.3554	0.1263	AI987944	GENCODE	full-splice_match	reference_match	FALSE	-0.3180812187591709	0.7887348269244892	FALSE
ENSMUSG00000028082.16	ENSMUST00000238443.2	2.415e-6	1.718e-4	0.4679	0.2564	0.2115	Sh3d19	GENCODE	full-splice_match	reference_match	FALSE	0.04138053788018996	0.9821365298317366	FALSE
ENSMUSG00000014778.12	ENSMUST00000014922.6	2.471e-6	1.752e-4	0.6808	0.8528	-0.172	Fhod1	GENCODE	full-splice_match	reference_match	FALSE	0.04169002974515318	0.9856028924410332	FALSE
ENSMUSG00000042505.8	ENSMUST00000040826.7	2.553e-6	1.801e-4	0.9356	0.7869	0.1488	Sdhaf3	GENCODE	full-splice_match	reference_match	FALSE	-0.12138709486111234	0.9537433244374288	FALSE
ENSMUSG00000072772.5	ENSMUST00000004389.7	2.57e-6	1.81e-4	0.8963	0.71	0.1863	Grcc10	GENCODE	full-splice_match	reference_match	FALSE	1.180271910604045	0.2915905912698805	FALSE
ENSMUSG00000021375.13	ESPRESSO:chr13:734:3	2.618e-6	1.84e-4	0.1646	0.3133	-0.1487	Kif13a	novel	novel_in_catalog	combination_of_known_junctions	FALSE	-0.4097530595589211	0.7410897981169566	FALSE
ENSMUSG00000021792.17	ENSMUST00000022317.16	2.731e-6	1.912e-4	0.6776	0.5731	0.1045	Prxl2a	GENCODE	full-splice_match	reference_match	FALSE	-0.211421800905523	0.9198664685694016	FALSE
ENSMUSG00000037210.18	ESPRESSO:chr5:346:42	2.843e-6	1.982e-4	0.3688	0.2664	0.1023	Fam193a	novel	fusion	multi-exon	FALSE	-0.08953066293971922	0.980377074496227	FALSE
ENSMUSG00000062006.14	ENSMUST00000062601.15	2.849e-6	1.985e-4	0.2934	0.4315	-0.1381	Rpl34	GENCODE	full-splice_match	reference_match	FALSE	1.7408050229664431	0.02513329275159671	TRUE
ENSMUSG00000005501.16	ENSMUST00000453974.1	2.903e-6	2.021e-4	0.04991	0.1633	-0.1134	Usp40	GENCODE	full-splice_match	reference_match	FALSE	0.14189340302984266	0.9326916094134964	FALSE
ENSMUSG00000061755.12	ESPRESSO:chr5:453:15	3.258e-6	2.245e-4	0.211	0.3568	-0.1457	Bod1l	novel	novel_in_catalog	combination_of_known_junctions	FALSE	-0.3133183107070686	0.8756666761273322	FALSE
ENSMUSG00000039914.8	ENSMUST00000492045.1	3.322e-6	2.281e-4	0.01174	0.1336	-0.1218	Coq10a	GENCODE	full-splice_match	reference_match	FALSE	0.12211928725237428	0.9677906280265276	FALSE
ENSMUSG00000034940.18	ENSMUST00000492401.1	3.37e-6	2.31e-4	0.2436	0.4543	-0.2107	Synrg	GENCODE	full-splice_match	reference_match	FALSE	-0.10495997425217564	0.9553441940608728	FALSE
ENSMUSG00000025266.13	ESPRESSO:chrX:1975:5	3.383e-6	2.315e-4	0.226	0.1035	0.1226	Gnl3l	novel	novel_not_in_catalog	at_least_one_novel_splicesite	TRUE	-0.4213784464705216	0.766987621363142	FALSE
ENSMUSG00000028572.15	ENSMUST00000125627.8	3.559e-6	2.419e-4	0.262	0.1045	0.1574	Hook1	GENCODE	full-splice_match	reference_match	FALSE	0.07757238278700042	0.9748298670206182	FALSE
ENSMUSG00000037692.16	ENSMUST00000463973.1	3.696e-6	2.505e-4	0.2762	0.4916	-0.2154	Ahdc1	GENCODE	full-splice_match	reference_match	FALSE	0.04003270505811861	0.990151821230636	FALSE
ENSMUSG00000027111.18	ENSMUST00000523389.1	3.861e-6	2.609e-4	0.3504	0.4739	-0.1235	Itga6	GENCODE	full-splice_match	reference_match	TRUE	0.5709657900691336	0.4176982598979877	FALSE
ENSMUSG00000033014.14	ENSMUST00000029444.14	3.868e-6	2.611e-4	0.508	0.6327	-0.1248	Trim33	GENCODE	full-splice_match	reference_match	FALSE	0.05174391714103684	0.9741170415936116	FALSE
ENSMUSG00000033014.14	ENSMUST00000106860.6	3.868e-6	2.611e-4	0.4906	0.3619	0.1286	Trim33	GENCODE	full-splice_match	reference_match	FALSE	0.05174391714103684	0.9741170415936116	FALSE
ENSMUSG00000007827.12	ENSMUST00000112830.4	3.952e-6	2.661e-4	0.1617	0.2654	-0.1037	Ankrd26	GENCODE	full-splice_match	reference_match	FALSE	0.3853148523112639	0.7996836091143015	FALSE
ENSMUSG00000032842.15	ENSMUST00000095261.11	4.178e-6	2.802e-4	0.2142	0	0.2142	Abcc10	GENCODE	full-splice_match	reference_match	FALSE	-0.31353679600608114	0.9041734100578408	FALSE
ENSMUSG00000057069.9	ENSMUST00000071973.9	4.187e-6	2.806e-4	0.7434	0.8522	-0.1088	Ero1b	GENCODE	full-splice_match	reference_match	FALSE	0.20974310230590076	0.9229101535807728	FALSE
ENSMUSG00000044258.12	ENSMUST00000225856.2	4.206e-6	2.813e-4	0.08643	0.2043	-0.1178	Ctla2a	GENCODE	full-splice_match	reference_match	NA	0.6478087141501521	0.6058770834064511	FALSE
ENSMUSG00000020954.18	ENSMUST00000169503.5	4.285e-6	2.857e-4	0.4438	0.3213	0.1224	Strn3	GENCODE	full-splice_match	reference_match	FALSE	-0.17831047008739168	0.9106015128196532	FALSE
ENSMUSG00000044350.16	ENSMUST00000062789.16	4.282e-6	2.857e-4	0.7732	0.6243	0.1489	Lacc1	GENCODE	full-splice_match	reference_match	FALSE	0.11436416874239022	0.9497255064469604	FALSE
ENSMUSG00000030037.11	ENSMUST00000113938.5	4.339e-6	2.891e-4	0.562	0.3943	0.1678	Mrpl53	GENCODE	full-splice_match	reference_match	FALSE	0.98251098642815	0.3164063377229929	FALSE
ENSMUSG00000090553.10	ENSMUST00000164096.3	4.353e-6	2.899e-4	0.04667	0.1473	-0.1006	Snrpe	GENCODE	full-splice_match	reference_match	FALSE	1.391138365060887	0.07021668187213959	FALSE
ENSMUSG00000002728.16	ENSMUST00000134759.4	4.428e-6	2.944e-4	0.2783	0.071	0.2073	Naa20	GENCODE	full-splice_match	reference_match	NA	-2.0437091492641892	0.163973623230681	FALSE
ENSMUSG00000036882.9	ENSMUST00000443622.1	4.823e-6	3.168e-4	0.1221	0.4455	-0.3234	Arhgap33	GENCODE	full-splice_match	reference_match	TRUE	-0.5515935527562644	0.8174812763630072	FALSE
ENSMUSG00000038535.19	ENSMUST00000183410.9	4.834e-6	3.174e-4	0.3386	0.2246	0.114	Zfp280d	GENCODE	full-splice_match	reference_match	FALSE	0.4080861137433613	0.7278977222133447	FALSE
ENSMUSG00000061787.17	ENSMUST00000080813.6	4.914e-6	3.212e-4	0.7396	0.5602	0.1794	Rps17	GENCODE	full-splice_match	reference_match	FALSE	1.7803152347255915	0.02191570083769201	TRUE
ENSMUSG00000022533.16	ENSMUST00000061350.14	5.088e-6	3.318e-4	0.6091	0.4573	0.1519	Atp13a3	GENCODE	full-splice_match	reference_match	FALSE	-0.36246734403962105	0.861672231883351	FALSE
ENSMUSG00000036093.9	ENSMUST00000036541.9	5.326e-6	3.453e-4	0.9745	0.8607	0.1138	Arl5a	GENCODE	full-splice_match	reference_match	FALSE	1.2496101724774376	0.7664226017214184	FALSE
ENSMUSG00000036093.9	ENSMUST00000130357.2	5.326e-6	3.453e-4	0.02548	0.1393	-0.1138	Arl5a	GENCODE	full-splice_match	reference_match	NA	1.2496101724774376	0.7664226017214184	FALSE
ENSMUSG00000072770.10	ESPRESSO:chr6:1838:34	5.6e-6	3.614e-4	0.2653	0.4197	-0.1543	Acrbp	novel	novel_in_catalog	intron_retention	TRUE	0.15293679334745702	0.9634910196227248	FALSE
ENSMUSG00000040297.14	ESPRESSO:chr1:1884:9	6.208e-6	3.961e-4	0.3614	0.2539	0.1075	Suco	novel	novel_in_catalog	combination_of_known_junctions	FALSE	0.11593957812954345	0.9323866483560684	FALSE
ENSMUSG00000033502.17	ENSMUST00000136994.2	6.255e-6	3.976e-4	0.2314	0.05354	0.1779	Cdc14a	GENCODE	full-splice_match	reference_match	TRUE	-1.9124946035320791	0.03235063795916464	TRUE
ENSMUSG00000000823.18	ENSMUST00000514435.1	6.541e-6	4.141e-4	0.01857	0.1794	-0.1609	Zfp512b	GENCODE	full-splice_match	reference_match	FALSE	0.00336972382515934	0.9988358499247544	FALSE
ENSMUSG00000104960.4	ENSMUST00000198509.4	7.191e-6	4.508e-4	0.3201	0.6695	-0.3494	Snhg8	GENCODE	full-splice_match	mono-exon	NA	0.931340591196466	0.542405857336613	FALSE
ENSMUSG00000028613.17	ENSMUST00000238584.3	7.285e-6	4.554e-4	0.1144	0	0.1144	Lrp8	GENCODE	full-splice_match	reference_match	FALSE	0.9070144847820084	0.2827601543833102	FALSE
ENSMUSG00000040459.13	ENSMUST00000048545.11	7.451e-6	4.648e-4	0.4319	0.2424	0.1895	Arglu1	GENCODE	full-splice_match	reference_match	FALSE	-0.96858312723499	0.24021386193804584	FALSE
ENSMUSG00000051451.8	ENSMUST00000207252.2	7.597e-6	4.732e-4	0.5633	0.3225	0.2407	Crebzf	GENCODE	full-splice_match	reference_match	NA	-0.8125101769414699	0.4506009288936405	FALSE
ENSMUSG00000035266.18	ENSMUST00000044684.15	7.873e-6	4.869e-4	0.244	0.4908	-0.2468	Helq	GENCODE	full-splice_match	reference_match	FALSE	-1.330272084728839	0.15076290213601518	FALSE
ENSMUSG00000006360.13	ENSMUST00000006523.13	8.102e-6	4.995e-4	0.8987	0.6903	0.2083	Crip1	GENCODE	full-splice_match	reference_match	NA	1.9355236261119464	0.04468212345259453	TRUE
ENSMUSG00000025764.16	ENSMUST00000163764.9	8.47e-6	5.181e-4	0.4102	0.2601	0.1501	Jade1	GENCODE	full-splice_match	reference_match	FALSE	0.29543982183562434	0.7741789827301241	FALSE
ENSMUSG00000049751.8	ENSMUST00000110619.2	8.466e-6	5.181e-4	0.09593	0.2259	-0.13	Rpl36al	GENCODE	full-splice_match	mono-exon	NA	1.4579165528464222	0.03962279915990488	TRUE
ENSMUSG00000007827.12	ENSMUST00000527839.1	8.576e-6	5.239e-4	0.5391	0.4193	0.1198	Ankrd26	GENCODE	full-splice_match	reference_match	FALSE	0.3853148523112639	0.7996836091143015	FALSE
ENSMUSG00000107482.3	ESPRESSO:chr7:1370:17	8.584e-6	5.242e-4	0.639	0.1665	0.4725	Etfbl	novel	novel_in_catalog	combination_of_known_junctions	FALSE	NA	NA	FALSE
ENSMUSG00000039308.8	ENSMUST00000047490.7	8.706e-6	5.297e-4	0.3037	0.439	-0.1354	Ndst2	GENCODE	full-splice_match	reference_match	FALSE	0.3862850836535744	0.8723083038322046	FALSE
ENSMUSG00000056383.12	ENSMUST00000205338.2	8.707e-6	5.297e-4	0.4954	0.6149	-0.1195	AI987944	GENCODE	full-splice_match	reference_match	FALSE	-0.3180812187591709	0.7887348269244892	FALSE
ENSMUSG00000086534.3	ESPRESSO:chr17:533:12	9.607e-6	5.762e-4	0.6667	0.07824	0.5884	Gm16758	novel	novel_not_in_catalog	at_least_one_novel_splicesite	NA	0.3393634324608961	0.9244246366970894	FALSE
ENSMUSG00000022544.16	ENSMUST00000064635.13	9.631e-6	5.774e-4	0.4701	0.6581	-0.188	Eef2kmt	GENCODE	full-splice_match	reference_match	FALSE	-0.5889616546477533	0.5410707482649109	FALSE
ENSMUSG00000023939.9	ENSMUST00000432592.1	1.012e-5	6.032e-4	0.0346	0.1984	-0.1638	Mrpl14	GENCODE	full-splice_match	reference_match	FALSE	0.9773961921189356	0.40981120270159194	FALSE
ENSMUSG00000002031.14	ENSMUST00000002099.11	1.053e-5	6.241e-4	0.5812	0.4477	0.1335	Ift46	GENCODE	full-splice_match	reference_match	FALSE	-0.2969072398491467	0.8176060342246907	FALSE
ENSMUSG00000004815.14	ENSMUST00000053913.14	1.052e-5	6.241e-4	0.2834	0.5045	-0.2211	Dgkq	GENCODE	full-splice_match	reference_match	FALSE	-0.33595843042639273	0.8176060342246907	FALSE
ENSMUSG00000071653.10	ENSMUST00000096251.10	1.075e-5	6.352e-4	0.5679	0.4363	0.1315	1810009A15Rik	GENCODE	full-splice_match	reference_match	FALSE	0.6349441105027275	0.5410707482649109	FALSE
ENSMUSG00000001552.16	ENSMUST00000524996.1	1.079e-5	6.369e-4	0.06088	0.1751	-0.1142	Jup	GENCODE	full-splice_match	reference_match	FALSE	0.18270533429418212	0.931819109403512	FALSE
ENSMUSG00000043067.17	ENSMUST00000142064.9	1.079e-5	6.369e-4	0.594	0.4193	0.1748	Dpy19l1	GENCODE	full-splice_match	reference_match	FALSE	-0.8686496659958313	0.4187695419800326	FALSE
ENSMUSG00000040904.11	ENSMUST00000176116.8	1.177e-5	6.863e-4	0.2787	0.03333	0.2453	Gm21988	GENCODE	full-splice_match	reference_match	FALSE	0.07932862587684195	0.9776916549909992	FALSE
ENSMUSG00000020309.8	ENSMUST00000020553.6	1.192e-5	6.933e-4	0.382	0.2565	0.1254	Chac2	GENCODE	full-splice_match	reference_match	FALSE	-0.3588239618873474	0.8073567026171939	FALSE
ENSMUSG00000020309.8	ENSMUST00000101394.6	1.192e-5	6.933e-4	0.618	0.7382	-0.1202	Chac2	GENCODE	full-splice_match	reference_match	FALSE	-0.3588239618873474	0.8073567026171939	FALSE
ENSMUSG00000045438.14	ENSMUST00000152715.2	1.207e-5	6.999e-4	0.07101	0.2055	-0.1345	Cox19	GENCODE	full-splice_match	reference_match	NA	0.06556264466172285	0.97560488999976	FALSE
ENSMUSG00000022180.9	ENSMUST00000022787.9	1.252e-5	7.206e-4	0.7165	0.8675	-0.1511	Slc7a8	GENCODE	full-splice_match	reference_match	FALSE	0.31456373698409945	0.929008839027585	FALSE
ENSMUSG00000058192.18	ENSMUST00000407341.1	1.275e-5	7.316e-4	0.204	0.06542	0.1386	Zfp846	GENCODE	full-splice_match	reference_match	FALSE	-0.0464072602286078	0.985542174086416	FALSE
ENSMUSG00000086534.3	ESPRESSO:chr17:533:3	1.278e-5	7.319e-4	0.2	0.6893	-0.4893	Gm16758	novel	novel_not_in_catalog	intron_retention	NA	0.3393634324608961	0.9244246366970894	FALSE
ENSMUSG00000025266.13	ENSMUST00000112691.9	1.292e-5	7.388e-4	0.3941	0.545	-0.1509	Gnl3l	GENCODE	full-splice_match	reference_match	FALSE	-0.4213784464705216	0.766987621363142	FALSE
ENSMUSG00000074578.17	ENSMUST00000247522.2	1.309e-5	7.471e-4	0.6149	0.8093	-0.1945	Zfas1	GENCODE	full-splice_match	mono-exon	NA	-0.7118348919217183	0.6058770834064511	FALSE
ENSMUSG00000030671.11	ESPRESSO:chr7:2567:2	1.322e-5	7.53e-4	0.1478	0.3668	-0.219	Pde3b	novel	novel_not_in_catalog	at_least_one_novel_splicesite	FALSE	0.04914024663833163	0.980377074496227	FALSE
ENSMUSG00000101645.2	ESPRESSO:chr2:990:22	1.353e-5	7.665e-4	0.2178	0.07811	0.1397	Gm28635	novel	novel_in_catalog	combination_of_known_junctions	FALSE	NA	NA	FALSE
ENSMUSG00000033938.7	ENSMUST00000036996.6	1.354e-5	7.667e-4	0.9561	0.8486	0.1074	Ndufb7	GENCODE	full-splice_match	reference_match	FALSE	1.7210517469616686	0.03235063795916464	TRUE
ENSMUSG00000078122.7	ENSMUST00000147681.4	1.449e-5	8.113e-4	0.7149	0.5301	0.1848	Mir223hg	GENCODE	full-splice_match	reference_match	NA	-0.33958239797955336	0.926204413001659	FALSE
ENSMUSG00000049751.8	ENSMUST00000054544.8	1.492e-5	8.313e-4	0.8649	0.7334	0.1315	Rpl36al	GENCODE	full-splice_match	reference_match	FALSE	1.4579165528464222	0.03962279915990488	TRUE
ENSMUSG00000027111.18	ENSMUST00000028522.11	1.595e-5	8.79e-4	0.5157	0.4014	0.1143	Itga6	GENCODE	full-splice_match	reference_match	FALSE	0.5709657900691336	0.4176982598979877	FALSE
ENSMUSG00000009630.12	ENSMUST00000009774.12	1.74e-5	9.493e-4	0.7589	0.9796	-0.2207	Ppp2cb	GENCODE	full-splice_match	reference_match	FALSE	-2.2272598325396733	0.06988833520134291	FALSE
ENSMUSG00000009630.12	ESPRESSO:chr8:436:2	1.74e-5	9.493e-4	0.2411	0.02039	0.2207	Ppp2cb	novel	novel_not_in_catalog	intron_retention	NA	-2.2272598325396733	0.06988833520134291	FALSE
ENSMUSG00000066613.16	ENSMUST00000112540.9	1.832e-5	9.948e-4	0.3737	0.4767	-0.103	Zfp932	GENCODE	full-splice_match	reference_match	FALSE	-0.445904532016872	0.8827280222166826	FALSE
ENSMUSG00000026928.16	ENSMUST00000028294.8	1.834e-5	9.954e-4	0.6444	0.8105	-0.1661	Card9	GENCODE	full-splice_match	reference_match	FALSE	-0.3992507199833043	0.863875591000879	FALSE
ENSMUSG00000115423.4	ENSMUST00000227806.3	1.916e-5	0.001032	0.8093	0.9614	-0.1521	Gm56450	GENCODE	full-splice_match	reference_match	NA	-0.24579073189302128	0.8833554207172618	FALSE
ENSMUSG00000058729.15	ENSMUST00000192561.7	1.965e-5	0.001052	0.06101	0.3169	-0.2559	Lin9	GENCODE	full-splice_match	reference_match	FALSE	-0.8933047568471063	0.7109417553526801	FALSE
ENSMUSG00000002083.15	ENSMUST00000002152.14	1.97e-5	0.001053	0.7451	0.5746	0.1704	Bbc3	GENCODE	full-splice_match	reference_match	FALSE	0.30013697246382526	0.9136587804799592	FALSE
ENSMUSG00000033577.20	ESPRESSO:chr9:1240:2	2.014e-5	0.001073	0.4674	0.6874	-0.22	Myo6	novel	novel_in_catalog	combination_of_known_junctions	FALSE	0.5383109549938812	0.9039266442086666	FALSE
ENSMUSG00000020128.17	ENSMUST00000006221.15	2.035e-5	0.001082	0.4564	0.3554	0.1009	Vps54	GENCODE	full-splice_match	reference_match	FALSE	0.27897514214537467	0.8176060342246907	FALSE
ENSMUSG00000087396.10	ESPRESSO:chrX:1011:3	2.058e-5	0.00109	0.02141	0.1404	-0.1189	Dxz4	novel	novel_in_catalog	combination_of_known_splicesites	FALSE	0.11527811315961536	0.9553441940608728	FALSE
ENSMUSG00000039033.13	ENSMUST00000110079.10	2.069e-5	0.001095	0.349	0.2424	0.1066	Tasp1	GENCODE	full-splice_match	reference_match	FALSE	-0.5534817207771185	0.5492679739773688	FALSE
ENSMUSG00000039308.8	ENSMUST00000223679.3	2.146e-5	0.001128	0.423	0.2897	0.1332	Ndst2	GENCODE	full-splice_match	reference_match	FALSE	0.3862850836535744	0.8723083038322046	FALSE
ENSMUSG00000030509.19	ENSMUST00000392542.1	2.153e-5	0.001131	0.3027	0.1846	0.1182	Asb7	GENCODE	full-splice_match	reference_match	FALSE	0.4312270191598331	0.780768735094873	FALSE
ENSMUSG00000036282.17	ENSMUST00000480918.1	2.165e-5	0.001136	0.3279	0.4838	-0.1559	Naa30	GENCODE	full-splice_match	reference_match	FALSE	0.7707088063146158	0.5410707482649109	FALSE
ENSMUSG00000037692.16	ENSMUST00000463972.1	2.266e-5	0.00118	0.1988	0.01686	0.1819	Ahdc1	GENCODE	full-splice_match	reference_match	FALSE	0.04003270505811861	0.990151821230636	FALSE
ENSMUSG00000035992.17	ENSMUST00000573025.1	2.284e-5	0.001189	0.5426	0.2511	0.2915	Fnip1	GENCODE	full-splice_match	reference_match	FALSE	-1.584209053761081	0.31054259364079306	FALSE
ENSMUSG00000072969.4	ENSMUST00000486118.1	2.372e-5	0.001226	0.2696	0.1271	0.1425	Armcx5	GENCODE	full-splice_match	reference_match	FALSE	0.00436715472760124	0.9986874550349408	FALSE
ENSMUSG00000040483.17	ENSMUST00000140842.10	2.388e-5	0.001231	0.2341	0.01711	0.217	Xaf1	GENCODE	full-splice_match	reference_match	FALSE	-0.8968305173015959	0.7499085367513838	FALSE
ENSMUSG00000040483.17	ENSMUST00000146233.9	2.388e-5	0.001231	0.6833	0.8385	-0.1552	Xaf1	GENCODE	full-splice_match	reference_match	FALSE	-0.8968305173015959	0.7499085367513838	FALSE
ENSMUSG00000041530.19	ENSMUST00000097888.11	2.399e-5	0.001236	0.1752	0.3704	-0.1953	Ago1	GENCODE	full-splice_match	reference_match	FALSE	0.3640968804669464	0.851374297135837	FALSE
ENSMUSG00000041530.19	ENSMUST00000239399.3	2.399e-5	0.001236	0.1752	0.3704	-0.1953	Ago1	GENCODE	full-splice_match	reference_match	FALSE	0.3640968804669464	0.851374297135837	FALSE
ENSMUSG00000073791.15	ENSMUST00000488736.1	2.409e-5	0.00124	0.135	0.01763	0.1173	Efcab7	GENCODE	full-splice_match	reference_match	FALSE	-2.1121919431139995	0.08003343235783379	FALSE
ENSMUSG00000026179.16	ENSMUST00000113805.9	2.418e-5	0.001243	0.3103	0.205	0.1053	Pnkd	GENCODE	full-splice_match	reference_match	FALSE	0.28792619270304215	0.8580405045258431	FALSE
ENSMUSG00000108037.3	ESPRESSO:chr6:1838:34	2.418e-5	0.001243	0.2712	0.4203	-0.1491	Gm44597	novel	novel_in_catalog	intron_retention	TRUE	-0.1720044632424821	0.9123144083285212	FALSE
ENSMUSG00000074749.12	ENSMUST00000099278.10	2.449e-5	0.001256	0.6451	0.7478	-0.1027	Kiz	GENCODE	full-splice_match	reference_match	FALSE	-0.32497790796071135	0.7034088076960004	FALSE
ENSMUSG00000002379.9	ENSMUST00000002452.9	2.452e-5	0.001257	0.874	0.6963	0.1777	Ndufa11	GENCODE	full-splice_match	reference_match	FALSE	1.3803137668097187	0.14211495483830203	FALSE
ENSMUSG00000074604.11	ENSMUST00000161230.3	2.498e-5	0.001278	0.09675	0.4534	-0.3567	Mgst2	GENCODE	full-splice_match	reference_match	NA	-0.6360402284191494	0.8874437143541035	FALSE
ENSMUSG00000057335.13	ENSMUST00000421359.1	2.563e-5	0.001304	0.3113	0.1945	0.1168	Cep170	GENCODE	full-splice_match	reference_match	FALSE	0.3184740736235738	0.8176060342246907	FALSE
ENSMUSG00000051451.8	ENSMUST00000143408.3	2.678e-5	0.001355	0.05818	0.2281	-0.1699	Crebzf	GENCODE	full-splice_match	reference_match	TRUE	-0.8125101769414699	0.4506009288936405	FALSE
ENSMUSG00000026135.19	ENSMUST00000113737.9	2.79e-5	0.001405	0.1626	0.0373	0.1253	Zfp142	GENCODE	full-splice_match	reference_match	FALSE	0.2082306702037431	0.9207397086995482	FALSE
ENSMUSG00000021432.17	ENSMUST00000225432.3	2.874e-5	0.001442	0.285	0.43	-0.145	Slc35b3	GENCODE	full-splice_match	reference_match	FALSE	-0.6809597193036718	0.3036937828030541	FALSE
ENSMUSG00000030811.16	ENSMUST00000206893.2	2.889e-5	0.001449	0.1648	0.05864	0.1062	Fbxl19	GENCODE	full-splice_match	reference_match	FALSE	-0.00641080651282067	0.9980902827443394	FALSE
ENSMUSG00000007817.17	ENSMUST00000162645.9	3.035e-5	0.001514	0.4253	0.3014	0.1238	Zmiz1	GENCODE	full-splice_match	reference_match	FALSE	0.0704869426292492	0.9741170415936116	FALSE
ENSMUSG00000014039.20	ENSMUST00000534021.1	3.042e-5	0.001517	0.1037	0	0.1037	Prdm15	GENCODE	full-splice_match	reference_match	FALSE	0.3645619814977217	0.8550913463817017	FALSE
ENSMUSG00000023089.14	ENSMUST00000023851.10	3.084e-5	0.001534	0.8926	0.6451	0.2475	Ndufa5	GENCODE	full-splice_match	reference_match	FALSE	1.9863398511739463	0.02513329275159671	TRUE
ENSMUSG00000034973.18	ESPRESSO:chr9:1310:18	3.13e-5	0.001554	0.4192	0.639	-0.2198	Dop1a	novel	incomplete-splice_match	3prime_fragment	FALSE	-0.6508427180138551	0.453665993791736	FALSE
ENSMUSG00000038002.11	ENSMUST00000233774.3	3.143e-5	0.001559	0.4925	0.7443	-0.2518	Cramp1	GENCODE	full-splice_match	reference_match	FALSE	-0.0630648360813532	0.9811723309647415	FALSE
ENSMUSG00000021040.17	ENSMUST00000161023.9	3.226e-5	0.001596	0.8339	0.6571	0.1768	Slirp	GENCODE	full-splice_match	reference_match	FALSE	1.3330381083282934	0.18098431905119172	FALSE
ENSMUSG00000042404.17	ENSMUST00000129564.8	3.229e-5	0.001597	0.2947	0.4547	-0.16	Dennd4b	GENCODE	full-splice_match	reference_match	FALSE	-0.08009084631918918	0.9634910196227248	FALSE
ENSMUSG00000107023.3	ESPRESSO:chr7:2775:9	3.245e-5	0.001603	0.5541	0.8934	-0.3393	Gm42715	novel	incomplete-splice_match	3prime_fragment	FALSE	NA	NA	FALSE
ENSMUSG00000052031.10	ENSMUST00000449942.1	3.396e-5	0.00166	0.4444	0.9368	-0.4924	Tagap1	GENCODE	full-splice_match	reference_match	FALSE	-0.5998298117341215	0.7543599413497823	FALSE
ENSMUSG00000052031.10	ESPRESSO:chr17:52:3	3.396e-5	0.00166	0.5556	0.06321	0.4924	Tagap1	novel	novel_not_in_catalog	at_least_one_novel_splicesite	FALSE	-0.5998298117341215	0.7543599413497823	FALSE
ENSMUSG00000028062.17	ENSMUST00000145172.2	3.445e-5	0.001681	0.08236	0.1911	-0.1087	Lamtor2	GENCODE	full-splice_match	reference_match	FALSE	1.3602077816045948	0.03962279915990488	TRUE
ENSMUSG00000028771.15	ENSMUST00000030556.9	3.5e-5	0.001703	0.7093	0.5933	0.116	Ptpn12	GENCODE	full-splice_match	reference_match	FALSE	-0.00675003590334368	0.9973149037518088	FALSE
ENSMUSG00000049606.18	ENSMUST00000112696.9	3.529e-5	0.001712	0.3258	0.1838	0.142	Zfp644	GENCODE	full-splice_match	reference_match	FALSE	0.3207002190841263	0.8031806070929252	FALSE
ENSMUSG00000002346.19	ENSMUST00000110127.9	3.591e-5	0.001741	0.5128	0.7394	-0.2266	Slc25a42	GENCODE	full-splice_match	reference_match	FALSE	-1.0112275506831083	0.4696843838064525	FALSE
ENSMUSG00000023206.18	ENSMUST00000130245.2	3.631e-5	0.001756	0.4155	0.1097	0.3057	Il15ra	GENCODE	full-splice_match	reference_match	NA	-1.018368247083703	0.7404573828971799	FALSE
ENSMUSG00000039117.18	ENSMUST00000227325.2	3.71e-5	0.001786	0.3842	0.2716	0.1125	Taf4	GENCODE	full-splice_match	reference_match	FALSE	-0.3955683421236591	0.8176060342246907	FALSE
ENSMUSG00000045438.14	ENSMUST00000049630.14	3.849e-5	0.001846	0.8767	0.7258	0.1509	Cox19	GENCODE	full-splice_match	reference_match	FALSE	0.06556264466172285	0.97560488999976	FALSE
ENSMUSG00000051550.12	ENSMUST00000108572.2	4.022e-5	0.001916	0.2037	0.4886	-0.2849	Zfp579	GENCODE	full-splice_match	reference_match	FALSE	0.02843772929437947	0.9931331674321768	FALSE
ENSMUSG00000001173.17	ENSMUST00000492055.1	4.275e-5	0.002021	0.3599	0.5063	-0.1464	Ocrl	GENCODE	full-splice_match	reference_match	FALSE	0.3533544208029156	0.7741789827301241	FALSE
ENSMUSG00000038351.16	ENSMUST00000057631.13	4.359e-5	0.002057	0.5024	0.798	-0.2956	Sgsm2	GENCODE	full-splice_match	reference_match	FALSE	0.6620539055061776	0.5548753625228999	FALSE
ENSMUSG00000022544.16	ENSMUST00000139584.2	4.37e-5	0.00206	0.3783	0.228	0.1503	Eef2kmt	GENCODE	full-splice_match	reference_match	FALSE	-0.5889616546477533	0.5410707482649109	FALSE
ENSMUSG00000030177.16	ENSMUST00000112703.9	4.452e-5	0.002092	0.629	0.5044	0.1246	Ccdc77	GENCODE	full-splice_match	reference_match	FALSE	0.0995367087262778	0.946983597542565	FALSE
ENSMUSG00000054051.9	ENSMUST00000383642.1	4.536e-5	0.002122	0.3	0.4008	-0.1008	Ercc6	GENCODE	full-splice_match	reference_match	FALSE	-0.7624127967598882	0.7664226017214184	FALSE
ENSMUSG00000001134.11	ENSMUST00000123836.3	4.581e-5	0.002142	0.6745	0.379	0.2955	Uxt	GENCODE	full-splice_match	reference_match	FALSE	0.6902998103649848	0.7027162003185177	FALSE
ENSMUSG00000038002.11	ENSMUST00000472923.1	4.977e-5	0.002292	0.2805	0.08201	0.1985	Cramp1	GENCODE	full-splice_match	reference_match	FALSE	-0.0630648360813532	0.9811723309647415	FALSE
ENSMUSG00000074151.15	ENSMUST00000211816.2	5.027e-5	0.00231	0.2044	0.4429	-0.2384	Nlrc5	GENCODE	full-splice_match	reference_match	FALSE	0.37707869243953623	0.8698020273360699	FALSE
ENSMUSG00000037110.22	ENSMUST00000568273.1	5.297e-5	0.002409	0.08382	0.4377	-0.3539	Ralgapa2	GENCODE	full-splice_match	reference_match	FALSE	-0.3013702517440687	0.9136587804799592	FALSE
ENSMUSG00000036372.16	ENSMUST00000461023.1	5.535e-5	0.002496	0.02142	0.1248	-0.1034	Tmem258	GENCODE	full-splice_match	reference_match	FALSE	1.8211819426201916	0.02513329275159671	TRUE
ENSMUSG00000043987.20	ESPRESSO:chr9:705:6	5.946e-5	0.002648	0.129	0.2792	-0.1502	Cep164	novel	novel_in_catalog	combination_of_known_junctions	FALSE	0.05648887705511039	0.97703770993431	FALSE
ENSMUSG00000020694.19	ENSMUST00000106941.10	5.985e-5	0.002663	0.4802	0.5822	-0.102	Tlk2	GENCODE	full-splice_match	reference_match	FALSE	0.3842311132709316	0.7646426582269945	FALSE
ENSMUSG00000030929.19	ENSMUST00000150844.4	6.07e-5	0.002694	0.4663	0.5887	-0.1224	Eri2	GENCODE	full-splice_match	reference_match	FALSE	-0.12090375899891125	0.9529256450435896	FALSE
ENSMUSG00000006360.13	ENSMUST00000196932.2	6.41e-5	0.002819	0.08003	0.2579	-0.1778	Crip1	GENCODE	full-splice_match	mono-exon	NA	1.9355236261119464	0.04468212345259453	TRUE
ENSMUSG00000035642.18	ENSMUST00000154779.8	6.59e-5	0.002889	0.006801	0.1548	-0.148	Aamdc	GENCODE	full-splice_match	reference_match	FALSE	0.4757359586555225	0.825541189863093	FALSE
ENSMUSG00000040312.16	ENSMUST00000164242.10	6.589e-5	0.002889	0.4097	0.5842	-0.1745	Cchcr1	GENCODE	full-splice_match	reference_match	FALSE	-0.01116397162919816	0.9959250234577408	FALSE
ENSMUSG00000027397.16	ESPRESSO:chr2:1804:4	6.789e-5	0.002963	0.5282	0.4187	0.1095	Slc20a1	novel	novel_in_catalog	intron_retention	FALSE	-0.2308402927509902	0.888222258380456	FALSE
ENSMUSG00000039117.18	ESPRESSO:chr2:2704:3	6.824e-5	0.002974	0.2436	0.37	-0.1264	Taf4	novel	novel_not_in_catalog	at_least_one_novel_splicesite	FALSE	-0.3955683421236591	0.8176060342246907	FALSE
ENSMUSG00000056216.11	ENSMUST00000130491.4	7.027e-5	0.003044	0.9457	0.8353	0.1104	Cebpg	GENCODE	full-splice_match	reference_match	FALSE	0.6730660411654193	0.7523288819366841	FALSE
ENSMUSG00000056216.11	ENSMUST00000205752.2	7.027e-5	0.003044	0.04091	0.1647	-0.1238	Cebpg	GENCODE	full-splice_match	mono-exon	NA	0.6730660411654193	0.7523288819366841	FALSE
ENSMUSG00000020115.5	ENSMUST00000020316.5	7.212e-5	0.003109	0.8241	0.9341	-0.1101	Tbk1	GENCODE	full-splice_match	reference_match	FALSE	-2.4603006940204324	0.11269860682192258	FALSE
ENSMUSG00000020115.5	ENSMUST00000526845.1	7.212e-5	0.003109	0.1252	0.009245	0.1159	Tbk1	GENCODE	full-splice_match	reference_match	FALSE	-2.4603006940204324	0.11269860682192258	FALSE
ENSMUSG00000030037.11	ESPRESSO:chr6:1222:24	7.298e-5	0.003142	0.1704	0.2946	-0.1242	Mrpl53	novel	fusion	multi-exon	TRUE	0.98251098642815	0.3164063377229929	FALSE
ENSMUSG00000073791.15	ESPRESSO:chr4:1145:44	7.488e-5	0.003211	0.2303	0.08452	0.1458	Efcab7	novel	novel_in_catalog	combination_of_known_junctions	FALSE	-2.1121919431139995	0.08003343235783379	FALSE
ENSMUSG00000028863.15	ENSMUST00000184205.8	7.653e-5	0.00327	0.2524	0.3606	-0.1082	Meaf6	GENCODE	full-splice_match	reference_match	TRUE	-0.292041859904953	0.771942635492721	FALSE
ENSMUSG00000021009.17	ENSMUST00000559847.1	7.681e-5	0.003277	0.0423	0.2396	-0.1973	Ptpn21	GENCODE	full-splice_match	reference_match	FALSE	-0.290234617975499	0.8797994743780342	FALSE
ENSMUSG00000054199.20	ESPRESSO:chr3:942:28	7.787e-5	0.003315	0.3704	0.2673	0.1032	Gon4l	novel	novel_in_catalog	combination_of_known_junctions	FALSE	0.24555398215511845	0.8193952638318382	FALSE
ENSMUSG00000053297.16	ESPRESSO:chr6:585:2	7.811e-5	0.003324	0.2086	0.03049	0.1781	AI854703	novel	novel_in_catalog	combination_of_known_junctions	TRUE	-0.13498053972684912	0.9590113641742792	FALSE
ENSMUSG00000117442.3	ENSMUST00000234364.3	7.861e-5	0.003342	0.7768	0.5607	0.2161	1810073O08Rik	GENCODE	full-splice_match	reference_match	NA	-0.01147646985164824	0.9970761413245012	FALSE
ENSMUSG00000028613.17	ENSMUST00000429523.1	8.118e-5	0.003431	0.02281	0.2476	-0.2248	Lrp8	GENCODE	full-splice_match	reference_match	FALSE	0.9070144847820084	0.2827601543833102	FALSE
ENSMUSG00000073791.15	ENSMUST00000239519.1	8.453e-5	0.003552	0.1402	0.02945	0.1107	Efcab7	GENCODE	full-splice_match	reference_match	FALSE	-2.1121919431139995	0.08003343235783379	FALSE
ENSMUSG00000023460.16	ENSMUST00000070538.13	8.562e-5	0.003591	0.8979	0.6737	0.2243	Rab12	GENCODE	full-splice_match	reference_match	FALSE	0.42777979655708925	0.8439061644673073	FALSE
ENSMUSG00000061983.8	ENSMUST00000220070.3	9.333e-5	0.003854	0.2014	0.03278	0.1686	Rps12	GENCODE	full-splice_match	reference_match	FALSE	0.8277037118692939	0.6128639592376479	FALSE
ENSMUSG00000010721.17	ENSMUST00000196321.6	9.416e-5	0.003882	0	0.1433	-0.1433	Lmbr1	GENCODE	full-splice_match	reference_match	FALSE	0.6247298155881554	0.7664226017214184	FALSE
ENSMUSG00000029097.13	ENSMUST00000030980.13	9.571e-5	0.003934	0.7969	0.6807	0.1162	Trmt44	GENCODE	full-splice_match	reference_match	FALSE	0.4555359841798477	0.6156333252126066	FALSE
ENSMUSG00000072653.17	ESPRESSO:chr6:570:25	1.011e-4	0.004111	0.1659	0.03341	0.1325	Zfp783	novel	novel_in_catalog	combination_of_known_junctions	FALSE	NA	NA	FALSE
ENSMUSG00000000958.12	ENSMUST00000439777.1	1.013e-4	0.004115	0.4568	0.2772	0.1796	Slc7a7	GENCODE	full-splice_match	reference_match	FALSE	-0.4258947535094118	0.8073567026171939	FALSE
ENSMUSG00000091803.9	ENSMUST00000002757.12	1.018e-4	0.004128	0.2789	0.5029	-0.224	Cox16	GENCODE	full-splice_match	reference_match	FALSE	0.1119807709209761	0.9553441940608728	FALSE
ENSMUSG00000025862.16	ENSMUST00000115072.9	1.034e-4	0.004177	0.21	0.1086	0.1014	Stag2	GENCODE	full-splice_match	reference_match	FALSE	0.13863968147741396	0.9198664685694016	FALSE
ENSMUSG00000033790.13	ENSMUST00000451860.1	1.056e-4	0.004249	0.1193	0.01775	0.1015	Tubgcp5	GENCODE	full-splice_match	reference_match	FALSE	-1.0210046371011048	0.6680487438881348	FALSE
ENSMUSG00000034998.20	ENSMUST00000134107.2	1.078e-4	0.004323	0.3828	0.138	0.2449	Foxn2	GENCODE	full-splice_match	reference_match	FALSE	-0.6388295565138439	0.8719334418622499	FALSE
ENSMUSG00000028572.15	ENSMUST00000030306.15	1.084e-4	0.004335	0.6856	0.8356	-0.15	Hook1	GENCODE	full-splice_match	reference_match	FALSE	0.07757238278700042	0.9748298670206182	FALSE
ENSMUSG00000002728.16	ENSMUST00000110000.9	1.088e-4	0.004348	0.4302	0.7481	-0.3179	Naa20	GENCODE	full-splice_match	reference_match	FALSE	-2.0437091492641892	0.163973623230681	FALSE
ENSMUSG00000026977.19	ENSMUST00000102748.12	1.097e-4	0.004379	0.4902	0.6278	-0.1375	Marchf7	GENCODE	full-splice_match	reference_match	FALSE	-1.021038725749054	0.25256127163629993	FALSE
ENSMUSG00000031565.21	ENSMUST00000084027.14	1.113e-4	0.004425	0.2626	0	0.2626	Fgfr1	GENCODE	full-splice_match	reference_match	FALSE	-0.0130116487725676	0.9970761413245012	FALSE
ENSMUSG00000035266.18	ESPRESSO:chr5:1145:5	1.122e-4	0.004451	0.1388	0.02707	0.1117	Helq	novel	novel_not_in_catalog	at_least_one_novel_splicesite	FALSE	-1.330272084728839	0.15076290213601518	FALSE
ENSMUSG00000033871.16	ENSMUST00000419944.1	1.147e-4	0.004535	0.25	0.09328	0.1567	Ppargc1b	GENCODE	full-splice_match	reference_match	FALSE	-0.2653064256848863	0.8780308662049552	FALSE
ENSMUSG00000002083.15	ESPRESSO:chr7:494:4	1.154e-4	0.004553	0.1071	0.2258	-0.1187	Bbc3	novel	novel_in_catalog	combination_of_known_junctions	FALSE	0.30013697246382526	0.9136587804799592	FALSE
ENSMUSG00000079677.4	ESPRESSO:chr9:237:39	1.158e-4	0.004566	0.0393	0.1728	-0.1335	Fdx2	novel	novel_in_catalog	intron_retention	TRUE	0.9263556048875125	0.5122991059953722	FALSE
ENSMUSG00000032254.12	ENSMUST00000034815.10	1.16e-4	0.004569	0.5801	0.4785	0.1016	Kif23	GENCODE	full-splice_match	reference_match	FALSE	0.1372008400646393	0.9198664685694016	FALSE
ENSMUSG00000050410.17	ESPRESSO:chr17:728:24	1.209e-4	0.004738	0.3779	0.5199	-0.142	Tcf19	novel	novel_in_catalog	combination_of_known_junctions	FALSE	-0.02626545353971631	0.9884521972488916	FALSE
ENSMUSG00000019843.16	ENSMUST00000063091.14	1.212e-4	0.004743	0.7016	0.868	-0.1664	Fyn	GENCODE	full-splice_match	reference_match	FALSE	0.5863688185513979	0.7173273275693116	FALSE
ENSMUSG00000061983.8	ENSMUST00000218107.2	1.215e-4	0.004753	0.545	0.2823	0.2627	Rps12	GENCODE	full-splice_match	reference_match	FALSE	0.8277037118692939	0.6128639592376479	FALSE
ENSMUSG00000090394.9	ENSMUST00000191933.2	1.224e-4	0.004782	0.4861	0.3764	0.1097	4930523C07Rik	GENCODE	full-splice_match	mono-exon	NA	0.03705232829055673	0.980377074496227	FALSE
ENSMUSG00000079084.14	ENSMUST00000217444.5	1.244e-4	0.004848	0.3113	0.4113	-0.1001	Ccdc82	GENCODE	full-splice_match	reference_match	FALSE	-0.15724720858877922	0.937527912106792	FALSE
ENSMUSG00000069049.13	ENSMUST00000091197.5	1.302e-4	0.00502	0.7281	0.8431	-0.115	Eif2s3y	GENCODE	full-splice_match	reference_match	FALSE	-0.2042623954532352	0.984182811594754	FALSE
ENSMUSG00000032673.7	ENSMUST00000039900.5	1.319e-4	0.005065	0.8743	0.7625	0.1118	Prorsd1	GENCODE	full-splice_match	reference_match	FALSE	-0.3952666827928146	0.7523992121913691	FALSE
ENSMUSG00000032673.7	ENSMUST00000133103.3	1.319e-4	0.005065	0.1183	0.2229	-0.1046	Prorsd1	GENCODE	full-splice_match	reference_match	FALSE	-0.3952666827928146	0.7523992121913691	FALSE
ENSMUSG00000116852.4	ENSMUST00000241894.2	1.34e-4	0.005131	0.55	0.1533	0.3967	1700102H20Rik	GENCODE	full-splice_match	reference_match	NA	0.2846355333380796	0.9513534859616952	FALSE
ENSMUSG00000116852.4	ENSMUST00000243728.2	1.34e-4	0.005131	0.45	0.8467	-0.3967	1700102H20Rik	GENCODE	full-splice_match	mono-exon	NA	0.2846355333380796	0.9513534859616952	FALSE
ENSMUSG00000035266.18	ENSMUST00000510940.1	1.355e-4	0.005176	0.1716	0.04071	0.1309	Helq	GENCODE	full-splice_match	reference_match	FALSE	-1.330272084728839	0.15076290213601518	FALSE
ENSMUSG00000042404.17	ENSMUST00000098914.11	1.367e-4	0.005218	0.5404	0.3857	0.1547	Dennd4b	GENCODE	full-splice_match	reference_match	FALSE	-0.08009084631918918	0.9634910196227248	FALSE
ENSMUSG00000028461.14	ENSMUST00000030181.13	1.38e-4	0.005254	0.4749	0.6343	-0.1594	Ccdc107	GENCODE	full-splice_match	reference_match	FALSE	0.3518851193613483	0.7887348269244892	FALSE
ENSMUSG00000038256.17	ESPRESSO:chr3:1243:5	1.459e-4	0.005506	0.2211	0.4284	-0.2073	Bcl9	novel	novel_in_catalog	combination_of_known_junctions	FALSE	0.20406275522518913	0.9201156332110032	FALSE
ENSMUSG00000031691.16	ENSMUST00000397849.1	1.491e-4	0.005614	0.4138	0.04543	0.3683	Tnpo2	GENCODE	full-splice_match	reference_match	FALSE	0.1000524049871476	0.9741170415936116	FALSE
ENSMUSG00000031174.20	ENSMUST00000073392.12	1.547e-4	0.005792	0.3026	0.4286	-0.126	Rpgr	GENCODE	full-splice_match	reference_match	FALSE	0.13590542702310454	0.9410674739545598	FALSE
ENSMUSG00000020716.18	ENSMUST00000131800.2	1.553e-4	0.005805	0.3794	0.7601	-0.3807	Nf1	GENCODE	full-splice_match	reference_match	FALSE	-0.518068388945151	0.8278260226553934	FALSE
ENSMUSG00000038900.19	ENSMUST00000126610.3	1.552e-4	0.005805	0.604	0.4538	0.1502	Rpl12	GENCODE	full-splice_match	reference_match	FALSE	0.3195414087385794	0.8439061644673073	FALSE
ENSMUSG00000015536.16	ENSMUST00000015680.12	1.602e-4	0.005944	0.2152	0.1099	0.1052	Mocs2	GENCODE	full-splice_match	reference_match	FALSE	-0.08784231572245381	0.9524824693486876	FALSE
ENSMUSG00000030451.18	ESPRESSO:chr7:1617:0	1.602e-4	0.005944	0.01667	0.1566	-0.1399	Herc2	novel	novel_in_catalog	intron_retention	FALSE	0.08428081373161729	0.9741170415936116	FALSE
ENSMUSG00000026425.17	ENSMUST00000186543.8	1.607e-4	0.005951	0.7429	0.8495	-0.1066	Srgap2	GENCODE	full-splice_match	reference_match	FALSE	-0.2928362611558336	0.8305117472139495	FALSE
ENSMUSG00000001348.17	ENSMUST00000213815.3	1.617e-4	0.005979	0.2414	0.4034	-0.162	Acp5	GENCODE	full-splice_match	reference_match	FALSE	-0.309249464205513	0.9077013008392044	FALSE
ENSMUSG00000109251.3	ENSMUST00000207189.2	1.631e-4	0.006021	0.2837	0.6556	-0.3718	E230032D23Rik	GENCODE	full-splice_match	reference_match	NA	-0.06977267313671065	0.987420181991646	FALSE
ENSMUSG00000043323.19	ENSMUST00000198768.4	1.672e-4	0.006131	0.08131	0.2108	-0.1295	Fbrsl1	GENCODE	full-splice_match	reference_match	FALSE	0.2262928622882934	0.913374696375456	FALSE
ENSMUSG00000037795.16	ENSMUST00000565282.1	1.704e-4	0.006211	0.3663	0.2328	0.1335	N4bp2	GENCODE	full-splice_match	reference_match	FALSE	-0.00798155566344627	0.9970761413245012	FALSE
ENSMUSG00000093989.3	ENSMUST00000040428.5	1.788e-4	0.006484	0.7903	0.5908	0.1995	Rnasek	GENCODE	full-splice_match	reference_match	FALSE	0.8456184709021164	0.5036475925410479	FALSE
ENSMUSG00000033434.17	ENSMUST00000077220.15	1.798e-4	0.006506	0.2662	0.4262	-0.16	Gtpbp6	GENCODE	full-splice_match	reference_match	FALSE	-0.11626826968898486	0.9475883261569452	FALSE
ESPRESSO:chrX:2169	ESPRESSO:chrX:2169:0	1.8e-4	0.006509	0.9	0.2137	0.6863	NA	novel	intergenic	multi-exon	NA	NA	NA	FALSE
ESPRESSO:chrX:2169	ESPRESSO:chrX:2169:1	1.8e-4	0.006509	0.1	0.7863	-0.6863	NA	novel	intergenic	multi-exon	NA	NA	NA	FALSE
ENSMUSG00000028028.13	ESPRESSO:chr3:1663:7	1.828e-4	0.006575	0.03292	0.1766	-0.1437	Alpk1	novel	novel_in_catalog	intron_retention	TRUE	-0.1697080407035805	0.9457437705193664	FALSE
ENSMUSG00000034573.16	ENSMUST00000048957.12	1.905e-4	0.006799	0.4582	0.08053	0.3776	Ptpn13	GENCODE	full-splice_match	reference_match	FALSE	-0.5889100944325584	0.9136587804799592	FALSE
ENSMUSG00000026113.19	ENSMUST00000193024.2	1.944e-4	0.006911	0.595	0.7966	-0.2016	Inpp4a	GENCODE	full-splice_match	mono-exon	NA	-0.7940899847973941	0.7348647872451898	FALSE
ENSMUSG00000023066.12	ENSMUST00000235272.2	1.998e-4	0.007066	0.7167	0.4019	0.3148	Rttn	GENCODE	full-splice_match	reference_match	FALSE	-0.8646743322260625	0.43794845523372905	FALSE
ENSMUSG00000023066.12	ESPRESSO:chr18:1066:4	1.998e-4	0.007066	0.2833	0.5857	-0.3024	Rttn	novel	incomplete-splice_match	3prime_fragment	FALSE	-0.8646743322260625	0.43794845523372905	FALSE
ENSMUSG00000061983.8	ESPRESSO:chr10:228:1	2.022e-4	0.007141	0.01314	0.1133	-0.1002	Rps12	novel	novel_in_catalog	intron_retention	NA	0.8277037118692939	0.6128639592376479	FALSE
ENSMUSG00000049807.18	ESPRESSO:chr11:1551:3	2.193e-4	0.007643	0.2081	0.06889	0.1392	Arhgap23	novel	novel_in_catalog	combination_of_known_junctions	FALSE	0.9254825217261377	0.5690422753295746	FALSE
ENSMUSG00000041143.18	ESPRESSO:chr4:1929:13	2.197e-4	0.007652	0.5281	0.6343	-0.1063	Tmco4	novel	novel_in_catalog	combination_of_known_junctions	FALSE	0.25270718407367226	0.8031806070929252	FALSE
ENSMUSG00000026821.18	ENSMUST00000028170.16	2.201e-4	0.007661	0.4524	0.2694	0.1831	Ralgds	GENCODE	full-splice_match	reference_match	FALSE	0.18952051812812865	0.9337633298412096	FALSE
ENSMUSG00000046230.13	ENSMUST00000510472.1	2.215e-4	0.007701	0.1864	0.4232	-0.2368	Vps13a	GENCODE	full-splice_match	reference_match	FALSE	0.18704550477597165	0.9489451661736517	FALSE
ENSMUSG00000073791.15	ESPRESSO:chr4:1145:41	2.218e-4	0.007706	0.172	0.05272	0.1193	Efcab7	novel	novel_in_catalog	combination_of_known_junctions	FALSE	-2.1121919431139995	0.08003343235783379	FALSE
ENSMUSG00000085241.8	ENSMUST00000152943.8	2.219e-4	0.007708	0.9124	0.7098	0.2026	Snhg3	GENCODE	full-splice_match	reference_match	NA	1.572163290585183	0.15318125205978608	FALSE
ENSMUSG00000061046.11	ENSMUST00000077938.10	2.264e-4	0.007832	0.4442	0.629	-0.1848	Haghl	GENCODE	full-splice_match	reference_match	FALSE	-0.5717121334611713	0.60298852878684706	FALSE
ENSMUSG00000092384.10	ESPRESSO:chr10:1717:18	2.265e-4	0.007832	0.3314	0.05243	0.279	Gm4189	novel	fusion	multi-exon	TRUE	NA	NA	FALSE
ENSMUSG00000059475.15	ENSMUST00000115562.9	2.347e-4	0.008046	0.2595	0.1528	0.1067	Zfp426	GENCODE	full-splice_match	reference_match	FALSE	0.41986680896381856	0.7698478053198162	FALSE
ENSMUSG00000024430.16	ENSMUST00000080415.11	2.354e-4	0.008062	0.25	0.8083	-0.5583	Cabyr	GENCODE	full-splice_match	reference_match	TRUE	NA	NA	FALSE
ENSMUSG00000024430.16	ENSMUST00000426677.1	2.354e-4	0.008062	0.7083	0.1917	0.5167	Cabyr	GENCODE	full-splice_match	reference_match	FALSE	NA	NA	FALSE
ENSMUSG00000024383.11	ENSMUST00000234576.2	2.361e-4	0.008084	0.4964	0.1161	0.3803	Map3k2	GENCODE	full-splice_match	reference_match	NA	-0.17302331808948784	0.9537433244374288	FALSE
ENSMUSG00000034573.16	ENSMUST00000537680.1	2.369e-4	0.008104	0.2652	0.5273	-0.2621	Ptpn13	GENCODE	full-splice_match	reference_match	FALSE	-0.5889100944325584	0.9136587804799592	FALSE
ENSMUSG00000023939.9	ENSMUST00000024734.9	2.384e-4	0.008153	0.911	0.7323	0.1787	Mrpl14	GENCODE	full-splice_match	reference_match	FALSE	0.9773961921189356	0.40981120270159194	FALSE
ENSMUSG00000028256.18	ENSMUST00000106192.10	2.457e-4	0.008329	0.1189	0.3402	-0.2213	Odf2l	GENCODE	full-splice_match	reference_match	FALSE	-1.71029799739664	0.0807800297358674	FALSE
ENSMUSG00000058881.15	ENSMUST00000171238.9	2.458e-4	0.008329	0.5562	0.2595	0.2967	Zfp516	GENCODE	full-splice_match	reference_match	FALSE	0.14862629731081073	0.9741170415936116	FALSE
ENSMUSG00000074604.11	ESPRESSO:chr3:482:0	2.49e-4	0.008418	0	0.1557	-0.1557	Mgst2	novel	novel_in_catalog	intron_retention	TRUE	-0.6360402284191494	0.8874437143541035	FALSE
ENSMUSG00000018363.19	ENSMUST00000544553.1	2.515e-4	0.008483	0.3695	0.166	0.2035	Smurf2	GENCODE	full-splice_match	reference_match	FALSE	0.3887263845134736	0.7838560804564709	FALSE
ENSMUSG00000035443.12	ENSMUST00000213770.3	2.594e-4	0.008701	0.269	0.1455	0.1236	Thyn1	GENCODE	full-splice_match	reference_match	FALSE	0.1723020211452988	0.9207397086995482	FALSE
ENSMUSG00000078974.12	ESPRESSO:chr11:169:0	2.615e-4	0.008761	0.05778	0.175	-0.1172	Sec61g	novel	novel_in_catalog	intron_retention	NA	1.135707261111652	0.164963537421631	FALSE
ENSMUSG00000020654.17	ENSMUST00000439838.1	2.667e-4	0.008907	0.04068	0.2813	-0.2406	Adcy3	GENCODE	full-splice_match	reference_match	FALSE	0.08444930595090373	0.9791339066790912	FALSE
ENSMUSG00000024446.15	ENSMUST00000025319.8	2.769e-4	0.009189	0.5576	0.3586	0.1991	Rpp21	GENCODE	full-splice_match	reference_match	FALSE	1.0803284870214542	0.21260374199267665	FALSE
ENSMUSG00000022701.20	ESPRESSO:chr16:597:2	2.78e-4	0.009217	0.03115	0.1906	-0.1594	Ccdc191	novel	novel_not_in_catalog	at_least_one_novel_splicesite	FALSE	-0.16008156678392113	0.9326916094134964	FALSE
ENSMUSG00000021481.13	ENSMUST00000021937.13	2.813e-4	0.0093	0.2336	0.3437	-0.1101	Zfp346	GENCODE	full-splice_match	reference_match	FALSE	-0.03306501769828376	0.984774436270924	FALSE
ENSMUSG00000090290.4	ENSMUST00000441574.1	2.819e-4	0.009317	0.5628	0.3782	0.1846	Tarbp1	GENCODE	full-splice_match	reference_match	FALSE	-0.26167498608892464	0.9136587804799592	FALSE
ENSMUSG00000020954.18	ENSMUST00000218212.2	2.829e-4	0.009345	0.1593	0.2664	-0.107	Strn3	GENCODE	full-splice_match	mono-exon	NA	-0.17831047008739168	0.9106015128196532	FALSE
ENSMUSG00000078572.5	ENSMUST00000106223.5	2.869e-4	0.009442	0.942	0.7992	0.1428	Ndufaf8	GENCODE	full-splice_match	reference_match	FALSE	0.8843576468899208	0.4547003220574683	FALSE
ENSMUSG00000078572.5	ENSMUST00000186913.2	2.869e-4	0.009442	0.05412	0.2008	-0.1467	Ndufaf8	GENCODE	full-splice_match	reference_match	NA	0.8843576468899208	0.4547003220574683	FALSE
ENSMUSG00000027086.18	ENSMUST00000073152.14	2.881e-4	0.009471	0.6717	0.8812	-0.2095	Fastkd1	GENCODE	full-splice_match	reference_match	FALSE	-1.0109254638291776	0.5548753625228999	FALSE
ENSMUSG00000027086.18	ENSMUST00000140776.2	2.881e-4	0.009471	0.2593	0.05002	0.2092	Fastkd1	GENCODE	full-splice_match	reference_match	FALSE	-1.0109254638291776	0.5548753625228999	FALSE
ENSMUSG00000046456.16	ESPRESSO:chr7:63:4	3.01e-4	0.009825	0.417	0.1271	0.2899	Tmem150b	novel	novel_not_in_catalog	at_least_one_novel_splicesite	FALSE	-0.9794939071728622	0.6478182798522705	FALSE
ENSMUSG00000072969.4	ENSMUST00000096321.4	3.035e-4	0.009881	0.4029	0.5582	-0.1553	Armcx5	GENCODE	full-splice_match	reference_match	FALSE	0.00436715472760124	0.9986874550349408	FALSE
ENSMUSG00000019768.18	ENSMUST00000482252.1	3.042e-4	0.009887	0.2278	0.07551	0.1522	Esr1	GENCODE	full-splice_match	reference_match	FALSE	0.1582119993665926	0.9590113641742792	FALSE
ENSMUSG00000133344.1	ESPRESSO:chrX:1235:0	3.065e-4	0.009942	0.03571	0.2507	-0.215	Gm61823	novel	novel_not_in_catalog	intron_retention	NA	0.35050232747582677	0.9123144083285212	FALSE
ENSMUSG00000023845.8	ENSMUST00000041047.4	3.12e-4	0.01008	0.5083	0.7205	-0.2122	Lnpep	GENCODE	full-splice_match	reference_match	FALSE	-0.4112921501564486	0.8053910690833652	FALSE
ENSMUSG00000023845.8	ENSMUST00000232462.2	3.12e-4	0.01008	0.4871	0.2795	0.2076	Lnpep	GENCODE	full-splice_match	reference_match	FALSE	-0.4112921501564486	0.8053910690833652	FALSE
ENSMUSG00000046572.12	ENSMUST00000180214.8	3.133e-4	0.01011	0.4101	0.1481	0.262	Zfp518b	GENCODE	full-splice_match	reference_match	FALSE	0.1801275284335032	0.9634910196227248	FALSE
ENSMUSG00000021040.17	ENSMUST00000160488.9	3.183e-4	0.01024	0.1121	0.2479	-0.1358	Slirp	GENCODE	full-splice_match	reference_match	FALSE	1.3330381083282934	0.18098431905119172	FALSE
ENSMUSG00000059495.16	ENSMUST00000540929.1	3.192e-4	0.01026	0.0387	0.2074	-0.1687	Arhgef12	GENCODE	full-splice_match	reference_match	FALSE	0.154333058660326	0.9748298670206182	FALSE
ENSMUSG00000046668.11	ENSMUST00000060722.9	3.265e-4	0.01045	0.4764	0.6155	-0.1391	Cxxc5	GENCODE	full-splice_match	reference_match	FALSE	0.04166656372152692	0.9847219323512992	FALSE
ENSMUSG00000046516.12	ENSMUST00000050273.9	3.338e-4	0.01065	0.901	0.7054	0.1956	Cox17	GENCODE	full-splice_match	reference_match	NA	1.1851469689859124	0.164963537421631	FALSE
ENSMUSG00000021559.16	ENSMUST00000226059.3	3.364e-4	0.0107	0.3351	0.2017	0.1333	Dapk1	GENCODE	full-splice_match	reference_match	FALSE	0.10608620826500184	0.9610379806633556	FALSE
ENSMUSG00000028438.18	ENSMUST00000108055.10	3.641e-4	0.01142	0.444	0.5545	-0.1105	Kif24	GENCODE	full-splice_match	reference_match	FALSE	0.07284814679056943	0.9628025960030724	FALSE
ENSMUSG00000024180.16	ENSMUST00000128597.4	3.739e-4	0.01167	0.2822	0.3826	-0.1004	Pgap6	GENCODE	full-splice_match	reference_match	FALSE	-0.4057440167113449	0.9201156332110032	FALSE
ENSMUSG00000049658.15	ESPRESSO:chr13:1515:14	3.794e-4	0.01181	0.1278	0.2431	-0.1153	Bdp1	novel	novel_not_in_catalog	at_least_one_novel_splicesite	FALSE	-0.08721335084642756	0.9741170415936116	FALSE
ENSMUSG00000035919.18	ENSMUST00000039798.17	3.834e-4	0.0119	0.4436	0.3421	0.1015	Bbs9	GENCODE	full-splice_match	reference_match	FALSE	0.10557604569401362	0.9410674739545598	FALSE
ENSMUSG00000067878.15	ENSMUST00000114766.9	3.851e-4	0.01194	0.8453	0.9832	-0.1378	Map7d3	GENCODE	full-splice_match	reference_match	FALSE	0.23147221802356704	0.9199068037203358	FALSE
ENSMUSG00000042496.20	ENSMUST00000487465.1	3.883e-4	0.012	0.01961	0.1539	-0.1343	Prdm10	GENCODE	full-splice_match	reference_match	FALSE	-0.29086889390922316	0.9201156332110032	FALSE
ENSMUSG00000026319.15	ESPRESSO:chr1:1239:12	3.9e-4	0.01202	0.2513	0.053	0.1983	Relch	novel	novel_not_in_catalog	at_least_one_novel_splicesite	FALSE	-0.743554627867521	0.5410707482649109	FALSE
ENSMUSG00000026469.16	ENSMUST00000027741.13	3.915e-4	0.01205	0.3838	0.5489	-0.1651	Xpr1	GENCODE	full-splice_match	reference_match	FALSE	0.01099580994653924	0.996274442660582	FALSE
ENSMUSG00000098905.4	ENSMUST00000081582.9	3.973e-4	0.01219	0.8617	1	-0.1383	Zfp953	GENCODE	full-splice_match	reference_match	FALSE	-0.36266409960587753	0.9048566577830878	FALSE
ENSMUSG00000098905.4	ESPRESSO:chr13:1124:3	3.973e-4	0.01219	0.1383	0	0.1383	Zfp953	novel	novel_not_in_catalog	at_least_one_novel_splicesite	FALSE	-0.36266409960587753	0.9048566577830878	FALSE
ENSMUSG00000020700.13	ENSMUST00000002044.11	3.977e-4	0.0122	0.7778	0.8827	-0.105	Map3k3	GENCODE	full-splice_match	reference_match	FALSE	0.11258532486461605	0.9734579069366204	FALSE
ENSMUSG00000043323.19	ENSMUST00000200293.2	4.006e-4	0.01227	0.4687	0.2912	0.1775	Fbrsl1	GENCODE	full-splice_match	reference_match	FALSE	0.2262928622882934	0.913374696375456	FALSE
ENSMUSG00000028613.17	ENSMUST00000429513.1	4.041e-4	0.01235	0.1901	0.04203	0.1481	Lrp8	GENCODE	full-splice_match	reference_match	FALSE	0.9070144847820084	0.2827601543833102	FALSE
ENSMUSG00000023460.16	ESPRESSO:chr17:1336:1	4.099e-4	0.01249	0.01811	0.15310000000000001	-0.135	Rab12	novel	novel_in_catalog	combination_of_known_junctions	FALSE	0.42777979655708925	0.8439061644673073	FALSE
ENSMUSG00000005534.12	ENSMUST00000207295.2	4.145e-4	0.0126	0.0989	0.5059	-0.407	Insr	GENCODE	full-splice_match	mono-exon	NA	-0.2546113024062979	0.9267784003715271	FALSE
ENSMUSG00000063605.7	ENSMUST00000077955.6	4.15e-4	0.0126	0.9872	0.7783	0.2089	Ccdc102a	GENCODE	full-splice_match	reference_match	FALSE	0.29992951294261894	0.9260354800061285	FALSE
ENSMUSG00000063605.7	ESPRESSO:chr8:1238:0	4.15e-4	0.0126	0	0.1961	-0.1961	Ccdc102a	novel	novel_in_catalog	combination_of_known_junctions	FALSE	0.29992951294261894	0.9260354800061285	FALSE
ENSMUSG00000115022.2	ESPRESSO:chr14:352:42	4.164e-4	0.01263	0.5474	0.8237	-0.2763	Gm49387	novel	novel_in_catalog	combination_of_known_junctions	FALSE	NA	NA	FALSE
ENSMUSG00000026955.15	ENSMUST00000028329.14	4.195e-4	0.0127	0.4001	0.501	-0.1009	Sapcd2	GENCODE	full-splice_match	reference_match	FALSE	-0.2348471987170207	0.8783409136621808	FALSE
ENSMUSG00000033439.14	ENSMUST00000184963.8	4.199e-4	0.01271	0.549	0.368	0.181	Trmt13	GENCODE	full-splice_match	reference_match	TRUE	-0.16125518162872532	0.9337633298412096	FALSE
ENSMUSG00000044452.12	ENSMUST00000061586.12	4.202e-4	0.01271	0.8288	0.6219	0.2069	Zfp507	GENCODE	full-splice_match	reference_match	FALSE	0.25693110516648454	0.9207397086995482	FALSE
ENSMUSG00000020576.12	ENSMUST00000457656.1	4.266e-4	0.01287	0.498	0.3536	0.1444	Nbas	GENCODE	full-splice_match	reference_match	FALSE	0.00718146070865483	0.9982978501158694	FALSE
ENSMUSG00000036327.20	ENSMUST00000091263.12	4.316e-4	0.013	0.1425	0.2714	-0.1289	Qsox2	GENCODE	full-splice_match	reference_match	FALSE	-0.1118699882725114	0.9517145584497472	FALSE
ENSMUSG00000097239.8	ESPRESSO:chr11:1746:23	4.322e-4	0.01301	0.1311	0	0.1311	Gm27029	novel	novel_in_catalog	intron_retention	FALSE	NA	NA	FALSE
ENSMUSG00000079339.8	ENSMUST00000112467.2	4.498e-4	0.01342	0	0.6944	-0.6944	Ifit1bl1	GENCODE	full-splice_match	reference_match	FALSE	NA	NA	FALSE
ENSMUSG00000079339.8	ENSMUST00000168254.3	4.498e-4	0.01342	1	0.3056	0.6944	Ifit1bl1	GENCODE	full-splice_match	reference_match	FALSE	NA	NA	FALSE
ENSMUSG00000026500.8	ENSMUST00000027781.8	4.551e-4	0.01356	0.6779	0.5331	0.1448	Cox20	GENCODE	full-splice_match	reference_match	FALSE	1.1876737620898383	0.22340549057180115	FALSE
ENSMUSG00000023089.14	ESPRESSO:chr6:214:2	4.562e-4	0.01357	0.02834	0.1397	-0.1114	Ndufa5	novel	novel_in_catalog	intron_retention	NA	1.9863398511739463	0.02513329275159671	TRUE
ENSMUSG00000039840.10	ENSMUST00000044622.8	4.609e-4	0.01368	0.7751	0.9075	-0.1324	Epg5	GENCODE	full-splice_match	reference_match	FALSE	0.00787603237342231	0.9985661959069364	FALSE
ENSMUSG00000026113.19	ESPRESSO:chr1:357:1	4.629e-4	0.01373	0.1598	0.0327	0.1271	Inpp4a	novel	novel_in_catalog	combination_of_known_junctions	FALSE	-0.7940899847973941	0.7348647872451898	FALSE
ENSMUSG00000052056.16	ESPRESSO:chr2:2484:5	4.703e-4	0.01389	0.2918	0.4624	-0.1706	Zfp217	novel	novel_not_in_catalog	at_least_one_novel_splicesite	FALSE	0.28728628969371334	0.8409731295191649	FALSE
ENSMUSG00000001911.18	ENSMUST00000099070.11	4.742e-4	0.01398	0.7947	0.5923	0.2024	Nfix	GENCODE	full-splice_match	reference_match	FALSE	-0.3818426237455755	0.9041734100578408	FALSE
ENSMUSG00000038543.15	ENSMUST00000090476.10	5.008e-4	0.01459	0.07633	0.2149	-0.1385	BC028528	GENCODE	full-splice_match	reference_match	FALSE	-0.11070710459135472	0.9741170415936116	FALSE
ENSMUSG00000024194.18	ENSMUST00000025027.11	5.028e-4	0.01464	0.2203	0.1164	0.104	Cuta	GENCODE	full-splice_match	reference_match	FALSE	0.4868822303561219	0.7109417553526801	FALSE
ENSMUSG00000021366.10	ESPRESSO:chr13:670:2	5.163e-4	0.01493	0.106	0.2281	-0.1221	Hivep1	novel	novel_not_in_catalog	at_least_one_novel_splicesite	FALSE	0.08179874349716942	0.9741170415936116	FALSE
ENSMUSG00000046822.16	ENSMUST00000059551.8	5.228e-4	0.01508	0.2061	0.3292	-0.123	Slc39a3	GENCODE	full-splice_match	reference_match	FALSE	-0.06024102844183598	0.9741170415936116	FALSE
ENSMUSG00000019088.16	ENSMUST00000516553.1	5.282e-4	0.0152	0.1126	0.006536	0.106	Dnase1l1	GENCODE	full-splice_match	reference_match	FALSE	-0.9188790498493716	0.40053173379363616	FALSE
ENSMUSG00000034853.18	ENSMUST00000102762.11	5.297e-4	0.01524	0.1667	0.4821	-0.3155	Acot11	GENCODE	full-splice_match	reference_match	FALSE	0.3346647380017724	0.906309188189705	FALSE
ENSMUSG00000102805.6	ESPRESSO:chr3:869:12	5.341e-4	0.01534	0	0.5385	-0.5385	Gm37240	novel	novel_in_catalog	combination_of_known_splicesites	FALSE	NA	NA	FALSE
ESPRESSO:chr7:1317	ESPRESSO:chr7:1317:0	5.487e-4	0.01566	0.03333	0.4205	-0.3871	NA	novel	novel_not_in_catalog	at_least_one_novel_splicesite	NA	NA	NA	FALSE
ENSMUSG00000051910.15	ENSMUST00000166207.4	5.615e-4	0.01593	0.3152	0.04697	0.2682	Sox6	GENCODE	full-splice_match	reference_match	FALSE	0.7157198878630252	0.7523288819366841	FALSE
ENSMUSG00000118506.4	ESPRESSO:chr3:978:44	5.759e-4	0.01622	0.1499	0.04575	0.1042	Cfap141	novel	novel_in_catalog	intron_retention	TRUE	NA	NA	FALSE
ENSMUSG00000024383.11	ENSMUST00000096575.6	5.778e-4	0.01625	0.2988	0.6492	-0.3503	Map3k2	GENCODE	full-splice_match	reference_match	FALSE	-0.17302331808948784	0.9537433244374288	FALSE
ENSMUSG00000062866.18	ESPRESSO:chr10:100:6	5.866e-4	0.01644	0.2179	0.06582	0.152	Phactr2	novel	novel_in_catalog	combination_of_known_junctions	FALSE	-0.05494931107217781	0.9800523366917374	FALSE
ENSMUSG00000121502.2	ENSMUST00000244123.1	6.018e-4	0.01675	0.3691	0.04714	0.322	Zfp939	GENCODE	full-splice_match	reference_match	TRUE	0.04804226317285686	0.9875521271670148	FALSE
ENSMUSG00000025920.21	ENSMUST00000128957.9	6.217e-4	0.01723	0.2877	0.4335	-0.1458	Stau2	GENCODE	full-splice_match	reference_match	FALSE	-0.07949062512793036	0.9741170415936116	FALSE
ENSMUSG00000061983.8	ENSMUST00000220171.2	6.267e-4	0.01733	0.04374	0.165	-0.1213	Rps12	GENCODE	full-splice_match	reference_match	NA	0.8277037118692939	0.6128639592376479	FALSE
ENSMUSG00000105340.6	ESPRESSO:chr5:1569:28	6.352e-4	0.01749	0.1978	0.4852	-0.2874	Gm42878	novel	novel_in_catalog	intron_retention	TRUE	NA	NA	FALSE
ENSMUSG00000023805.19	ENSMUST00000508119.1	6.398e-4	0.01758	0.1911	0.3907	-0.1997	Synj2	GENCODE	full-splice_match	reference_match	FALSE	0.17701653811779247	0.9410674739545598	FALSE
ENSMUSG00000028164.17	ENSMUST00000140893.8	6.59e-4	0.01795	0.3481	0.128	0.2202	Manba	GENCODE	full-splice_match	reference_match	FALSE	-1.7956672222669774	0.2591611390369717	FALSE
ENSMUSG00000011263.19	ENSMUST00000524256.1	6.922e-4	0.01864	0.7921	0.6667	0.1254	Exoc3l2	GENCODE	full-splice_match	reference_match	FALSE	0.21359260092264257	0.9399612575486084	FALSE
ENSMUSG00000011263.19	ENSMUST00000524257.1	6.922e-4	0.01864	0.2079	0.3333	-0.1254	Exoc3l2	GENCODE	full-splice_match	reference_match	FALSE	0.21359260092264257	0.9399612575486084	FALSE
ENSMUSG00000055707.15	ENSMUST00000066597.13	7.046e-4	0.01886	0.526	0.3973	0.1287	Klhl26	GENCODE	full-splice_match	reference_match	FALSE	-0.25580543347699625	0.8372581517180601	FALSE
ENSMUSG00000059900.16	ENSMUST00000072933.14	7.277e-4	0.01931	0.2754	0.3798	-0.1045	Tmem40	GENCODE	full-splice_match	reference_match	FALSE	0.11040824504523636	0.9537433244374288	FALSE
ENSMUSG00000033255.11	ENSMUST00000249883.2	7.406e-4	0.01956	0	0.3944	-0.3944	Gm5134	GENCODE	full-splice_match	reference_match	FALSE	NA	NA	FALSE
ENSMUSG00000029836.17	ENSMUST00000203404.2	7.477e-4	0.0197	0.1769	0.3121	-0.1352	Cbx3	GENCODE	full-splice_match	mono-exon	NA	0.6874281825725753	0.3722926111295833	FALSE
ENSMUSG00000020859.19	ESPRESSO:chr11:1446:6	7.599e-4	0.01996	0.2044	0.09801	0.1064	Spag9	novel	novel_in_catalog	combination_of_known_junctions	FALSE	-0.15720482480579182	0.9337633298412096	FALSE
ENSMUSG00000055150.17	ENSMUST00000208390.3	7.793e-4	0.02031	0.02996	0.2001	-0.1702	Zfp78	GENCODE	full-splice_match	reference_match	FALSE	-0.26839524257075137	0.9136587804799592	FALSE
ENSMUSG00000116925.2	ESPRESSO:chr16:221:86	7.795e-4	0.02031	0.05272	0.1617	-0.109	Gm49776	novel	novel_in_catalog	combination_of_known_junctions	FALSE	NA	NA	FALSE
ENSMUSG00000030660.11	ENSMUST00000206219.3	7.844e-4	0.02041	0.1973	0.02958	0.1678	Pik3c2a	GENCODE	full-splice_match	reference_match	FALSE	-0.7495420028194191	0.5036475925410479	FALSE
ENSMUSG00000037270.20	ESPRESSO:chr3:325:10	7.88e-4	0.02047	0.1804	0.3367	-0.1563	Bltp1	novel	novel_in_catalog	combination_of_known_junctions	FALSE	0.07161074154898713	0.9682557091671306	FALSE
ENSMUSG00000023800.17	ESPRESSO:chr17:9:3	7.904e-4	0.02052	0.09096	0.2192	-0.1282	Tiam2	novel	novel_not_in_catalog	at_least_one_novel_splicesite	FALSE	-0.09205379322055064	0.9741170415936116	FALSE
ENSMUSG00000028329.15	ESPRESSO:chr4:512:20	7.975e-4	0.02066	0.03194	0.151	-0.119	Xpa	novel	novel_in_catalog	combination_of_known_junctions	TRUE	-0.2362582668914938	0.9136587804799592	FALSE
ENSMUSG00000002379.9	ENSMUST00000233233.3	8.117e-4	0.02093	0.08335	0.1917	-0.1083	Ndufa11	GENCODE	full-splice_match	reference_match	FALSE	1.3803137668097187	0.14211495483830203	FALSE
ENSMUSG00000008090.16	ESPRESSO:chr5:1265:56	8.232e-4	0.02115	0.03175	0.1486	-0.1169	Fgfrl1	novel	novel_in_catalog	combination_of_known_junctions	FALSE	-0.8135556038163397	0.7887348269244892	FALSE
ENSMUSG00000042419.10	ESPRESSO:chr17:706:5	8.23e-4	0.02115	0.02748	0.1351	-0.1076	Nfkbil1	novel	novel_not_in_catalog	at_least_one_novel_splicesite	FALSE	-0.48304766444775155	0.7723823480323132	FALSE
ENSMUSG00000040904.11	ESPRESSO:chr11:990:20	8.247e-4	0.02117	0.02127	0.2113	-0.19	Gm21988	novel	novel_in_catalog	combination_of_known_splicesites	FALSE	0.07932862587684195	0.9776916549909992	FALSE
ENSMUSG00000018363.19	ENSMUST00000092517.10	8.312e-4	0.02131	0.5356	0.6674	-0.1317	Smurf2	GENCODE	full-splice_match	reference_match	FALSE	0.3887263845134736	0.7838560804564709	FALSE
ENSMUSG00000010406.14	ENSMUST00000010550.13	8.342e-4	0.02138	0.7085	0.4666	0.2419	Mrpl52	GENCODE	full-splice_match	reference_match	FALSE	1.1409435368729717	0.3648212839941522	FALSE
ENSMUSG00000041625.17	ENSMUST00000227890.2	8.879e-4	0.02248	0.3247	0.04853	0.2761	Ggact	GENCODE	full-splice_match	mono-exon	NA	-0.7899797981185667	0.7664226017214184	FALSE
ENSMUSG00000021338.19	ESPRESSO:chr13:416:0	8.966e-4	0.02262	1	0.3556	0.6444	Carmil1	novel	novel_not_in_catalog	at_least_one_novel_splicesite	FALSE	NA	NA	FALSE
ENSMUSG00000021338.19	ESPRESSO:chr13:416:1	8.966e-4	0.02262	0	0.6444	-0.6444	Carmil1	novel	novel_in_catalog	combination_of_known_junctions	FALSE	NA	NA	FALSE
ENSMUSG00000020231.17	ENSMUST00000036033.15	9.065e-4	0.02281	0.7292	0.3778	0.3513	Dip2a	GENCODE	full-splice_match	reference_match	FALSE	0.00460963684712008	0.9986928089993516	FALSE
ENSMUSG00000020231.17	ENSMUST00000160048.9	9.065e-4	0.02281	0.25	0.5859	-0.3359	Dip2a	GENCODE	full-splice_match	reference_match	FALSE	0.00460963684712008	0.9986928089993516	FALSE
ENSMUSG00000033577.20	ENSMUST00000035889.16	9.098e-4	0.02287	0.2246	0.0603	0.1643	Myo6	GENCODE	full-splice_match	reference_match	FALSE	0.5383109549938812	0.9039266442086666	FALSE
ENSMUSG00000086859.7	ENSMUST00000149822.5	9.289e-4	0.02319	0.6587	0.4458	0.2129	Snhg20	GENCODE	full-splice_match	reference_match	NA	0.8333463245784322	0.5495971767161596	FALSE
ENSMUSG00000086859.7	ENSMUST00000182811.4	9.289e-4	0.02319	0.3332	0.5542	-0.221	Snhg20	GENCODE	full-splice_match	mono-exon	NA	0.8333463245784322	0.5495971767161596	FALSE
ENSMUSG00000107482.3	ESPRESSO:chr7:1370:14	9.39e-4	0.02339	0.2559	0.6228	-0.3669	Etfbl	novel	novel_in_catalog	intron_retention	TRUE	NA	NA	FALSE
ENSMUSG00000033392.18	ESPRESSO:chr9:1751:24	9.497e-4	0.02358	0.8042	0.6968	0.1075	Clasp2	novel	novel_in_catalog	combination_of_known_splicesites	FALSE	0.01869292266899924	0.9931331674321768	FALSE
ENSMUSG00000003198.12	ENSMUST00000224379.2	9.675e-4	0.02397	0.5423	0.4394	0.1029	Zfp959	GENCODE	full-splice_match	reference_match	FALSE	-0.4329262594817875	0.8404290061517238	FALSE
ENSMUSG00000122440.1	ESPRESSO:chr3:941:18	9.749e-4	0.0241	0.5286	0.3872	0.1413	Gm66963	novel	novel_in_catalog	intron_retention	FALSE	NA	NA	FALSE
ENSMUSG00000110234.3	ESPRESSO:chr7:2370:4	9.902e-4	0.02438	0	0.4043	-0.4043	Gm45799	novel	novel_not_in_catalog	at_least_one_novel_splicesite	FALSE	NA	NA	FALSE
ENSMUSG00000028164.17	ENSMUST00000131610.8	9.908e-4	0.02439	0.1512	0.02643	0.1248	Manba	GENCODE	full-splice_match	reference_match	FALSE	-1.7956672222669774	0.2591611390369717	FALSE
ENSMUSG00000021262.17	ESPRESSO:chr12:1434:10	0.001016	0.02485	0.3511	0.4664	-0.1154	Evl	novel	novel_in_catalog	combination_of_known_junctions	FALSE	0.07459589557419043	0.980377074496227	FALSE
ENSMUSG00000039013.18	ENSMUST00000012798.15	0.001016	0.02485	0.3965	0.5318	-0.1354	Siglecf	GENCODE	full-splice_match	reference_match	FALSE	-0.1783686155858508	0.9392630247395924	FALSE
ENSMUSG00000005534.12	ENSMUST00000139504.2	0.001019	0.0249	0.518	0.1507	0.3673	Insr	GENCODE	full-splice_match	reference_match	FALSE	-0.2546113024062979	0.9267784003715271	FALSE
ENSMUSG00000144322.2	ENSMUST00000027232.16	0.001037	0.02523	0.6913	0.8301	-0.1388	Ptp4a1	GENCODE	full-splice_match	reference_match	FALSE	0.05657830229778289	0.9748298670206182	FALSE
ENSMUSG00000019917.12	ENSMUST00000165971.3	0.001049	0.02548	0.6535	0.9447	-0.2912	Septin10	GENCODE	full-splice_match	reference_match	FALSE	NA	NA	FALSE
ENSMUSG00000019917.12	ENSMUST00000432338.1	0.001049	0.02548	0.2989	0	0.2989	Septin10	GENCODE	full-splice_match	reference_match	FALSE	NA	NA	FALSE
ENSMUSG00000033257.16	ENSMUST00000449258.1	0.001066	0.02574	0.3298	0.1741	0.1557	Ttll4	GENCODE	full-splice_match	reference_match	FALSE	-0.15105928149100378	0.942682747591764	FALSE
ENSMUSG00000052056.16	ENSMUST00000063710.13	0.00107	0.02582	0.3385	0.2012	0.1374	Zfp217	GENCODE	full-splice_match	reference_match	FALSE	0.28728628969371334	0.8409731295191649	FALSE
ENSMUSG00000033752.9	ENSMUST00000390775.1	0.001089	0.02619	0.116	0	0.116	Mnd1	GENCODE	full-splice_match	reference_match	FALSE	0.10501668074081164	0.9741170415936116	FALSE
ENSMUSG00000026500.8	ENSMUST00000154437.2	0.001091	0.02623	0.2776	0.4048	-0.1272	Cox20	GENCODE	full-splice_match	reference_match	NA	1.1876737620898383	0.22340549057180115	FALSE
ENSMUSG00000039474.15	ENSMUST00000043964.13	0.001126	0.02686	0.7896	0.9608	-0.1712	Wfs1	GENCODE	full-splice_match	reference_match	FALSE	0.2635726413026523	0.9323866483560684	FALSE
ENSMUSG00000039474.15	ENSMUST00000419902.1	0.001126	0.02686	0.1896	0	0.1896	Wfs1	GENCODE	full-splice_match	reference_match	FALSE	0.2635726413026523	0.9323866483560684	FALSE
ENSMUSG00000037287.17	ENSMUST00000066148.13	0.001138	0.02706	0.6344	0.5137	0.1207	Tbcel	GENCODE	full-splice_match	reference_match	FALSE	0.5331484434941844	0.8313658762055647	FALSE
ENSMUSG00000099913.2	ESPRESSO:chr1:564:4	0.001138	0.02706	0.08471	0.3012	-0.2165	Gm28551	novel	novel_not_in_catalog	at_least_one_novel_splicesite	FALSE	NA	NA	FALSE
ENSMUSG00000040710.12	ENSMUST00000189556.3	0.001141	0.02712	0.3512	0.2077	0.1435	St8sia4	GENCODE	full-splice_match	reference_match	FALSE	-1.0679606050973818	0.5933946345841343	FALSE
ENSMUSG00000052146.18	ENSMUST00000114882.9	0.001148	0.02725	0.5828	0.4371	0.1457	Rps10	GENCODE	full-splice_match	reference_match	FALSE	1.0169192633731958	0.1526126650268548	FALSE
ENSMUSG00000051451.8	ENSMUST00000061767.5	0.001154	0.02736	0.1138	0.2687	-0.1549	Crebzf	GENCODE	full-splice_match	mono-exon	NA	-0.8125101769414699	0.4506009288936405	FALSE
ENSMUSG00000117819.2	ESPRESSO:chr17:465:8	0.001154	0.02736	0.4284	0.1676	0.2608	Gm50253	novel	novel_not_in_catalog	at_least_one_novel_splicesite	TRUE	NA	NA	FALSE
ENSMUSG00000049807.18	ESPRESSO:chr11:1551:1	0.001163	0.02751	0.08142	0.2415	-0.1601	Arhgap23	novel	novel_not_in_catalog	at_least_one_novel_splicesite	FALSE	0.9254825217261377	0.5690422753295746	FALSE
ENSMUSG00000021366.10	ESPRESSO:chr13:670:5	0.001191	0.02802	0.2986	0.4735	-0.1749	Hivep1	novel	novel_in_catalog	intron_retention	FALSE	0.08179874349716942	0.9741170415936116	FALSE
ENSMUSG00000064030.17	ENSMUST00000065210.11	0.001194	0.02806	0.242	0.1188	0.1231	Pym1	GENCODE	full-splice_match	reference_match	FALSE	-0.5140461833533244	0.7664226017214184	FALSE
ENSMUSG00000033871.16	ENSMUST00000075299.14	0.00122	0.02852	0.6632	0.8203	-0.1572	Ppargc1b	GENCODE	full-splice_match	reference_match	FALSE	-0.2653064256848863	0.8780308662049552	FALSE
ENSMUSG00000048652.14	ESPRESSO:chr3:1895:5	0.001249	0.02902	0.5583	0.08062	0.4777	Samd13	novel	fusion	intron_retention	NA	NA	NA	FALSE
ENSMUSG00000041658.14	ENSMUST00000039720.12	0.001258	0.02917	0.0589	0.2045	-0.1456	Rragb	GENCODE	full-splice_match	reference_match	FALSE	-0.01344422482329676	0.9949308490851988	FALSE
ENSMUSG00000056476.15	ENSMUST00000040846.16	0.001271	0.02941	0.4931	0.2887	0.2044	Med12l	GENCODE	full-splice_match	reference_match	FALSE	0.3602043478505386	0.8921268882970996	FALSE
ENSMUSG00000140910.1	ESPRESSO:chr17:318:8	0.001281	0.02959	0.3535	0.2302	0.1233	Gm9805	novel	novel_in_catalog	combination_of_known_splicesites	FALSE	0.6139436169722434	0.7027162003185177	FALSE
ENSMUSG00000057982.10	ENSMUST00000215618.3	0.0012979999999999999	0.02985	0.4063	0.5223	-0.116	Zfp809	GENCODE	full-splice_match	reference_match	FALSE	0.3909880647728384	0.7635729964145824	FALSE
ENSMUSG00000002486.17	ENSMUST00000094441.12	0.001301	0.02989	0.4643	0.6271	-0.1628	Tchp	GENCODE	full-splice_match	reference_match	FALSE	0.16735653781909943	0.929008839027585	FALSE
ENSMUSG00000018986.12	ENSMUST00000019130.9	0.001312	0.03009	0.5769	0.4316	0.1453	Slfn3	GENCODE	full-splice_match	reference_match	FALSE	0.21381796761630828	0.9185033611150136	FALSE
ENSMUSG00000033364.15	ENSMUST00000044260.12	0.001317	0.03018	0.5587	0.4268	0.1319	Usp37	GENCODE	full-splice_match	reference_match	FALSE	0.04880148243459799	0.9821303947258286	FALSE
ENSMUSG00000044197.10	ENSMUST00000051293.8	0.001323	0.03027	0.6039	0.4537	0.1501	Gpr146	GENCODE	full-splice_match	reference_match	FALSE	-0.14905830301779843	0.939352264712714	FALSE
ENSMUSG00000015013.11	ENSMUST00000211904.2	0.001326	0.03034	0.06014	0.198	-0.1378	Trappc2l	GENCODE	full-splice_match	reference_match	FALSE	0.393682643582296	0.8341853980813375	FALSE
ENSMUSG00000021257.17	ENSMUST00000021682.9	0.001368	0.03106	0.7655	0.6142	0.1513	Angel1	GENCODE	full-splice_match	reference_match	FALSE	0.04142778404354409	0.985542174086416	FALSE
ENSMUSG00000021636.18	ENSMUST00000022137.15	0.001384	0.03132	0.3189	0.04654	0.2724	Marveld2	GENCODE	full-splice_match	reference_match	FALSE	0.37358927231124217	0.9326916094134964	FALSE
ENSMUSG00000021636.18	ENSMUST00000225754.3	0.001384	0.03132	0.6356	0.9149	-0.2794	Marveld2	GENCODE	full-splice_match	reference_match	FALSE	0.37358927231124217	0.9326916094134964	FALSE
ENSMUSG00000002416.15	ENSMUST00000135671.9	0.0014	0.0316	0.6933	0.5392	0.1541	Ndufb2	GENCODE	full-splice_match	reference_match	NA	1.4591278839803004	0.03235063795916464	TRUE
ENSMUSG00000117809.2	ESPRESSO:chr1:564:19	0.001411	0.03177	0.5333	0.2836	0.2498	Asdurf	novel	novel_in_catalog	intron_retention	TRUE	-0.301273762675868	0.9337633298412096	FALSE
ENSMUSG00000090290.4	ENSMUST00000170518.3	0.001418	0.0319	0.4268	0.5868	-0.1601	Tarbp1	GENCODE	full-splice_match	reference_match	FALSE	-0.26167498608892464	0.9136587804799592	FALSE
ENSMUSG00000045519.17	ENSMUST00000143992.3	0.001422	0.03194	0.4675	0.1911	0.2763	Zfp560	GENCODE	full-splice_match	reference_match	NA	-0.11606667172340898	0.9741170415936116	FALSE
ENSMUSG00000001134.11	ESPRESSO:chrX:268:9	0.001493	0.0331	0.1122	0.2557	-0.1436	Uxt	novel	novel_in_catalog	intron_retention	FALSE	0.6902998103649848	0.7027162003185177	FALSE
ENSMUSG00000087120.4	ENSMUST00000251151.1	0.00151	0.03339	0	0.1902	-0.1902	Gm12279	GENCODE	full-splice_match	reference_match	NA	NA	NA	FALSE
ENSMUSG00000105340.6	ESPRESSO:chr5:1569:30	0.00152	0.03358	0.6235	0.1971	0.4264	Gm42878	novel	novel_in_catalog	combination_of_known_junctions	FALSE	NA	NA	FALSE
ENSMUSG00000020261.17	ENSMUST00000108872.10	0.001528	0.03369	0.4199	0.5839	-0.164	Slc36a1	GENCODE	full-splice_match	reference_match	FALSE	-0.17910964870041204	0.9553441940608728	FALSE
ENSMUSG00000022807.11	ENSMUST00000039733.11	0.001527	0.03369	0.592	0.48	0.1121	Osbpl11	GENCODE	full-splice_match	reference_match	FALSE	0.2879278149638379	0.8176060342246907	FALSE
ENSMUSG00000036882.9	ENSMUST00000443621.1	0.001545	0.03397	0.3721	0.1123	0.2597	Arhgap33	GENCODE	full-splice_match	reference_match	TRUE	-0.5515935527562644	0.8174812763630072	FALSE
ENSMUSG00000030967.17	ENSMUST00000033265.6	0.001563	0.03422	0.6191	0.736	-0.117	Zranb1	GENCODE	full-splice_match	reference_match	FALSE	0.19258362071533897	0.9399612575486084	FALSE
ENSMUSG00000025731.18	ENSMUST00000169308.9	0.001566	0.03427	0.2996	0.4456	-0.1461	Mettl26	GENCODE	full-splice_match	reference_match	FALSE	-0.03760101486092977	0.986555394286664	FALSE
ENSMUSG00000144222.1	ENSMUST00000100540.10	0.001568	0.0343	0.3979	0.2737	0.1242	Gm57848	GENCODE	full-splice_match	reference_match	FALSE	-0.03766994132760262	0.9931416147608088	FALSE
ENSMUSG00000014418.18	ENSMUST00000014562.15	0.001576	0.0344	0.433	0.3178	0.1153	Hps5	GENCODE	full-splice_match	reference_match	FALSE	0.1922529416831891	0.9184821265832304	FALSE
ENSMUSG00000027684.18	ENSMUST00000463508.1	0.001576	0.0344	0.1201	0	0.1201	Mecom	GENCODE	full-splice_match	reference_match	FALSE	0.2166562279286877	0.9562290328218258	FALSE
ENSMUSG00000067847.15	ENSMUST00000109597.11	0.001582	0.03448	0.1184	0	0.1184	Romo1	GENCODE	full-splice_match	reference_match	NA	2.580788817704191	0.02513329275159671	TRUE
ENSMUSG00000045519.17	ENSMUST00000444420.1	0.001593	0.03463	0	0.1096	-0.1096	Zfp560	GENCODE	full-splice_match	reference_match	FALSE	-0.11606667172340898	0.9741170415936116	FALSE
ENSMUSG00000078878.11	ENSMUST00000108980.10	0.001617	0.03505	0.4496	0.5684	-0.1188	Gm14305	GENCODE	full-splice_match	reference_match	NA	-0.1575514518071166	0.9273278314145104	FALSE
ENSMUSG00000028414.19	ENSMUST00000543752.1	0.001618	0.03506	0.089	0.2317	-0.1427	Fktn	GENCODE	full-splice_match	reference_match	FALSE	0.3339271402546767	0.8856705118917012	FALSE
ENSMUSG00000042312.13	ENSMUST00000508924.1	0.001621	0.03509	0.04912	0.2944	-0.2453	S100a13	GENCODE	full-splice_match	reference_match	FALSE	1.2455881066507533	0.40981120270159194	FALSE
ENSMUSG00000042312.13	ENSMUST00000575085.1	0.001621	0.03509	0.9419	0.7056	0.2363	S100a13	GENCODE	full-splice_match	reference_match	FALSE	1.2455881066507533	0.40981120270159194	FALSE
ENSMUSG00000054843.11	ENSMUST00000421212.1	0.001621	0.03509	0.1085	0.375	-0.2665	Atrnl1	GENCODE	full-splice_match	reference_match	FALSE	0.17562360759766182	0.942682747591764	FALSE
ENSMUSG00000033790.13	ENSMUST00000549073.1	0.001625	0.03516	0.229	0.06748	0.1615	Tubgcp5	GENCODE	full-splice_match	reference_match	FALSE	-1.0210046371011048	0.6680487438881348	FALSE
ENSMUSG00000054051.9	ENSMUST00000383643.1	0.00163	0.03524	0.07778	0.2975	-0.2198	Ercc6	GENCODE	full-splice_match	reference_match	FALSE	-0.7624127967598882	0.7664226017214184	FALSE
ENSMUSG00000042684.10	ENSMUST00000402902.1	0.001633	0.03527	0.2013	0.01097	0.1903	Npl	GENCODE	full-splice_match	reference_match	FALSE	-1.499426376155188	0.5611750550583631	FALSE
ENSMUSG00000097537.5	ENSMUST00000244248.2	0.001635	0.0353	0	0.375	-0.375	2610020C07Rik	GENCODE	full-splice_match	reference_match	FALSE	NA	NA	FALSE
ENSMUSG00000032737.15	ENSMUST00000165052.9	0.001668	0.0358	0.08333	0.4247	-0.3413	Inppl1	GENCODE	full-splice_match	reference_match	FALSE	-0.5428032985579436	0.8142198648331771	FALSE
ENSMUSG00000089669.9	ENSMUST00000018896.15	0.001673	0.03589	0.9076	0.7466	0.161	Tnfsf13	GENCODE	full-splice_match	reference_match	FALSE	-0.1896202822282108	0.9326916094134964	FALSE
ENSMUSG00000064043.17	ENSMUST00000540436.1	0.001693	0.03619	0.03447	0.1948	-0.1603	Trerf1	GENCODE	full-splice_match	reference_match	FALSE	0.477312897212989	0.8031806070929252	FALSE
ENSMUSG00000046456.16	ENSMUST00000086363.6	0.001705	0.03636	0.2971	0.5464	-0.2493	Tmem150b	GENCODE	full-splice_match	reference_match	FALSE	-0.9794939071728622	0.6478182798522705	FALSE
ENSMUSG00000027130.17	ENSMUST00000028549.15	0.001731	0.03672	0.3452	0.4491	-0.104	Slc12a6	GENCODE	full-splice_match	reference_match	FALSE	0.19976206265012836	0.9136587804799592	FALSE
ENSMUSG00000050945.10	ENSMUST00000234241.3	0.001747	0.03697	0.75	0.5754	0.1746	Zfp438	GENCODE	full-splice_match	reference_match	FALSE	-0.3846240842237437	0.7878706746065406	FALSE
ENSMUSG00000032998.18	ENSMUST00000044564.16	0.001749	0.037	0.4645	0.6028	-0.1383	Foxj3	GENCODE	full-splice_match	reference_match	FALSE	0.10069495062326372	0.9741170415936116	FALSE
ENSMUSG00000034903.20	ENSMUST00000502786.1	0.001754	0.03707	0.02724	0.245	-0.2178	Cobll1	GENCODE	full-splice_match	reference_match	FALSE	0.0197061258167782	0.9958182243807808	FALSE
ENSMUSG00000020131.16	ESPRESSO:chr10:961:10	0.001762	0.03721	0	0.1606	-0.1606	Pcsk4	novel	novel_in_catalog	intron_retention	NA	-0.4520008493168259	0.8921030321301071	FALSE
ENSMUSG00000044258.12	ENSMUST00000021880.10	0.00178	0.03745	0.6015	0.4697	0.1318	Ctla2a	GENCODE	full-splice_match	reference_match	FALSE	0.6478087141501521	0.6058770834064511	FALSE
ENSMUSG00000055991.17	ENSMUST00000085671.11	0.001791	0.03764	0.5591	0.6925	-0.1334	Zkscan5	GENCODE	full-splice_match	reference_match	FALSE	0.04676727754810049	0.9776916549909992	FALSE
ENSMUSG00000002346.19	ENSMUST00000134596.2	0.001792	0.03765	0.1755	0.05629	0.1192	Slc25a42	GENCODE	full-splice_match	reference_match	FALSE	-1.0112275506831083	0.4696843838064525	FALSE
ENSMUSG00000062373.10	ENSMUST00000072113.7	0.001801	0.03776	0.9712	0.8378	0.1334	Tmem65	GENCODE	full-splice_match	reference_match	FALSE	0.1491580073721081	0.9590113641742792	FALSE
ENSMUSG00000054387.15	ENSMUST00000188090.7	0.001822	0.03809	0.2862	0.3993	-0.1131	Mdm4	GENCODE	full-splice_match	reference_match	FALSE	-0.20707840257547455	0.9106015128196532	FALSE
ENSMUSG00000100280.5	ENSMUST00000357564.1	0.001823	0.0381	0	0.4556	-0.4556	Gm28417	GENCODE	full-splice_match	reference_match	NA	NA	NA	FALSE
ENSMUSG00000022246.16	ENSMUST00000413072.1	0.001843	0.03839	0.1988	0.05887	0.14	Rai14	GENCODE	full-splice_match	reference_match	FALSE	0.7252454316154578	0.6378898655085247	FALSE
ENSMUSG00000020642.15	ENSMUST00000062149.7	0.001861	0.03864	0.6216	0.5126	0.109	Rnf144a	GENCODE	full-splice_match	reference_match	FALSE	0.3671187311669354	0.7832645667833729	FALSE
ENSMUSG00000020604.15	ESPRESSO:chr11:1904:41	0.001869	0.03879	0.1771	0.02225	0.1549	Arsg	novel	novel_not_in_catalog	at_least_one_novel_splicesite	FALSE	-0.13330181125366788	0.9627739357675263	FALSE
ENSMUSG00000030882.21	ESPRESSO:chr7:2370:4	0.001872	0.03883	0	0.4272	-0.4272	Dnhd1	novel	novel_not_in_catalog	at_least_one_novel_splicesite	FALSE	NA	NA	FALSE
ENSMUSG00000120024.2	ENSMUST00000241065.2	0.001904	0.03927	0.1333	0.8202	-0.6869	Gm53692	GENCODE	full-splice_match	reference_match	NA	NA	NA	FALSE
ENSMUSG00000120024.2	ENSMUST00000246004.1	0.001904	0.03927	0.6333	0.08889	0.5444	Gm53692	GENCODE	full-splice_match	reference_match	NA	NA	NA	FALSE
ENSMUSG00000068686.15	ENSMUST00000129749.9	0.001906	0.03931	0.6889	0.2333	0.4556	Cd59b	GENCODE	full-splice_match	reference_match	FALSE	NA	NA	FALSE
ENSMUSG00000027387.13	ENSMUST00000028866.10	0.001911	0.03938	0.4522	0.5589	-0.1067	Zc3h8	GENCODE	full-splice_match	reference_match	FALSE	-0.29476292989410946	0.8088171231746034	FALSE
ENSMUSG00000035235.15	ENSMUST00000039562.9	0.001911	0.03938	0.4481	0.5517	-0.1036	Trim13	GENCODE	full-splice_match	reference_match	FALSE	-0.00333737845051225	0.9986874550349408	FALSE
ENSMUSG00000040511.16	ENSMUST00000043517.8	0.001917	0.03947	0.1259	0.4219	-0.296	Pvr	GENCODE	full-splice_match	reference_match	FALSE	-1.2579645836272928	0.726453561171298	FALSE
ENSMUSG00000042302.16	ENSMUST00000549751.1	0.00193	0.03966	0.02728	0.16	-0.1327	Ehbp1	GENCODE	full-splice_match	reference_match	FALSE	-0.08677721979812289	0.97703770993431	FALSE
ENSMUSG00000118134.4	ENSMUST00000291265.1	0.001936	0.03974	0	0.3889	-0.3889	4930549G23Rik	GENCODE	full-splice_match	reference_match	NA	NA	NA	FALSE
ENSMUSG00000071573.16	ENSMUST00000096114.13	0.00195	0.03994	0.8451	0.7329	0.1122	Rnls	GENCODE	full-splice_match	reference_match	FALSE	0.2046399675597713	0.906309188189705	FALSE
ENSMUSG00000087590.5	ENSMUST00000146010.5	0.001975	0.04031	0.4891	0.1783	0.3109	Epb41l4aos	GENCODE	full-splice_match	reference_match	NA	0.6928140169740955	0.7523288819366841	FALSE
ESPRESSO:chr18:804	ESPRESSO:chr18:804:3	0.001981	0.04041	0.02564	0.1526	-0.1269	NA	novel	genic_intron	multi-exon	NA	NA	NA	FALSE
ENSMUSG00000020642.15	ENSMUST00000020971.15	0.002015	0.04086	0.3391	0.4521	-0.113	Rnf144a	GENCODE	full-splice_match	reference_match	FALSE	0.3671187311669354	0.7832645667833729	FALSE
ENSMUSG00000021271.7	ENSMUST00000222460.2	0.002023	0.041	0.2348	0.09029	0.1445	Zfp839	GENCODE	full-splice_match	reference_match	FALSE	0.15819420345911753	0.9513534859616952	FALSE
ENSMUSG00000064030.17	ENSMUST00000163377.11	0.002038	0.04119	0.5948	0.7106	-0.1158	Pym1	GENCODE	full-splice_match	reference_match	FALSE	-0.5140461833533244	0.7664226017214184	FALSE
ENSMUSG00000121871.2	ESPRESSO:chr2:2752:40	0.002038	0.04119	0.01667	0.2242	-0.2076	Slc2a4rg-ps	novel	fusion	intron_retention	TRUE	NA	NA	FALSE
ENSMUSG00000036743.6	ENSMUST00000040860.4	0.002051	0.04139	0.7875	0.6836	0.1039	Psma8	GENCODE	full-splice_match	reference_match	FALSE	-0.6164717765415574	0.5683726104180195	FALSE
ENSMUSG00000022667.20	ENSMUST00000057488.16	0.002055	0.04146	0.6704	0.7834	-0.113	Cd200r1	GENCODE	full-splice_match	reference_match	FALSE	0.01487079846773168	0.9943208514884936	FALSE
ENSMUSG00000111692.2	ESPRESSO:chr9:237:39	0.002061	0.04157	0.1996	0.6646	-0.465	Gm49373	novel	novel_in_catalog	intron_retention	TRUE	NA	NA	FALSE
ENSMUSG00000022297.17	ENSMUST00000179165.10	0.002072	0.04172	0.7431	0.544	0.199	Fzd6	GENCODE	full-splice_match	reference_match	FALSE	0.3362862310015544	0.9140039280313456	FALSE
ENSMUSG00000030591.19	ENSMUST00000182328.8	0.002089	0.04198	0.7892	0.6193	0.1699	Psmd8	GENCODE	full-splice_match	reference_match	FALSE	-0.06467319375137065	0.9609780401746648	FALSE
ENSMUSG00000037108.15	ENSMUST00000035852.15	0.002089	0.04198	0.5108	0.6147	-0.1039	Zcwpw1	GENCODE	full-splice_match	reference_match	FALSE	-0.3373960679925457	0.8439061644673073	FALSE
ENSMUSG00000024867.16	ENSMUST00000025800.16	0.002109	0.04222	0.7674	0.8828	-0.1154	Pip5k1b	GENCODE	full-splice_match	reference_match	FALSE	-0.9716667396721866	0.32950970183742534	FALSE
ENSMUSG00000054690.19	ENSMUST00000119475.7	0.002119	0.04237	0	0.2487	-0.2487	Emcn	GENCODE	full-splice_match	reference_match	FALSE	-0.6993765132682479	0.8377106837760565	FALSE
ENSMUSG00000055150.17	ENSMUST00000207347.3	0.002124	0.04243	0.8317	0.6758	0.1559	Zfp78	GENCODE	full-splice_match	reference_match	FALSE	-0.26839524257075137	0.9136587804799592	FALSE
ENSMUSG00000063550.10	ENSMUST00000433978.1	0.00213	0.04248	0.09212	0.1937	-0.1016	Nup98	GENCODE	full-splice_match	reference_match	FALSE	-0.3309087425862673	0.8759598143802491	FALSE
ENSMUSG00000016833.16	ENSMUST00000016977.16	0.00214	0.04262	0.8548	0.7399	0.1149	Mrps18c	GENCODE	full-splice_match	reference_match	FALSE	1.3081670105898366	0.09792922881036986	FALSE
ENSMUSG00000043885.16	ENSMUST00000061568.10	0.002141	0.04264	0.6319	0.4906	0.1413	Slc36a4	GENCODE	full-splice_match	reference_match	FALSE	-0.2736166305524737	0.9207397086995482	FALSE
ENSMUSG00000039824.6	ENSMUST00000440207.1	0.002165	0.043	0.4194	0.1199	0.2995	Myl6b	GENCODE	full-splice_match	reference_match	FALSE	0.0960239652967261	0.9741170415936116	FALSE
ENSMUSG00000022543.13	ENSMUST00000229669.3	0.00219	0.04334	0	0.2065	-0.2065	Dnaaf8	GENCODE	full-splice_match	reference_match	TRUE	-0.6770806111314807	0.8073567026171939	FALSE
ENSMUSG00000031938.17	ENSMUST00000178977.10	0.002245	0.04414	0.5293	0.6438	-0.1145	4931406C07Rik	GENCODE	full-splice_match	reference_match	FALSE	-0.02051449782586642	0.9919069737030825	FALSE
ENSMUSG00000121597.1	ESPRESSO:chr5:1293:30	0.002279	0.04459	0.05034	0.2118	-0.1614	ENSMUSG00000121597	novel	novel_in_catalog	intron_retention	FALSE	0.5228741342942281	0.9553441940608728	FALSE
ENSMUSG00000036411.12	ESPRESSO:chr9:272:1	0.002295	0.04481	0.07385	0.214	-0.1402	Matcap2	novel	novel_not_in_catalog	at_least_one_novel_splicesite	FALSE	-0.3749661577436039	0.875545191461656	FALSE
ENSMUSG00000026826.15	ENSMUST00000542152.1	0.002304	0.04494	0.4684	0.1582	0.3102	Nr4a2	GENCODE	full-splice_match	reference_match	FALSE	NA	NA	FALSE
ENSMUSG00000030199.18	ENSMUST00000081028.14	0.002336	0.0454	0.4821	0.3339	0.1482	Etv6	GENCODE	full-splice_match	reference_match	FALSE	-0.6507392686724769	0.6176682333059236	FALSE
ENSMUSG00000025357.10	ENSMUST00000026414.10	0.002341	0.04545	0.6613	0.7895	-0.1281	Dgka	GENCODE	full-splice_match	reference_match	FALSE	-0.06325949502118768	0.9776916549909992	FALSE
ENSMUSG00000036779.15	ENSMUST00000249924.2	0.002342	0.04546	0.533	0.6411	-0.1081	Tent4b	GENCODE	full-splice_match	reference_match	FALSE	0.36047588057151503	0.793284133154067	FALSE
ENSMUSG00000085241.8	ENSMUST00000141090.8	0.002367	0.04581	0.06371	0.2147	-0.151	Snhg3	GENCODE	full-splice_match	reference_match	NA	1.572163290585183	0.15318125205978608	FALSE
ENSMUSG00000039713.19	ENSMUST00000105661.10	0.002416	0.04647	0.07124	0.1918	-0.1205	Plekhg5	GENCODE	full-splice_match	reference_match	FALSE	0.25889644286777713	0.9260354800061285	FALSE
ENSMUSG00000097277.10	ENSMUST00000321398.1	0.002418	0.0465	0.1469	0.02968	0.1172	2900076A07Rik	GENCODE	full-splice_match	reference_match	NA	-0.571740334559624	0.800946926422799	FALSE
ENSMUSG00000028909.19	ENSMUST00000537417.1	0.002432	0.04672	0.07317	0.3046	-0.2314	Ptpru	GENCODE	full-splice_match	reference_match	FALSE	0.05487327651484994	0.9866711711470252	FALSE
ENSMUSG00000029804.19	ESPRESSO:chr6:765:1	0.002449	0.04694	0.1486	0.03333	0.1152	Herc3	novel	novel_in_catalog	combination_of_known_junctions	FALSE	-0.818229267706877	0.6813364917740855	FALSE
ENSMUSG00000107023.3	ESPRESSO:chr7:2775:6	0.002451	0.04697	0.2533	0.05505	0.1982	Gm42715	novel	fusion	multi-exon	TRUE	NA	NA	FALSE
ENSMUSG00000028909.19	ENSMUST00000105987.10	0.002483	0.04739	0.4915	0.2347	0.2568	Ptpru	GENCODE	full-splice_match	reference_match	FALSE	0.05487327651484994	0.9866711711470252	FALSE
ENSMUSG00000002227.17	ENSMUST00000168015.9	0.002522	0.04792	0.3439	0.4686	-0.1247	Mov10	GENCODE	full-splice_match	reference_match	FALSE	0.21509368457731304	0.904062225847976	FALSE
ENSMUSG00000025731.18	ENSMUST00000026827.16	0.002537	0.04813	0.6784	0.5434	0.135	Mettl26	GENCODE	full-splice_match	reference_match	FALSE	-0.03760101486092977	0.986555394286664	FALSE
ENSMUSG00000038543.15	ENSMUST00000145949.8	0.002544	0.04821	0.5324	0.3806	0.1518	BC028528	GENCODE	full-splice_match	reference_match	FALSE	-0.11070710459135472	0.9741170415936116	FALSE
ENSMUSG00000046516.12	ENSMUST00000144812.2	0.002553	0.04832	0.08581	0.2276	-0.1418	Cox17	GENCODE	full-splice_match	reference_match	NA	1.1851469689859124	0.164963537421631	FALSE
ENSMUSG00000039221.12	ENSMUST00000043867.11	0.002561	0.04842	0.2063	0.1056	0.1008	Rpl22l1	GENCODE	full-splice_match	reference_match	FALSE	0.6169038522850305	0.5011943026114422	FALSE
ENSMUSG00000021423.8	ENSMUST00000021860.7	0.002592	0.04883	0.4758	0.666	-0.1902	Ly86	GENCODE	full-splice_match	reference_match	FALSE	-0.3964956643547125	0.935884833487098	FALSE
ENSMUSG00000021423.8	ENSMUST00000225716.2	0.002592	0.04883	0.5242	0.334	0.1902	Ly86	GENCODE	full-splice_match	mono-exon	NA	-0.3964956643547125	0.935884833487098	FALSE
ENSMUSG00000120201.2	ENSMUST00000241848.2	0.002598	0.0489	0.8	0.1111	0.6889	Gm40630	GENCODE	full-splice_match	reference_match	NA	NA	NA	FALSE
ENSMUSG00000120201.2	ENSMUST00000360185.1	0.002598	0.0489	0.2	0.7778	-0.5778	Gm40630	GENCODE	full-splice_match	reference_match	NA	NA	NA	FALSE
ENSMUSG00000048495.18	ENSMUST00000162686.9	0.002644	0.04945	0.4169	0.5316	-0.1148	Tyw5	GENCODE	full-splice_match	reference_match	FALSE	-0.2437246212357765	0.8341853980813375	FALSE
ENSMUSG00000020170.6	ENSMUST00000020381.6	0.002658	0.04961	0.6522	0.3432	0.3091	Frs2	GENCODE	full-splice_match	reference_match	FALSE	-0.32002520005999113	0.9136587804799592	FALSE
ENSMUSG00000020170.6	ENSMUST00000219483.2	0.002658	0.04961	0.307	0.6061	-0.2991	Frs2	GENCODE	full-splice_match	reference_match	NA	-0.32002520005999113	0.9136587804799592	FALSE
